category,file,line,reference,usage
docs,docs/database-migrations.md,8,AppDbContext,| AppDbContext | DefaultConnection | dbo | dbo.__EFMigrationsHistory |
docs,docs/database-migrations.md,10,ArticlesDbContext,| ArticlesDbContext | ArticlesOltpConnection | dbo | dbo.__EFMigrationsHistoryArticles |
docs,docs/database-migrations.md,12,AppDbContext,"`IndexingSources` pertenece a AppDbContext y se comparte con artículos. Artículos mapea su propiedad `IndexingSourceId` a la columna `Id` y no migra ese catálogo. Al crear una base nueva, ejecutar AppDbContext antes de ArticlesDbContext y apuntar ambos a la misma base."
docs,docs/database-migrations.md,12,AppDbContext,"`IndexingSources` pertenece a AppDbContext y se comparte con artículos. Artículos mapea su propiedad `IndexingSourceId` a la columna `Id` y no migra ese catálogo. Al crear una base nueva, ejecutar AppDbContext antes de ArticlesDbContext y apuntar ambos a la misma base."
docs,docs/database-migrations.md,12,ArticlesDbContext,"`IndexingSources` pertenece a AppDbContext y se comparte con artículos. Artículos mapea su propiedad `IndexingSourceId` a la columna `Id` y no migra ese catálogo. Al crear una base nueva, ejecutar AppDbContext antes de ArticlesDbContext y apuntar ambos a la misma base."
docs,docs/database-migrations.md,17,AppDbContext,dotnet ef migrations add NombreDelCambio --context AppDbContext --output-dir Migrations -- --environment Development
docs,docs/database-migrations.md,19,ArticlesDbContext,dotnet ef migrations add NombreDelCambioArticulos --context ArticlesDbContext --output-dir Migrations/Articles -- --environment Development
docs,docs/database-migrations.md,25,AppDbContext,dotnet ef database update --context AppDbContext -- --environment Development
docs,docs/database-migrations.md,27,ArticlesDbContext,dotnet ef database update --context ArticlesDbContext -- --environment Development
docs,docs/unified-dide-final.md,7,IdentityUser<int>,"- `tesisproject.backend/Data/UnifiedDideDbContext.cs`: hereda de `IdentityDbContext<IdentityUser<int>, IdentityRole<int>, int>`, constructor normal y llamada a `base.OnModelCreating`. Selecciona únicamente `UnifiedConfigurations` por namespace y aplica `NoAction` a todas las FK al finalizar."
docs,docs/unified-dide-final.md,24,AcademicPeriodId,"| AcademicTerm | PK local, ExternalPeriodId, Name, StartDate, EndDate y LastSyncedAt. La propiedad `Visit.AcademicPeriodId` se renombra a `AcademicTermId`, igual que Article. |"
docs,docs/unified-dide-final.md,31,ArticleParticipants,## Campos heredados de ArticleParticipants
docs,docs/unified-dide-final.md,76,AppDbContext,"| Contratos del modelo | **211 comprobaciones correctas**, incluyendo cobertura de todas las entidades de AppDbContext/ArticlesDbContext y sus dos reemplazos, aislamiento de tipos, snapshot actualizado y ausencia de DW/cascadas/columnas ocultas. |"
docs,docs/unified-dide-final.md,76,ArticlesDbContext,"| Contratos del modelo | **211 comprobaciones correctas**, incluyendo cobertura de todas las entidades de AppDbContext/ArticlesDbContext y sus dos reemplazos, aislamiento de tipos, snapshot actualizado y ausencia de DW/cascadas/columnas ocultas. |"
docs,docs/unified-dide-final.md,80,ArticleParticipants,| Tablas sustituidas | No existen ArticleParticipants ni ArticleParticipantDynamicFieldValues. |
docs,docs/unified-dide-final.md,80,ArticleParticipantDynamicFieldValues,| Tablas sustituidas | No existen ArticleParticipants ni ArticleParticipantDynamicFieldValues. |
docs,docs/unified-dide-poc.md,45,ArticleParticipants,## Destino de ArticleParticipants
docs,docs/unified-dide-poc.md,65,ArticleParticipant,`ArticleParticipant` original continúa intacto y presente en `ArticlesDbContext`; no existe en Unified. Los snapshots no sustituyen las fuentes actuales ni disparan sincronización.
docs,docs/unified-dide-poc.md,65,ArticlesDbContext,`ArticleParticipant` original continúa intacto y presente en `ArticlesDbContext`; no existe en Unified. Los snapshots no sustituyen las fuentes actuales ni disparan sincronización.
docs,docs/unified-dide-poc.md,72,AcademicPeriodId,"| Períodos | `ExternalAcademicPeriodModel`: PeriodId, Name, StartDate, EndDate. `AcademicTerm` conserva PK local y agrega ExternalPeriodId UNIQUE nullable, fechas y LastSyncedAt. Fechas ambas ausentes o ambas presentes en orden correcto mediante CHECK, para permitir registros locales aún no conciliados. Visits.AcademicPeriodId y Articles.AcademicTermId apuntan a este mismo catálogo. |"
legacy no usado (excluido del backend),tesisproject.backend/ArticlesMigration/Configuration/ServiceCollectionExtensions.cs,47,AppDbContext,services.AddDbContext<AppDbContext>(opt =>
legacy no usado (excluido del backend),tesisproject.backend/ArticlesMigration/Configuration/ServiceCollectionExtensions.cs,116,AppDbContext,.AddEntityFrameworkStores<AppDbContext>()
legacy no usado (excluido del backend),tesisproject.backend/ArticlesMigration/Configuration/WebApplicationExtensions.cs,42,AppDbContext,var db = scope.ServiceProvider.GetRequiredService<AppDbContext>();
legacy no usado (excluido del backend),tesisproject.backend/ArticlesMigration/Configuration/WebApplicationExtensions.cs,154,AppDbContext,"private static async Task EnsureIdentitySchemaAsync(AppDbContext db, ILogger logger)"
legacy no usado (excluido del backend),tesisproject.backend/ArticlesMigration/Configuration/WebApplicationExtensions.cs,281,AppDbContext,"private static async Task EnsureRegistrationMatrixModuleTablesAsync(AppDbContext db, ILogger logger)"
legacy no usado (excluido del backend),tesisproject.backend/ArticlesMigration/Configuration/WebApplicationExtensions.cs,367,AppDbContext,"private static async Task EnsureInstitutionalSettingsSchemaAsync(AppDbContext db, ILogger logger)"
legacy no usado (excluido del backend),tesisproject.backend/ArticlesMigration/Configuration/WebApplicationExtensions.cs,391,AppDbContext,"private static async Task EnsureWorkflowModuleSchemaAsync(AppDbContext db, ILogger logger)"
legacy no usado (excluido del backend),tesisproject.backend/ArticlesMigration/Controllers/Modules/CatalogAdministration/CatalogsController.cs,24,AppDbContext,private readonly AppDbContext _db;
legacy no usado (excluido del backend),tesisproject.backend/ArticlesMigration/Controllers/Modules/CatalogAdministration/CatalogsController.cs,27,AppDbContext,"public CatalogsController(AppDbContext db, ILogger<CatalogsController> logger)"
legacy no usado (excluido del backend),tesisproject.backend/ArticlesMigration/Data/AppDbContext.cs,10,AppDbContext,"public class AppDbContext : IdentityDbContext<ApplicationUser, ApplicationRole, string>"
legacy no usado (excluido del backend),tesisproject.backend/ArticlesMigration/Data/AppDbContext.cs,12,AppDbContext,public AppDbContext(DbContextOptions<AppDbContext> opt) : base(opt) { }
legacy no usado (excluido del backend),tesisproject.backend/ArticlesMigration/Data/AppDbContext.cs,12,AppDbContext,public AppDbContext(DbContextOptions<AppDbContext> opt) : base(opt) { }
legacy no usado (excluido del backend),tesisproject.backend/ArticlesMigration/Data/AppDbContext.cs,16,ArticleParticipant,public DbSet<ArticleParticipant> ArticleParticipants => Set<ArticleParticipant>();
legacy no usado (excluido del backend),tesisproject.backend/ArticlesMigration/Data/AppDbContext.cs,16,ArticleParticipants,public DbSet<ArticleParticipant> ArticleParticipants => Set<ArticleParticipant>();
legacy no usado (excluido del backend),tesisproject.backend/ArticlesMigration/Data/AppDbContext.cs,16,ArticleParticipant,public DbSet<ArticleParticipant> ArticleParticipants => Set<ArticleParticipant>();
legacy no usado (excluido del backend),tesisproject.backend/ArticlesMigration/Data/AppDbContext.cs,44,ArticleParticipantDynamicFieldValue,public DbSet<ArticleParticipantDynamicFieldValue> ArticleParticipantDynamicFieldValues => Set<ArticleParticipantDynamicFieldValue>();
legacy no usado (excluido del backend),tesisproject.backend/ArticlesMigration/Data/AppDbContext.cs,44,ArticleParticipantDynamicFieldValues,public DbSet<ArticleParticipantDynamicFieldValue> ArticleParticipantDynamicFieldValues => Set<ArticleParticipantDynamicFieldValue>();
legacy no usado (excluido del backend),tesisproject.backend/ArticlesMigration/Data/AppDbContext.cs,44,ArticleParticipantDynamicFieldValue,public DbSet<ArticleParticipantDynamicFieldValue> ArticleParticipantDynamicFieldValues => Set<ArticleParticipantDynamicFieldValue>();
legacy no usado (excluido del backend),tesisproject.backend/ArticlesMigration/Data/AppDbContextFactory.cs,9,AppDbContext,public class AppDbContextFactory : IDesignTimeDbContextFactory<AppDbContext>
legacy no usado (excluido del backend),tesisproject.backend/ArticlesMigration/Data/AppDbContextFactory.cs,9,AppDbContext,public class AppDbContextFactory : IDesignTimeDbContextFactory<AppDbContext>
legacy no usado (excluido del backend),tesisproject.backend/ArticlesMigration/Data/AppDbContextFactory.cs,11,AppDbContext,public AppDbContext CreateDbContext(string[] args)
legacy no usado (excluido del backend),tesisproject.backend/ArticlesMigration/Data/AppDbContextFactory.cs,29,AppDbContext,var optionsBuilder = new DbContextOptionsBuilder<AppDbContext>();
legacy no usado (excluido del backend),tesisproject.backend/ArticlesMigration/Data/AppDbContextFactory.cs,32,AppDbContext,return new AppDbContext(optionsBuilder.Options);
legacy no usado (excluido del backend),tesisproject.backend/ArticlesMigration/Data/Configurations/ArticleParticipantConfiguration.cs,7,ArticleParticipant,public sealed class ArticleParticipantConfiguration : IEntityTypeConfiguration<ArticleParticipant>
legacy no usado (excluido del backend),tesisproject.backend/ArticlesMigration/Data/Configurations/ArticleParticipantConfiguration.cs,7,ArticleParticipant,public sealed class ArticleParticipantConfiguration : IEntityTypeConfiguration<ArticleParticipant>
legacy no usado (excluido del backend),tesisproject.backend/ArticlesMigration/Data/Configurations/ArticleParticipantConfiguration.cs,9,ArticleParticipant,public void Configure(EntityTypeBuilder<ArticleParticipant> entity)
legacy no usado (excluido del backend),tesisproject.backend/ArticlesMigration/Data/Configurations/DynamicFormsConfigurations.cs,97,ArticleParticipantDynamicFieldValue,public sealed class ArticleParticipantDynamicFieldValueConfiguration : IEntityTypeConfiguration<ArticleParticipantDynamicFieldValue>
legacy no usado (excluido del backend),tesisproject.backend/ArticlesMigration/Data/Configurations/DynamicFormsConfigurations.cs,97,ArticleParticipantDynamicFieldValue,public sealed class ArticleParticipantDynamicFieldValueConfiguration : IEntityTypeConfiguration<ArticleParticipantDynamicFieldValue>
legacy no usado (excluido del backend),tesisproject.backend/ArticlesMigration/Data/Configurations/DynamicFormsConfigurations.cs,99,ArticleParticipantDynamicFieldValue,public void Configure(EntityTypeBuilder<ArticleParticipantDynamicFieldValue> entity)
legacy no usado (excluido del backend),tesisproject.backend/ArticlesMigration/Data/Configurations/DynamicFormsConfigurations.cs,101,ArticleParticipantDynamicFieldValues,"entity.ToTable(""ArticleParticipantDynamicFieldValues"");"
legacy no usado (excluido del backend),tesisproject.backend/ArticlesMigration/Data/Configurations/DynamicFormsConfigurations.cs,102,ArticleParticipantDynamicFieldValue,entity.HasKey(x => x.ArticleParticipantDynamicFieldValueId);
legacy no usado (excluido del backend),tesisproject.backend/ArticlesMigration/Data/Configurations/DynamicFormsConfigurations.cs,105,ArticleParticipant,entity.HasOne(x => x.ArticleParticipant)
legacy no usado (excluido del backend),tesisproject.backend/ArticlesMigration/Data/Configurations/DynamicFormsConfigurations.cs,107,ArticleParticipant,.HasForeignKey(x => x.ArticleParticipantId)
legacy no usado (excluido del backend),tesisproject.backend/ArticlesMigration/Data/Entities/Article.cs,39,ArticleParticipant,public ICollection<ArticleParticipant> Participants { get; set; } = new List<ArticleParticipant>();
legacy no usado (excluido del backend),tesisproject.backend/ArticlesMigration/Data/Entities/Article.cs,39,ArticleParticipant,public ICollection<ArticleParticipant> Participants { get; set; } = new List<ArticleParticipant>();
legacy no usado (excluido del backend),tesisproject.backend/ArticlesMigration/Data/Entities/ArticleParticipant.cs,3,ArticleParticipant,public class ArticleParticipant
legacy no usado (excluido del backend),tesisproject.backend/ArticlesMigration/Data/Entities/ArticleParticipant.cs,27,ArticleParticipantDynamicFieldValue,public ICollection<ArticleParticipantDynamicFieldValue> DynamicFieldValues { get; set; } = new List<ArticleParticipantDynamicFieldValue>();
legacy no usado (excluido del backend),tesisproject.backend/ArticlesMigration/Data/Entities/ArticleParticipant.cs,27,ArticleParticipantDynamicFieldValue,public ICollection<ArticleParticipantDynamicFieldValue> DynamicFieldValues { get; set; } = new List<ArticleParticipantDynamicFieldValue>();
legacy no usado (excluido del backend),tesisproject.backend/ArticlesMigration/Data/Entities/ArticleParticipantDynamicFieldValue.cs,3,ArticleParticipantDynamicFieldValue,public class ArticleParticipantDynamicFieldValue
legacy no usado (excluido del backend),tesisproject.backend/ArticlesMigration/Data/Entities/ArticleParticipantDynamicFieldValue.cs,5,ArticleParticipantDynamicFieldValue,public int ArticleParticipantDynamicFieldValueId { get; set; }
legacy no usado (excluido del backend),tesisproject.backend/ArticlesMigration/Data/Entities/ArticleParticipantDynamicFieldValue.cs,6,ArticleParticipant,public int ArticleParticipantId { get; set; }
legacy no usado (excluido del backend),tesisproject.backend/ArticlesMigration/Data/Entities/ArticleParticipantDynamicFieldValue.cs,17,ArticleParticipant,public ArticleParticipant ArticleParticipant { get; set; } = default!;
legacy no usado (excluido del backend),tesisproject.backend/ArticlesMigration/Data/Entities/ArticleParticipantDynamicFieldValue.cs,17,ArticleParticipant,public ArticleParticipant ArticleParticipant { get; set; } = default!;
legacy no usado (excluido del backend),tesisproject.backend/ArticlesMigration/Mapping/ArticleMapping.cs,96,ArticleParticipant,.Select(p => new ArticleParticipantDto
legacy no usado (excluido del backend),tesisproject.backend/ArticlesMigration/Migrations/20251108083238_InitialCreate.cs,15,ArticleParticipants,"table: ""ArticleParticipants"","
legacy no usado (excluido del backend),tesisproject.backend/ArticlesMigration/Migrations/20251108083238_InitialCreate.cs,31,ArticleParticipants,"table: ""ArticleParticipants"","
legacy no usado (excluido del backend),tesisproject.backend/ArticlesMigration/Migrations/20251108083238_InitialCreate.Designer.cs,14,AppDbContext,[DbContext(typeof(AppDbContext))]
legacy no usado (excluido del backend),tesisproject.backend/ArticlesMigration/Migrations/20251108083238_InitialCreate.Designer.cs,312,ArticleParticipant,"modelBuilder.Entity(""tesisproject.backend.Data.Entities.ArticleParticipant"", b =>"
legacy no usado (excluido del backend),tesisproject.backend/ArticlesMigration/Migrations/20251108083238_InitialCreate.Designer.cs,344,ArticleParticipants,"b.ToTable(""ArticleParticipants"");"
legacy no usado (excluido del backend),tesisproject.backend/ArticlesMigration/Migrations/20251108083238_InitialCreate.Designer.cs,862,ArticleParticipant,"modelBuilder.Entity(""tesisproject.backend.Data.Entities.ArticleParticipant"", b =>"
legacy no usado (excluido del backend),tesisproject.backend/ArticlesMigration/Migrations/20251108111353_AddIsOpenAccessAndIndexingSupport.Designer.cs,14,AppDbContext,[DbContext(typeof(AppDbContext))]
legacy no usado (excluido del backend),tesisproject.backend/ArticlesMigration/Migrations/20251108111353_AddIsOpenAccessAndIndexingSupport.Designer.cs,317,ArticleParticipant,"modelBuilder.Entity(""tesisproject.backend.Data.Entities.ArticleParticipant"", b =>"
legacy no usado (excluido del backend),tesisproject.backend/ArticlesMigration/Migrations/20251108111353_AddIsOpenAccessAndIndexingSupport.Designer.cs,349,ArticleParticipants,"b.ToTable(""ArticleParticipants"");"
legacy no usado (excluido del backend),tesisproject.backend/ArticlesMigration/Migrations/20251108111353_AddIsOpenAccessAndIndexingSupport.Designer.cs,867,ArticleParticipant,"modelBuilder.Entity(""tesisproject.backend.Data.Entities.ArticleParticipant"", b =>"
legacy no usado (excluido del backend),tesisproject.backend/ArticlesMigration/Migrations/20260328232015_AddRegistrationMatrixModule.cs,10,AppDbContext,[DbContext(typeof(AppDbContext))]
legacy no usado (excluido del backend),tesisproject.backend/ArticlesMigration/Migrations/AppDbContextModelSnapshot.cs,13,AppDbContext,[DbContext(typeof(AppDbContext))]
legacy no usado (excluido del backend),tesisproject.backend/ArticlesMigration/Migrations/AppDbContextModelSnapshot.cs,14,AppDbContext,partial class AppDbContextModelSnapshot : ModelSnapshot
legacy no usado (excluido del backend),tesisproject.backend/ArticlesMigration/Migrations/AppDbContextModelSnapshot.cs,322,ArticleParticipant,"modelBuilder.Entity(""tesisproject.backend.Data.Entities.ArticleParticipant"", b =>"
legacy no usado (excluido del backend),tesisproject.backend/ArticlesMigration/Migrations/AppDbContextModelSnapshot.cs,388,ArticleParticipants,"b.ToTable(""ArticleParticipants"");"
legacy no usado (excluido del backend),tesisproject.backend/ArticlesMigration/Migrations/AppDbContextModelSnapshot.cs,391,ArticleParticipantDynamicFieldValue,"modelBuilder.Entity(""tesisproject.backend.Data.Entities.ArticleParticipantDynamicFieldValue"", b =>"
legacy no usado (excluido del backend),tesisproject.backend/ArticlesMigration/Migrations/AppDbContextModelSnapshot.cs,393,ArticleParticipantDynamicFieldValue,"b.Property<int>(""ArticleParticipantDynamicFieldValueId"")"
legacy no usado (excluido del backend),tesisproject.backend/ArticlesMigration/Migrations/AppDbContextModelSnapshot.cs,397,ArticleParticipantDynamicFieldValue,"SqlServerPropertyBuilderExtensions.UseIdentityColumn(b.Property<int>(""ArticleParticipantDynamicFieldValueId""));"
legacy no usado (excluido del backend),tesisproject.backend/ArticlesMigration/Migrations/AppDbContextModelSnapshot.cs,399,ArticleParticipant,"b.Property<int>(""ArticleParticipantId"")"
legacy no usado (excluido del backend),tesisproject.backend/ArticlesMigration/Migrations/AppDbContextModelSnapshot.cs,430,ArticleParticipantDynamicFieldValue,"b.HasKey(""ArticleParticipantDynamicFieldValueId"");"
legacy no usado (excluido del backend),tesisproject.backend/ArticlesMigration/Migrations/AppDbContextModelSnapshot.cs,432,ArticleParticipant,"b.HasIndex(""ArticleParticipantId"");"
legacy no usado (excluido del backend),tesisproject.backend/ArticlesMigration/Migrations/AppDbContextModelSnapshot.cs,436,ArticleParticipantDynamicFieldValues,"b.ToTable(""ArticleParticipantDynamicFieldValues"", (string)null);"
legacy no usado (excluido del backend),tesisproject.backend/ArticlesMigration/Migrations/AppDbContextModelSnapshot.cs,1566,ArticleParticipant,"modelBuilder.Entity(""tesisproject.backend.Data.Entities.ArticleParticipant"", b =>"
legacy no usado (excluido del backend),tesisproject.backend/ArticlesMigration/Migrations/AppDbContextModelSnapshot.cs,1577,ArticleParticipantDynamicFieldValue,"modelBuilder.Entity(""tesisproject.backend.Data.Entities.ArticleParticipantDynamicFieldValue"", b =>"
legacy no usado (excluido del backend),tesisproject.backend/ArticlesMigration/Migrations/AppDbContextModelSnapshot.cs,1579,ArticleParticipant,"b.HasOne(""tesisproject.backend.Data.Entities.ArticleParticipant"", ""ArticleParticipant"")"
legacy no usado (excluido del backend),tesisproject.backend/ArticlesMigration/Migrations/AppDbContextModelSnapshot.cs,1579,ArticleParticipant,"b.HasOne(""tesisproject.backend.Data.Entities.ArticleParticipant"", ""ArticleParticipant"")"
legacy no usado (excluido del backend),tesisproject.backend/ArticlesMigration/Migrations/AppDbContextModelSnapshot.cs,1581,ArticleParticipant,".HasForeignKey(""ArticleParticipantId"")"
legacy no usado (excluido del backend),tesisproject.backend/ArticlesMigration/Migrations/AppDbContextModelSnapshot.cs,1591,ArticleParticipant,"b.Navigation(""ArticleParticipant"");"
legacy no usado (excluido del backend),tesisproject.backend/ArticlesMigration/Migrations/AppDbContextModelSnapshot.cs,1808,ArticleParticipant,"modelBuilder.Entity(""tesisproject.backend.Data.Entities.ArticleParticipant"", b =>"
legacy no usado (excluido del backend),tesisproject.backend/ArticlesMigration/Services/Modules/Articles/ArticlesService.cs,25,AppDbContext,private readonly AppDbContext _db;
legacy no usado (excluido del backend),tesisproject.backend/ArticlesMigration/Services/Modules/Articles/ArticlesService.cs,30,AppDbContext,"AppDbContext db,"
legacy no usado (excluido del backend),tesisproject.backend/ArticlesMigration/Services/Modules/Articles/ArticlesService.cs,1035,ArticleParticipant,"await ReplaceParticipantsAsync(article.Id, request.Participants ?? new List<ArticleParticipantRequest>(), ct);"
legacy no usado (excluido del backend),tesisproject.backend/ArticlesMigration/Services/Modules/Articles/ArticlesService.cs,1100,ArticleParticipant,"await ReplaceParticipantsAsync(article.Id, request.Participants ?? new List<ArticleParticipantRequest>(), ct);"
legacy no usado (excluido del backend),tesisproject.backend/ArticlesMigration/Services/Modules/Articles/ArticlesService.cs,1127,ArticleParticipants,_db.ArticleParticipants.RemoveRange(entity.Participants);
legacy no usado (excluido del backend),tesisproject.backend/ArticlesMigration/Services/Modules/Articles/ArticlesService.cs,1248,ArticleParticipant,"List<ArticleParticipantRequest> participants,"
legacy no usado (excluido del backend),tesisproject.backend/ArticlesMigration/Services/Modules/Articles/ArticlesService.cs,1252,ArticleParticipant,var cleaned = (participants ?? new List<ArticleParticipantRequest>())
legacy no usado (excluido del backend),tesisproject.backend/ArticlesMigration/Services/Modules/Articles/ArticlesService.cs,1254,ArticleParticipant,.Select(p => new ArticleParticipantRequest
legacy no usado (excluido del backend),tesisproject.backend/ArticlesMigration/Services/Modules/Articles/ArticlesService.cs,1269,ArticleParticipants,var existing = await _db.ArticleParticipants
legacy no usado (excluido del backend),tesisproject.backend/ArticlesMigration/Services/Modules/Articles/ArticlesService.cs,1274,ArticleParticipants,_db.ArticleParticipants.RemoveRange(existing);
legacy no usado (excluido del backend),tesisproject.backend/ArticlesMigration/Services/Modules/Articles/ArticlesService.cs,1279,ArticleParticipant,var news = cleaned.Select(p => new ArticleParticipant
legacy no usado (excluido del backend),tesisproject.backend/ArticlesMigration/Services/Modules/Articles/ArticlesService.cs,1288,ArticleParticipants,"await _db.ArticleParticipants.AddRangeAsync(news, ct);"
legacy no usado (excluido del backend),tesisproject.backend/ArticlesMigration/Services/Modules/BulkImport/BulkImportService.cs,21,AppDbContext,private readonly AppDbContext _db;
legacy no usado (excluido del backend),tesisproject.backend/ArticlesMigration/Services/Modules/BulkImport/BulkImportService.cs,43,AppDbContext,"AppDbContext db,"
legacy no usado (excluido del backend),tesisproject.backend/ArticlesMigration/Services/Modules/BulkImport/BulkImportService.cs,84,ArticleParticipant,"var participantFields = await ResolveTemplateFieldsAsync(""ArticleParticipant"", request.ParticipantFieldIds, request.UseActiveFormsWhenEmpty, ct);"
legacy no usado (excluido del backend),tesisproject.backend/ArticlesMigration/Services/Modules/BulkImport/BulkImportService.cs,442,ArticleParticipant,"var participantFields = await ResolveTemplateFieldsAsync(""ArticleParticipant"", new List<int>(), true, ct);"
legacy no usado (excluido del backend),tesisproject.backend/ArticlesMigration/Services/Modules/BulkImport/BulkImportService.cs,508,ArticleParticipant,"var participantFields = await ResolveTemplateFieldsAsync(""ArticleParticipant"", new List<int>(), true, ct);"
legacy no usado (excluido del backend),tesisproject.backend/ArticlesMigration/Services/Modules/BulkImport/BulkImportService.cs,576,ArticleParticipant,"var participantFields = await ResolveTemplateFieldsAsync(""ArticleParticipant"", new List<int>(), true, ct);"
legacy no usado (excluido del backend),tesisproject.backend/ArticlesMigration/Services/Modules/BulkImport/BulkImportService.cs,704,ArticleParticipant,"AddDynamicCells(primaryParticipant?.DynamicFields ?? new List<DynamicFieldValueInputDto>(), ""ArticleParticipant"", allFields, rawData, cellsToCreate, row.ImportBatchRowId, normalizer, now);"
legacy no usado (excluido del backend),tesisproject.backend/ArticlesMigration/Services/Modules/BulkImport/BulkImportService.cs,790,ArticleParticipant,".Where(x => x.EntityName == ""Article"" || x.EntityName == ""ArticleParticipant"")"
legacy no usado (excluido del backend),tesisproject.backend/ArticlesMigration/Services/Modules/BulkImport/BulkImportService.cs,814,ArticleParticipant,"ParticipantFieldIds = fields.Where(x => x.EntityName == ""ArticleParticipant"").OrderBy(x => columnOrder.TryGetValue(x.FieldId, out var participantOrder) ? participantOrder : int.MaxValue).ThenBy(x => x.DisplayOrder).Select(x => x.FieldId).ToList(),"
legacy no usado (excluido del backend),tesisproject.backend/ArticlesMigration/Services/Modules/BulkImport/BulkImportService.cs,928,ArticleParticipant,var participant = new ArticleParticipantAggregateDto
legacy no usado (excluido del backend),tesisproject.backend/ArticlesMigration/Services/Modules/BulkImport/BulkImportService.cs,1060,ArticleParticipant,"private static void ApplyMatrixParticipantCell(ArticleParticipantAggregateDto participant, FieldCatalogEntry field, string value)"
legacy no usado (excluido del backend),tesisproject.backend/ArticlesMigration/Services/Modules/BulkImport/BulkImportService.cs,1062,ArticleParticipant,"if (!string.Equals(field.EntityName, ""ArticleParticipant"", StringComparison.OrdinalIgnoreCase))"
legacy no usado (excluido del backend),tesisproject.backend/ArticlesMigration/Services/Modules/BulkImport/BulkImportService.cs,1101,ArticleParticipant,request.Participants ??= new List<ArticleParticipantAggregateDto>();
legacy no usado (excluido del backend),tesisproject.backend/ArticlesMigration/Services/Modules/BulkImport/BulkImportService.cs,1130,ArticleParticipant,"if (string.Equals(field.EntityName, ""ArticleParticipant"", StringComparison.OrdinalIgnoreCase))"
legacy no usado (excluido del backend),tesisproject.backend/ArticlesMigration/Services/Modules/BulkImport/BulkImportService.cs,1135,ArticleParticipant,participant = new ArticleParticipantAggregateDto
legacy no usado (excluido del backend),tesisproject.backend/ArticlesMigration/Services/Modules/BulkImport/BulkImportService.cs,1430,ArticleParticipant,".Where(x => requestedFieldIds.Contains(x.FieldId) && (x.EntityName == ""Article"" || x.EntityName == ""ArticleParticipant""))"
legacy no usado (excluido del backend),tesisproject.backend/ArticlesMigration/Services/Modules/BulkImport/BulkImportService.cs,1527,ArticleParticipant,"await _db.Database.ExecuteSqlInterpolatedAsync($""EXEC dbo.sp_ValidateImportBatch_ArticleParticipant {batchId}"", ct);"
legacy no usado (excluido del backend),tesisproject.backend/ArticlesMigration/Services/Modules/BulkImport/BulkImportService.cs,1733,ArticleParticipants,_db.ArticleParticipants.Add(new ArticleParticipant
legacy no usado (excluido del backend),tesisproject.backend/ArticlesMigration/Services/Modules/BulkImport/BulkImportService.cs,1733,ArticleParticipant,_db.ArticleParticipants.Add(new ArticleParticipant
legacy no usado (excluido del backend),tesisproject.backend/ArticlesMigration/Services/Modules/BulkImport/BulkImportService.cs,2099,ArticleParticipant,|| entry.Entity is ArticleParticipant
legacy no usado (excluido del backend),tesisproject.backend/ArticlesMigration/Services/Modules/BulkImport/BulkImportService.cs,2553,ArticleParticipant,".Where(x => x.IsActive && (x.EntityName == ""Article"" || x.EntityName == ""ArticleParticipant""))"
legacy no usado (excluido del backend),tesisproject.backend/ArticlesMigration/Services/Modules/BulkImport/BulkImportService.cs,2928,ArticleParticipant,"persistedFields.AddRange(await ResolveStoredTemplateFieldsAsync(""ArticleParticipant"", persistedFieldIds.ParticipantFieldIds, ct));"
legacy no usado (excluido del backend),tesisproject.backend/ArticlesMigration/Services/Modules/BulkImport/BulkImportService.cs,2947,ArticleParticipant,"metadataRequiredFields.AddRange(await ResolveStoredTemplateFieldsAsync(""ArticleParticipant"", metadataFieldIds.ParticipantFieldIds, ct));"
legacy no usado (excluido del backend),tesisproject.backend/ArticlesMigration/Services/Modules/BulkImport/BulkImportService.cs,2980,ArticleParticipant,"&& (x.EntityName == ""Article"" || x.EntityName == ""ArticleParticipant""))"
legacy no usado (excluido del backend),tesisproject.backend/ArticlesMigration/Services/Modules/BulkImport/BulkImportService.cs,2994,ArticleParticipant,"requiredFields.AddRange(await ResolveRequiredProcessFieldsByEntityAsync(""ArticleParticipant"", ct));"
legacy no usado (excluido del backend),tesisproject.backend/ArticlesMigration/Services/Modules/BulkImport/BulkImportService.cs,3009,ArticleParticipant,": entityName.Equals(""ArticleParticipant"", StringComparison.OrdinalIgnoreCase)"
legacy no usado (excluido del backend),tesisproject.backend/ArticlesMigration/Services/Modules/BulkImport/BulkImportService.cs,3010,ArticleParticipant,"? ""ArticleParticipantForm"""
legacy no usado (excluido del backend),tesisproject.backend/ArticlesMigration/Services/Modules/BulkImport/BulkImportService.cs,3062,ArticleParticipant,"ParticipantFieldIds = (await ResolveRequiredProcessFieldsByEntityAsync(""ArticleParticipant"", ct)).Select(x => x.FieldId).Distinct().ToList()"
legacy no usado (excluido del backend),tesisproject.backend/ArticlesMigration/Services/Modules/BulkImport/BulkImportService.cs,3743,ArticleParticipant,".Where(x => x.EntityName == ""Article"" || x.EntityName == ""ArticleParticipant"")"
legacy no usado (excluido del backend),tesisproject.backend/ArticlesMigration/Services/Modules/BulkImport/BulkImportService.cs,3755,ArticleParticipant,"else if (field.EntityName == ""ArticleParticipant"")"
legacy no usado (excluido del backend),tesisproject.backend/ArticlesMigration/Services/Modules/BulkImport/BulkImportService.cs,3797,ArticleParticipant,"var participantFields = await ResolveStoredTemplateFieldsAsync(""ArticleParticipant"", metadata.ParticipantFieldIds, ct);"
legacy no usado (excluido del backend),tesisproject.backend/ArticlesMigration/Services/Modules/BulkImport/BulkImportService.cs,3956,AppDbContext,"public static async Task<BulkImportNormalizerCache> CreateAsync(AppDbContext db, CancellationToken ct)"
legacy no usado (excluido del backend),tesisproject.backend/ArticlesMigration/Services/Modules/DynamicForms/ConfigurationFormsService.cs,11,AppDbContext,private readonly AppDbContext _db;
legacy no usado (excluido del backend),tesisproject.backend/ArticlesMigration/Services/Modules/DynamicForms/ConfigurationFormsService.cs,13,AppDbContext,public ConfigurationFormsService(AppDbContext db)
legacy no usado (excluido del backend),tesisproject.backend/ArticlesMigration/Services/Modules/DynamicForms/ConfigurationFormsService.cs,532,ArticleParticipantDynamicFieldValues,"var hasParticipantValues = await _db.ArticleParticipantDynamicFieldValues.AnyAsync(x => x.FieldId == fieldId, ct);"
legacy no usado (excluido del backend),tesisproject.backend/ArticlesMigration/Services/Modules/Intelligence/InstitutionalIntelligenceService.cs,26,AppDbContext,private readonly AppDbContext _db;
legacy no usado (excluido del backend),tesisproject.backend/ArticlesMigration/Services/Modules/Intelligence/InstitutionalIntelligenceService.cs,34,AppDbContext,"AppDbContext db,"
legacy no usado (excluido del backend),tesisproject.backend/ArticlesMigration/Services/Modules/MassRegistration/RegistrationMatrixService.cs,11,AppDbContext,private readonly AppDbContext _db;
legacy no usado (excluido del backend),tesisproject.backend/ArticlesMigration/Services/Modules/MassRegistration/RegistrationMatrixService.cs,14,AppDbContext,"public RegistrationMatrixService(AppDbContext db, IBulkImportService bulkImportService)"
legacy no usado (excluido del backend),tesisproject.backend/ArticlesMigration/Services/Modules/MassRegistration/RegistrationMatrixService.cs,406,ArticleParticipant,".Where(x => x.EntityName == ""Article"" || x.EntityName == ""ArticleParticipant"")"
legacy no usado (excluido del backend),tesisproject.backend/ArticlesMigration/Services/Modules/Registration/ArticleAggregatePersistenceService.cs,12,AppDbContext,private readonly AppDbContext _db;
legacy no usado (excluido del backend),tesisproject.backend/ArticlesMigration/Services/Modules/Registration/ArticleAggregatePersistenceService.cs,14,AppDbContext,public ArticleAggregatePersistenceService(AppDbContext db)
legacy no usado (excluido del backend),tesisproject.backend/ArticlesMigration/Services/Modules/Registration/ArticleAggregatePersistenceService.cs,78,ArticleParticipant,"var participantFields = await ResolveValidationFieldsAsync(""ArticleParticipant"", ""ArticleParticipantForm"", ct);"
legacy no usado (excluido del backend),tesisproject.backend/ArticlesMigration/Services/Modules/Registration/ArticleAggregatePersistenceService.cs,78,ArticleParticipant,"var participantFields = await ResolveValidationFieldsAsync(""ArticleParticipant"", ""ArticleParticipantForm"", ct);"
legacy no usado (excluido del backend),tesisproject.backend/ArticlesMigration/Services/Modules/Registration/ArticleAggregatePersistenceService.cs,89,ArticleParticipant,"ValidateDynamicFields(participant.DynamicFields, participantFields, ""ArticleParticipant"");"
legacy no usado (excluido del backend),tesisproject.backend/ArticlesMigration/Services/Modules/Registration/ArticleAggregatePersistenceService.cs,200,ArticleParticipant,var participant = new ArticleParticipant
legacy no usado (excluido del backend),tesisproject.backend/ArticlesMigration/Services/Modules/Registration/ArticleAggregatePersistenceService.cs,217,ArticleParticipants,_db.ArticleParticipants.Add(participant);
legacy no usado (excluido del backend),tesisproject.backend/ArticlesMigration/Services/Modules/Registration/ArticleAggregatePersistenceService.cs,228,ArticleParticipantDynamicFieldValues,"await _db.ArticleParticipantDynamicFieldValues.AddRangeAsync(participantDynamicValues, ct);"
legacy no usado (excluido del backend),tesisproject.backend/ArticlesMigration/Services/Modules/Registration/ArticleAggregatePersistenceService.cs,289,ArticleParticipant,"List<ArticleParticipantAggregateDto> participants,"
legacy no usado (excluido del backend),tesisproject.backend/ArticlesMigration/Services/Modules/Registration/ArticleAggregatePersistenceService.cs,304,ArticleParticipant,private static void ValidateParticipantBusinessRules(List<ArticleParticipantAggregateDto> participants)
legacy no usado (excluido del backend),tesisproject.backend/ArticlesMigration/Services/Modules/Registration/ArticleAggregatePersistenceService.cs,362,ArticleParticipant,"List<ArticleParticipantAggregateDto> participants,"
legacy no usado (excluido del backend),tesisproject.backend/ArticlesMigration/Services/Modules/Registration/ArticleAggregatePersistenceService.cs,468,ArticleParticipantDynamicFieldValue,private async Task<List<ArticleParticipantDynamicFieldValue>> BuildParticipantDynamicValuesAsync(
legacy no usado (excluido del backend),tesisproject.backend/ArticlesMigration/Services/Modules/Registration/ArticleAggregatePersistenceService.cs,475,ArticleParticipant,".Where(x => x.EntityName == ""ArticleParticipant"" && x.IsDynamic && x.IsActive)"
legacy no usado (excluido del backend),tesisproject.backend/ArticlesMigration/Services/Modules/Registration/ArticleAggregatePersistenceService.cs,483,ArticleParticipantDynamicFieldValue,return new ArticleParticipantDynamicFieldValue
legacy no usado (excluido del backend),tesisproject.backend/ArticlesMigration/Services/Modules/Registration/ArticleAggregatePersistenceService.cs,485,ArticleParticipant,"ArticleParticipantId = participantId,"
legacy no usado (excluido del backend),tesisproject.backend/ArticlesMigration/Services/Modules/Registration/ArticleAggregatePersistenceService.cs,588,ArticleParticipant,"ArticleParticipantAggregateDto participant,"
legacy no usado (excluido del backend),tesisproject.backend/ArticlesMigration/Services/Modules/Registration/ArticleAggregatePersistenceService.cs,714,ArticleParticipant,"private static bool HasParticipantPhysicalValue(ArticleParticipantAggregateDto participant, FieldCatalogEntry field)"
legacy no usado (excluido del backend),tesisproject.backend/ArticlesMigration/Services/Modules/Registration/ArticleVenueModelHelper.cs,29,AppDbContext,"public static async Task EnsureVenueCompositeFieldsAsync(AppDbContext db, CancellationToken ct)"
legacy no usado (excluido del backend),tesisproject.backend/ArticlesMigration/Services/Modules/Registration/ArticleVenueModelHelper.cs,203,AppDbContext,"AppDbContext db,"
legacy no usado (excluido del backend),tesisproject.backend/ArticlesMigration/Services/Modules/Reporting/InstitutionalReportingService.cs,1539,ArticleParticipants,FROM {oltpDatabase}.dbo.ArticleParticipants ap
legacy no usado (excluido del backend),tesisproject.backend/ArticlesMigration/Services/Modules/Reporting/InstitutionalReportingService.cs,1542,ArticleParticipant,INNER JOIN dw.DimAuthor dau ON dau.ArticleParticipantId_OLTP = ap.Id AND dau.IsCurrent = 1
legacy no usado (excluido del backend),tesisproject.backend/ArticlesMigration/Services/Modules/Reporting/ReportingPerformanceMetricsService.cs,13,AppDbContext,private readonly AppDbContext _db;
legacy no usado (excluido del backend),tesisproject.backend/ArticlesMigration/Services/Modules/Reporting/ReportingPerformanceMetricsService.cs,18,AppDbContext,"AppDbContext db,"
legacy no usado (excluido del backend),tesisproject.backend/ArticlesMigration/Services/Modules/Venues/VenuesService.cs,17,AppDbContext,private readonly AppDbContext _db;
legacy no usado (excluido del backend),tesisproject.backend/ArticlesMigration/Services/Modules/Venues/VenuesService.cs,19,AppDbContext,public VenuesService(AppDbContext db)
legacy no usado (excluido del backend),tesisproject.backend/ArticlesMigration/Services/Modules/Workflow/RegistrationWorkflowSettingsService.cs,13,AppDbContext,private readonly AppDbContext _db;
legacy no usado (excluido del backend),tesisproject.backend/ArticlesMigration/Services/Modules/Workflow/RegistrationWorkflowSettingsService.cs,15,AppDbContext,public RegistrationWorkflowSettingsService(AppDbContext db)
legacy no usado (excluido del backend),tesisproject.backend/ArticlesMigration/Services/Modules/Workflow/WorkflowService.cs,22,AppDbContext,private readonly AppDbContext _db;
legacy no usado (excluido del backend),tesisproject.backend/ArticlesMigration/Services/Modules/Workflow/WorkflowService.cs,24,AppDbContext,public WorkflowService(AppDbContext db)
legacy no usado (excluido del backend),tesisproject.backend/ArticlesMigration/Services/Platform/Audit/AuditLogger.cs,7,AppDbContext,private readonly AppDbContext _db;
legacy no usado (excluido del backend),tesisproject.backend/ArticlesMigration/Services/Platform/Audit/AuditLogger.cs,8,AppDbContext,public AuditLogger(AppDbContext db) => _db = db;
runtime,tesisproject.backend/Controllers/AcademicPeriodsController.cs,8,tesisproject.shared.Entities.External,using tesisproject.shared.Entities.External;
runtime,tesisproject.backend/Controllers/ArticlesConfigurationController.cs,4,tesisproject.backend.Data.Articles,using tesisproject.backend.Data.Articles;
runtime,tesisproject.backend/Controllers/ArticlesConfigurationController.cs,5,tesisproject.backend.Data.Articles.Entities,using tesisproject.backend.Data.Articles.Entities;
runtime,tesisproject.backend/Controllers/ArticlesConfigurationController.cs,19,ArticlesDbContext,private readonly ArticlesDbContext _ctx;
runtime,tesisproject.backend/Controllers/ArticlesConfigurationController.cs,21,ArticlesDbContext,public ArticlesConfigurationController(ArticlesDbContext ctx)
runtime,tesisproject.backend/Controllers/ArticlesConfigurationController.cs,359,ArticleParticipantDynamicFieldValues,"|| await _ctx.ArticleParticipantDynamicFieldValues.AnyAsync(value => value.FieldId == fieldId, ct);"
runtime,tesisproject.backend/Controllers/ArticlesConfigurationController.cs,707,tesisproject.backend.Data.Articles.Entities.FormFieldDefinition,private static ResolvedFormFieldDto MapResolvedField(tesisproject.backend.Data.Articles.Entities.FormFieldDefinition formField)
runtime,tesisproject.backend/Controllers/ArticlesConfigurationController.cs,774,ArticlesDbContext,private readonly ArticlesDbContext _ctx;
runtime,tesisproject.backend/Controllers/ArticlesConfigurationController.cs,776,ArticlesDbContext,public ArticlesCatalogsController(ArticlesDbContext ctx)
runtime,tesisproject.backend/Controllers/CatalogControllerBase.cs,7,tesisproject.shared.Entities.Base,using tesisproject.shared.Entities.Base;
runtime,tesisproject.backend/Controllers/DocumentTypesController.cs,5,tesisproject.shared.Entities.Catalogs,using tesisproject.shared.Entities.Catalogs;
runtime,tesisproject.backend/Controllers/ExternalPeriodsController.cs,5,tesisproject.shared.Entities.External,using tesisproject.shared.Entities.External;
runtime,tesisproject.backend/Controllers/FundingTypesController.cs,5,tesisproject.shared.Entities.Catalogs,using tesisproject.shared.Entities.Catalogs;
runtime,tesisproject.backend/Controllers/ObjectiveTypesController.cs,3,tesisproject.shared.Entities.Catalogs,using tesisproject.shared.Entities.Catalogs;
runtime,tesisproject.backend/Controllers/ProductTypesController.cs,3,tesisproject.shared.Entities.Catalogs,using tesisproject.shared.Entities.Catalogs;
runtime,tesisproject.backend/Controllers/ProjectExtensionTypesController.cs,3,tesisproject.shared.Entities.Catalogs,using tesisproject.shared.Entities.Catalogs;
runtime,tesisproject.backend/Controllers/ProjectOriginTypesController.cs,3,tesisproject.shared.Entities.Catalogs,using tesisproject.shared.Entities.Catalogs;
runtime,tesisproject.backend/Controllers/ProjectStatesController.cs,3,tesisproject.shared.Entities.Catalogs,using tesisproject.shared.Entities.Catalogs;
runtime,tesisproject.backend/Controllers/ProjectTypesController.cs,3,tesisproject.shared.Entities.Catalogs,using tesisproject.shared.Entities.Catalogs;
runtime,tesisproject.backend/Controllers/ResearchCategoryGroupsController.cs,3,tesisproject.shared.Entities.Catalogs,using tesisproject.shared.Entities.Catalogs;
runtime,tesisproject.backend/Controllers/TransactionTypesController.cs,3,tesisproject.shared.Entities.Catalogs,using tesisproject.shared.Entities.Catalogs;
runtime,tesisproject.backend/Controllers/VisitStatesController.cs,3,tesisproject.shared.Entities.Catalogs,using tesisproject.shared.Entities.Catalogs;
runtime,tesisproject.backend/Data/AppDbContext.cs,6,tesisproject.shared.Entities.Auth,using tesisproject.shared.Entities.Auth;
runtime,tesisproject.backend/Data/AppDbContext.cs,7,tesisproject.shared.Entities.Catalogs,using tesisproject.shared.Entities.Catalogs;
runtime,tesisproject.backend/Data/AppDbContext.cs,8,tesisproject.shared.Entities.Core,using tesisproject.shared.Entities.Core;
runtime,tesisproject.backend/Data/AppDbContext.cs,9,tesisproject.shared.Entities.Core.Products,using tesisproject.shared.Entities.Core.Products;
runtime,tesisproject.backend/Data/AppDbContext.cs,10,tesisproject.shared.Entities.Export,using tesisproject.shared.Entities.Export;
runtime,tesisproject.backend/Data/AppDbContext.cs,14,AppDbContext,public class AppDbContext
runtime,tesisproject.backend/Data/AppDbContext.cs,15,IdentityUser<int>,": IdentityDbContext<IdentityUser<int>, IdentityRole<int>, int>"
runtime,tesisproject.backend/Data/AppDbContext.cs,17,AppDbContext,public AppDbContext(DbContextOptions<AppDbContext> options) : base(options) { }
runtime,tesisproject.backend/Data/AppDbContext.cs,17,AppDbContext,public AppDbContext(DbContextOptions<AppDbContext> options) : base(options) { }
runtime,tesisproject.backend/Data/AppDbContext.cs,250,IdentityUser<int>,// Ahora la FK apunta a AppUser.IdUser (no a IdentityUser<int>)
runtime,tesisproject.backend/Data/AppDbContext.cs,339,IdentityUser<int>,b.HasOne<IdentityUser<int>>()
runtime,tesisproject.backend/Data/AppDbContext.cs,398,IdentityUser<int>,b.HasOne<IdentityUser<int>>()
runtime,tesisproject.backend/Data/Articles/ArticlesDbContext.cs,2,tesisproject.backend.Data.Articles.Configurations,using tesisproject.backend.Data.Articles.Configurations;
runtime,tesisproject.backend/Data/Articles/ArticlesDbContext.cs,3,tesisproject.backend.Data.Articles.Entities,using tesisproject.backend.Data.Articles.Entities;
runtime,tesisproject.backend/Data/Articles/ArticlesDbContext.cs,5,tesisproject.backend.Data.Articles,namespace tesisproject.backend.Data.Articles;
runtime,tesisproject.backend/Data/Articles/ArticlesDbContext.cs,7,ArticlesDbContext,public sealed class ArticlesDbContext : DbContext
runtime,tesisproject.backend/Data/Articles/ArticlesDbContext.cs,9,ArticlesDbContext,public ArticlesDbContext(DbContextOptions<ArticlesDbContext> options) : base(options)
runtime,tesisproject.backend/Data/Articles/ArticlesDbContext.cs,9,ArticlesDbContext,public ArticlesDbContext(DbContextOptions<ArticlesDbContext> options) : base(options)
runtime,tesisproject.backend/Data/Articles/ArticlesDbContext.cs,14,ArticleParticipant,public DbSet<ArticleParticipant> ArticleParticipants => Set<ArticleParticipant>();
runtime,tesisproject.backend/Data/Articles/ArticlesDbContext.cs,14,ArticleParticipants,public DbSet<ArticleParticipant> ArticleParticipants => Set<ArticleParticipant>();
runtime,tesisproject.backend/Data/Articles/ArticlesDbContext.cs,14,ArticleParticipant,public DbSet<ArticleParticipant> ArticleParticipants => Set<ArticleParticipant>();
runtime,tesisproject.backend/Data/Articles/ArticlesDbContext.cs,32,ArticleParticipantDynamicFieldValue,public DbSet<ArticleParticipantDynamicFieldValue> ArticleParticipantDynamicFieldValues => Set<ArticleParticipantDynamicFieldValue>();
runtime,tesisproject.backend/Data/Articles/ArticlesDbContext.cs,32,ArticleParticipantDynamicFieldValues,public DbSet<ArticleParticipantDynamicFieldValue> ArticleParticipantDynamicFieldValues => Set<ArticleParticipantDynamicFieldValue>();
runtime,tesisproject.backend/Data/Articles/ArticlesDbContext.cs,32,ArticleParticipantDynamicFieldValue,public DbSet<ArticleParticipantDynamicFieldValue> ArticleParticipantDynamicFieldValues => Set<ArticleParticipantDynamicFieldValue>();
runtime,tesisproject.backend/Data/Articles/Configurations/AcademicCatalogConfigurations.cs,3,tesisproject.backend.Data.Articles.Entities,using tesisproject.backend.Data.Articles.Entities;
runtime,tesisproject.backend/Data/Articles/Configurations/AcademicCatalogConfigurations.cs,5,tesisproject.backend.Data.Articles.Configurations,namespace tesisproject.backend.Data.Articles.Configurations;
runtime,tesisproject.backend/Data/Articles/Configurations/AcademicCatalogConfigurations.cs,39,AppDbContext,"// This catalog is shared with, and migrated by, AppDbContext."
runtime,tesisproject.backend/Data/Articles/Configurations/ArticleConfiguration.cs,3,tesisproject.backend.Data.Articles.Entities,using tesisproject.backend.Data.Articles.Entities;
runtime,tesisproject.backend/Data/Articles/Configurations/ArticleConfiguration.cs,5,tesisproject.backend.Data.Articles.Configurations,namespace tesisproject.backend.Data.Articles.Configurations;
runtime,tesisproject.backend/Data/Articles/Configurations/ArticleFileConfiguration.cs,3,tesisproject.backend.Data.Articles.Entities,using tesisproject.backend.Data.Articles.Entities;
runtime,tesisproject.backend/Data/Articles/Configurations/ArticleFileConfiguration.cs,5,tesisproject.backend.Data.Articles.Configurations,namespace tesisproject.backend.Data.Articles.Configurations;
runtime,tesisproject.backend/Data/Articles/Configurations/ArticleIndexingConfiguration.cs,3,tesisproject.backend.Data.Articles.Entities,using tesisproject.backend.Data.Articles.Entities;
runtime,tesisproject.backend/Data/Articles/Configurations/ArticleIndexingConfiguration.cs,5,tesisproject.backend.Data.Articles.Configurations,namespace tesisproject.backend.Data.Articles.Configurations;
runtime,tesisproject.backend/Data/Articles/Configurations/ArticleParticipantConfiguration.cs,3,tesisproject.backend.Data.Articles.Entities,using tesisproject.backend.Data.Articles.Entities;
runtime,tesisproject.backend/Data/Articles/Configurations/ArticleParticipantConfiguration.cs,5,tesisproject.backend.Data.Articles.Configurations,namespace tesisproject.backend.Data.Articles.Configurations;
runtime,tesisproject.backend/Data/Articles/Configurations/ArticleParticipantConfiguration.cs,7,ArticleParticipant,public sealed class ArticleParticipantConfiguration : IEntityTypeConfiguration<ArticleParticipant>
runtime,tesisproject.backend/Data/Articles/Configurations/ArticleParticipantConfiguration.cs,7,ArticleParticipant,public sealed class ArticleParticipantConfiguration : IEntityTypeConfiguration<ArticleParticipant>
runtime,tesisproject.backend/Data/Articles/Configurations/ArticleParticipantConfiguration.cs,9,ArticleParticipant,public void Configure(EntityTypeBuilder<ArticleParticipant> entity)
runtime,tesisproject.backend/Data/Articles/Configurations/ArticlesModelConfigurationMarker.cs,1,tesisproject.backend.Data.Articles.Configurations,namespace tesisproject.backend.Data.Articles.Configurations;
runtime,tesisproject.backend/Data/Articles/Configurations/DynamicFormsConfigurations.cs,3,tesisproject.backend.Data.Articles.Entities,using tesisproject.backend.Data.Articles.Entities;
runtime,tesisproject.backend/Data/Articles/Configurations/DynamicFormsConfigurations.cs,5,tesisproject.backend.Data.Articles.Configurations,namespace tesisproject.backend.Data.Articles.Configurations;
runtime,tesisproject.backend/Data/Articles/Configurations/DynamicFormsConfigurations.cs,97,ArticleParticipantDynamicFieldValue,public sealed class ArticleParticipantDynamicFieldValueConfiguration : IEntityTypeConfiguration<ArticleParticipantDynamicFieldValue>
runtime,tesisproject.backend/Data/Articles/Configurations/DynamicFormsConfigurations.cs,97,ArticleParticipantDynamicFieldValue,public sealed class ArticleParticipantDynamicFieldValueConfiguration : IEntityTypeConfiguration<ArticleParticipantDynamicFieldValue>
runtime,tesisproject.backend/Data/Articles/Configurations/DynamicFormsConfigurations.cs,99,ArticleParticipantDynamicFieldValue,public void Configure(EntityTypeBuilder<ArticleParticipantDynamicFieldValue> entity)
runtime,tesisproject.backend/Data/Articles/Configurations/DynamicFormsConfigurations.cs,101,ArticleParticipantDynamicFieldValues,"entity.ToTable(""ArticleParticipantDynamicFieldValues"");"
runtime,tesisproject.backend/Data/Articles/Configurations/DynamicFormsConfigurations.cs,102,ArticleParticipantDynamicFieldValue,entity.HasKey(x => x.ArticleParticipantDynamicFieldValueId);
runtime,tesisproject.backend/Data/Articles/Configurations/DynamicFormsConfigurations.cs,105,ArticleParticipant,entity.HasOne(x => x.ArticleParticipant)
runtime,tesisproject.backend/Data/Articles/Configurations/DynamicFormsConfigurations.cs,107,ArticleParticipant,.HasForeignKey(x => x.ArticleParticipantId)
runtime,tesisproject.backend/Data/Articles/Configurations/OecdFieldConfigurations.cs,3,tesisproject.backend.Data.Articles.Entities,using tesisproject.backend.Data.Articles.Entities;
runtime,tesisproject.backend/Data/Articles/Configurations/OecdFieldConfigurations.cs,5,tesisproject.backend.Data.Articles.Configurations,namespace tesisproject.backend.Data.Articles.Configurations;
runtime,tesisproject.backend/Data/Articles/Configurations/RegistrationMatrixConfigurations.cs,3,tesisproject.backend.Data.Articles.Entities,using tesisproject.backend.Data.Articles.Entities;
runtime,tesisproject.backend/Data/Articles/Configurations/RegistrationMatrixConfigurations.cs,5,tesisproject.backend.Data.Articles.Configurations,namespace tesisproject.backend.Data.Articles.Configurations;
runtime,tesisproject.backend/Data/Articles/Configurations/VenueConfigurations.cs,3,tesisproject.backend.Data.Articles.Entities,using tesisproject.backend.Data.Articles.Entities;
runtime,tesisproject.backend/Data/Articles/Configurations/VenueConfigurations.cs,5,tesisproject.backend.Data.Articles.Configurations,namespace tesisproject.backend.Data.Articles.Configurations;
runtime,tesisproject.backend/Data/Articles/Entities/AcademicTerm.cs,3,tesisproject.backend.Data.Articles.Entities,namespace tesisproject.backend.Data.Articles.Entities;
runtime,tesisproject.backend/Data/Articles/Entities/Article.cs,1,tesisproject.backend.Data.Articles.Entities,namespace tesisproject.backend.Data.Articles.Entities;
runtime,tesisproject.backend/Data/Articles/Entities/Article.cs,39,ArticleParticipant,public ICollection<ArticleParticipant> Participants { get; set; } = new List<ArticleParticipant>();
runtime,tesisproject.backend/Data/Articles/Entities/Article.cs,39,ArticleParticipant,public ICollection<ArticleParticipant> Participants { get; set; } = new List<ArticleParticipant>();
runtime,tesisproject.backend/Data/Articles/Entities/ArticleFile.cs,3,tesisproject.backend.Data.Articles.Entities,namespace tesisproject.backend.Data.Articles.Entities;
runtime,tesisproject.backend/Data/Articles/Entities/ArticleIndexing.cs,1,tesisproject.backend.Data.Articles.Entities,namespace tesisproject.backend.Data.Articles.Entities;
runtime,tesisproject.backend/Data/Articles/Entities/ArticleParticipant.cs,1,tesisproject.backend.Data.Articles.Entities,namespace tesisproject.backend.Data.Articles.Entities;
runtime,tesisproject.backend/Data/Articles/Entities/ArticleParticipant.cs,3,ArticleParticipant,public class ArticleParticipant
runtime,tesisproject.backend/Data/Articles/Entities/ArticleParticipant.cs,27,ArticleParticipantDynamicFieldValue,public ICollection<ArticleParticipantDynamicFieldValue> DynamicFieldValues { get; set; } = new List<ArticleParticipantDynamicFieldValue>();
runtime,tesisproject.backend/Data/Articles/Entities/ArticleParticipant.cs,27,ArticleParticipantDynamicFieldValue,public ICollection<ArticleParticipantDynamicFieldValue> DynamicFieldValues { get; set; } = new List<ArticleParticipantDynamicFieldValue>();
runtime,tesisproject.backend/Data/Articles/Entities/ArticleParticipantDynamicFieldValue.cs,1,tesisproject.backend.Data.Articles.Entities,namespace tesisproject.backend.Data.Articles.Entities;
runtime,tesisproject.backend/Data/Articles/Entities/ArticleParticipantDynamicFieldValue.cs,3,ArticleParticipantDynamicFieldValue,public class ArticleParticipantDynamicFieldValue
runtime,tesisproject.backend/Data/Articles/Entities/ArticleParticipantDynamicFieldValue.cs,5,ArticleParticipantDynamicFieldValue,public int ArticleParticipantDynamicFieldValueId { get; set; }
runtime,tesisproject.backend/Data/Articles/Entities/ArticleParticipantDynamicFieldValue.cs,6,ArticleParticipant,public int ArticleParticipantId { get; set; }
runtime,tesisproject.backend/Data/Articles/Entities/ArticleParticipantDynamicFieldValue.cs,17,ArticleParticipant,public ArticleParticipant ArticleParticipant { get; set; } = default!;
runtime,tesisproject.backend/Data/Articles/Entities/ArticleParticipantDynamicFieldValue.cs,17,ArticleParticipant,public ArticleParticipant ArticleParticipant { get; set; } = default!;
runtime,tesisproject.backend/Data/Articles/Entities/BroadField.cs,3,tesisproject.backend.Data.Articles.Entities,namespace tesisproject.backend.Data.Articles.Entities;
runtime,tesisproject.backend/Data/Articles/Entities/DetailedField.cs,3,tesisproject.backend.Data.Articles.Entities,namespace tesisproject.backend.Data.Articles.Entities;
runtime,tesisproject.backend/Data/Articles/Entities/DynamicFieldOption.cs,3,tesisproject.backend.Data.Articles.Entities,namespace tesisproject.backend.Data.Articles.Entities;
runtime,tesisproject.backend/Data/Articles/Entities/DynamicFieldValue.cs,1,tesisproject.backend.Data.Articles.Entities,namespace tesisproject.backend.Data.Articles.Entities;
runtime,tesisproject.backend/Data/Articles/Entities/Faculty.cs,3,tesisproject.backend.Data.Articles.Entities,namespace tesisproject.backend.Data.Articles.Entities;
runtime,tesisproject.backend/Data/Articles/Entities/FieldCatalogEntry.cs,4,tesisproject.backend.Data.Articles.Entities,namespace tesisproject.backend.Data.Articles.Entities;
runtime,tesisproject.backend/Data/Articles/Entities/FormDefinition.cs,4,tesisproject.backend.Data.Articles.Entities,namespace tesisproject.backend.Data.Articles.Entities;
runtime,tesisproject.backend/Data/Articles/Entities/FormFieldDefinition.cs,3,tesisproject.backend.Data.Articles.Entities,namespace tesisproject.backend.Data.Articles.Entities;
runtime,tesisproject.backend/Data/Articles/Entities/IndexingSource.cs,3,tesisproject.backend.Data.Articles.Entities,namespace tesisproject.backend.Data.Articles.Entities;
runtime,tesisproject.backend/Data/Articles/Entities/PublicationStatus.cs,3,tesisproject.backend.Data.Articles.Entities,namespace tesisproject.backend.Data.Articles.Entities;
runtime,tesisproject.backend/Data/Articles/Entities/RegistrationMatrix.cs,4,tesisproject.backend.Data.Articles.Entities,namespace tesisproject.backend.Data.Articles.Entities;
runtime,tesisproject.backend/Data/Articles/Entities/ResearchLine.cs,3,tesisproject.backend.Data.Articles.Entities,namespace tesisproject.backend.Data.Articles.Entities;
runtime,tesisproject.backend/Data/Articles/Entities/SpecificField.cs,3,tesisproject.backend.Data.Articles.Entities,namespace tesisproject.backend.Data.Articles.Entities;
runtime,tesisproject.backend/Data/Articles/Entities/Venue.cs,3,tesisproject.backend.Data.Articles.Entities,namespace tesisproject.backend.Data.Articles.Entities;
runtime,tesisproject.backend/Data/Articles/Entities/VenueMetric.cs,1,tesisproject.backend.Data.Articles.Entities,namespace tesisproject.backend.Data.Articles.Entities;
runtime,tesisproject.backend/Data/DesignTimeDbContextFactories.cs,3,tesisproject.backend.Data.Articles,using tesisproject.backend.Data.Articles;
runtime,tesisproject.backend/Data/DesignTimeDbContextFactories.cs,38,ArticlesDbContext,else if (typeof(TContext) == typeof(ArticlesDbContext))
runtime,tesisproject.backend/Data/DesignTimeDbContextFactories.cs,44,AppDbContext,public sealed class AppDbContextFactory : IDesignTimeDbContextFactory<AppDbContext>
runtime,tesisproject.backend/Data/DesignTimeDbContextFactories.cs,44,AppDbContext,public sealed class AppDbContextFactory : IDesignTimeDbContextFactory<AppDbContext>
runtime,tesisproject.backend/Data/DesignTimeDbContextFactories.cs,46,AppDbContext,public AppDbContext CreateDbContext(string[] args) =>
runtime,tesisproject.backend/Data/DesignTimeDbContextFactories.cs,47,AppDbContext,"new(DesignTimeDatabaseConfiguration.CreateOptions<AppDbContext>(args, ""DefaultConnection""));"
runtime,tesisproject.backend/Data/DesignTimeDbContextFactories.cs,56,ArticlesDbContext,public sealed class ArticlesDbContextFactory : IDesignTimeDbContextFactory<ArticlesDbContext>
runtime,tesisproject.backend/Data/DesignTimeDbContextFactories.cs,56,ArticlesDbContext,public sealed class ArticlesDbContextFactory : IDesignTimeDbContextFactory<ArticlesDbContext>
runtime,tesisproject.backend/Data/DesignTimeDbContextFactories.cs,58,ArticlesDbContext,public ArticlesDbContext CreateDbContext(string[] args) =>
runtime,tesisproject.backend/Data/DesignTimeDbContextFactories.cs,59,ArticlesDbContext,"new(DesignTimeDatabaseConfiguration.CreateOptions<ArticlesDbContext>(args, ""ArticlesOltpConnection""));"
runtime,tesisproject.backend/Data/DwContext.cs,3,tesisproject.shared.Entities.Analytics.Dw.Bridges,using tesisproject.shared.Entities.Analytics.Dw.Bridges;
runtime,tesisproject.backend/Data/DwContext.cs,4,tesisproject.shared.Entities.Analytics.Dw.Dimensions,using tesisproject.shared.Entities.Analytics.Dw.Dimensions;
runtime,tesisproject.backend/Data/DwContext.cs,5,tesisproject.shared.Entities.Analytics.Dw.Facts,using tesisproject.shared.Entities.Analytics.Dw.Facts;
runtime,tesisproject.backend/Data/UnifiedConfigurations/AppUserConfiguration.cs,17,IdentityUser<int>,entity.HasOne<IdentityUser<int>>().WithMany().HasForeignKey(x => x.IdLocal).OnDelete(DeleteBehavior.NoAction);
runtime,tesisproject.backend/Data/UnifiedConfigurations/RefreshTokenConfiguration.cs,14,IdentityUser<int>,entity.HasOne<IdentityUser<int>>().WithMany().HasForeignKey(x => x.UserId).OnDelete(DeleteBehavior.NoAction);
runtime,tesisproject.backend/Data/UnifiedDideDbContext.cs,10,IdentityUser<int>,": IdentityDbContext<IdentityUser<int>, IdentityRole<int>, int>"
runtime,tesisproject.backend/Data/UnifiedEntities/Auth/AppUser.cs,24,IdentityUser<int>,/// Local ASP.NET Identity user id (IdentityUser<int>.Id) while using local ASP.
runtime,tesisproject.backend/Data/UnifiedEntities/Auth/RefreshToken.cs,7,IdentityUser<int>,// FK to AspNetUsers (IdentityUser<int>)
migrations,tesisproject.backend/Migrations/20260305180538__ProbeApp.cs,1059,AcademicPeriodId,"AcademicPeriodId = table.Column<int>(type: ""int"", nullable: true),"
migrations,tesisproject.backend/Migrations/20260305180538__ProbeApp.Designer.cs,14,AppDbContext,[DbContext(typeof(AppDbContext))]
migrations,tesisproject.backend/Migrations/20260305180538__ProbeApp.Designer.cs,82,IdentityUser<int>,"modelBuilder.Entity(""Microsoft.AspNetCore.Identity.IdentityUser<int>"", b =>"
migrations,tesisproject.backend/Migrations/20260305180538__ProbeApp.Designer.cs,229,tesisproject.shared.Entities.Auth.AppUser,"modelBuilder.Entity(""tesisproject.shared.Entities.Auth.AppUser"", b =>"
migrations,tesisproject.backend/Migrations/20260305180538__ProbeApp.Designer.cs,252,tesisproject.shared.Entities.Auth.RefreshToken,"modelBuilder.Entity(""tesisproject.shared.Entities.Auth.RefreshToken"", b =>"
migrations,tesisproject.backend/Migrations/20260305180538__ProbeApp.Designer.cs,294,tesisproject.shared.Entities.Catalogs.Country,"modelBuilder.Entity(""tesisproject.shared.Entities.Catalogs.Country"", b =>"
migrations,tesisproject.backend/Migrations/20260305180538__ProbeApp.Designer.cs,326,tesisproject.shared.Entities.Catalogs.DocumentType,"modelBuilder.Entity(""tesisproject.shared.Entities.Catalogs.DocumentType"", b =>"
migrations,tesisproject.backend/Migrations/20260305180538__ProbeApp.Designer.cs,350,tesisproject.shared.Entities.Catalogs.FundingType,"modelBuilder.Entity(""tesisproject.shared.Entities.Catalogs.FundingType"", b =>"
migrations,tesisproject.backend/Migrations/20260305180538__ProbeApp.Designer.cs,374,tesisproject.shared.Entities.Catalogs.GroupType,"modelBuilder.Entity(""tesisproject.shared.Entities.Catalogs.GroupType"", b =>"
migrations,tesisproject.backend/Migrations/20260305180538__ProbeApp.Designer.cs,398,tesisproject.shared.Entities.Catalogs.IndexingSource,"modelBuilder.Entity(""tesisproject.shared.Entities.Catalogs.IndexingSource"", b =>"
migrations,tesisproject.backend/Migrations/20260305180538__ProbeApp.Designer.cs,428,tesisproject.shared.Entities.Catalogs.Institution,"modelBuilder.Entity(""tesisproject.shared.Entities.Catalogs.Institution"", b =>"
migrations,tesisproject.backend/Migrations/20260305180538__ProbeApp.Designer.cs,461,tesisproject.shared.Entities.Catalogs.MemberRoleType,"modelBuilder.Entity(""tesisproject.shared.Entities.Catalogs.MemberRoleType"", b =>"
migrations,tesisproject.backend/Migrations/20260305180538__ProbeApp.Designer.cs,488,tesisproject.shared.Entities.Catalogs.ObjectiveType,"modelBuilder.Entity(""tesisproject.shared.Entities.Catalogs.ObjectiveType"", b =>"
migrations,tesisproject.backend/Migrations/20260305180538__ProbeApp.Designer.cs,512,tesisproject.shared.Entities.Catalogs.ProductAttribute,"modelBuilder.Entity(""tesisproject.shared.Entities.Catalogs.ProductAttribute"", b =>"
migrations,tesisproject.backend/Migrations/20260305180538__ProbeApp.Designer.cs,543,tesisproject.shared.Entities.Catalogs.ProductType,"modelBuilder.Entity(""tesisproject.shared.Entities.Catalogs.ProductType"", b =>"
migrations,tesisproject.backend/Migrations/20260305180538__ProbeApp.Designer.cs,570,tesisproject.shared.Entities.Catalogs.ProjectExtensionType,"modelBuilder.Entity(""tesisproject.shared.Entities.Catalogs.ProjectExtensionType"", b =>"
migrations,tesisproject.backend/Migrations/20260305180538__ProbeApp.Designer.cs,597,tesisproject.shared.Entities.Catalogs.ProjectOriginType,"modelBuilder.Entity(""tesisproject.shared.Entities.Catalogs.ProjectOriginType"", b =>"
migrations,tesisproject.backend/Migrations/20260305180538__ProbeApp.Designer.cs,621,tesisproject.shared.Entities.Catalogs.ProjectState,"modelBuilder.Entity(""tesisproject.shared.Entities.Catalogs.ProjectState"", b =>"
migrations,tesisproject.backend/Migrations/20260305180538__ProbeApp.Designer.cs,645,tesisproject.shared.Entities.Catalogs.ProjectType,"modelBuilder.Entity(""tesisproject.shared.Entities.Catalogs.ProjectType"", b =>"
migrations,tesisproject.backend/Migrations/20260305180538__ProbeApp.Designer.cs,669,tesisproject.shared.Entities.Catalogs.ResearchCategory,"modelBuilder.Entity(""tesisproject.shared.Entities.Catalogs.ResearchCategory"", b =>"
migrations,tesisproject.backend/Migrations/20260305180538__ProbeApp.Designer.cs,703,tesisproject.shared.Entities.Catalogs.ResearchCategoryGroup,"modelBuilder.Entity(""tesisproject.shared.Entities.Catalogs.ResearchCategoryGroup"", b =>"
migrations,tesisproject.backend/Migrations/20260305180538__ProbeApp.Designer.cs,727,tesisproject.shared.Entities.Catalogs.ResearchCategoryType,"modelBuilder.Entity(""tesisproject.shared.Entities.Catalogs.ResearchCategoryType"", b =>"
migrations,tesisproject.backend/Migrations/20260305180538__ProbeApp.Designer.cs,759,tesisproject.shared.Entities.Catalogs.TransactionType,"modelBuilder.Entity(""tesisproject.shared.Entities.Catalogs.TransactionType"", b =>"
migrations,tesisproject.backend/Migrations/20260305180538__ProbeApp.Designer.cs,783,tesisproject.shared.Entities.Catalogs.VisitState,"modelBuilder.Entity(""tesisproject.shared.Entities.Catalogs.VisitState"", b =>"
migrations,tesisproject.backend/Migrations/20260305180538__ProbeApp.Designer.cs,807,tesisproject.shared.Entities.Core.Budget,"modelBuilder.Entity(""tesisproject.shared.Entities.Core.Budget"", b =>"
migrations,tesisproject.backend/Migrations/20260305180538__ProbeApp.Designer.cs,847,tesisproject.shared.Entities.Core.BudgetTransaction,"modelBuilder.Entity(""tesisproject.shared.Entities.Core.BudgetTransaction"", b =>"
migrations,tesisproject.backend/Migrations/20260305180538__ProbeApp.Designer.cs,914,tesisproject.shared.Entities.Core.Convocation,"modelBuilder.Entity(""tesisproject.shared.Entities.Core.Convocation"", b =>"
migrations,tesisproject.backend/Migrations/20260305180538__ProbeApp.Designer.cs,943,tesisproject.shared.Entities.Core.ConvocationRule,"modelBuilder.Entity(""tesisproject.shared.Entities.Core.ConvocationRule"", b =>"
migrations,tesisproject.backend/Migrations/20260305180538__ProbeApp.Designer.cs,1003,tesisproject.shared.Entities.Core.ConvocationRuleIndexing,"modelBuilder.Entity(""tesisproject.shared.Entities.Core.ConvocationRuleIndexing"", b =>"
migrations,tesisproject.backend/Migrations/20260305180538__ProbeApp.Designer.cs,1027,tesisproject.shared.Entities.Core.Document,"modelBuilder.Entity(""tesisproject.shared.Entities.Core.Document"", b =>"
migrations,tesisproject.backend/Migrations/20260305180538__ProbeApp.Designer.cs,1076,tesisproject.shared.Entities.Core.ExternalResearcher,"modelBuilder.Entity(""tesisproject.shared.Entities.Core.ExternalResearcher"", b =>"
migrations,tesisproject.backend/Migrations/20260305180538__ProbeApp.Designer.cs,1108,tesisproject.shared.Entities.Core.ExternalResearcherProject,"modelBuilder.Entity(""tesisproject.shared.Entities.Core.ExternalResearcherProject"", b =>"
migrations,tesisproject.backend/Migrations/20260305180538__ProbeApp.Designer.cs,1147,tesisproject.shared.Entities.Core.FacultyScope,"modelBuilder.Entity(""tesisproject.shared.Entities.Core.FacultyScope"", b =>"
migrations,tesisproject.backend/Migrations/20260305180538__ProbeApp.Designer.cs,1173,tesisproject.shared.Entities.Core.FacultyScopeFaculty,"modelBuilder.Entity(""tesisproject.shared.Entities.Core.FacultyScopeFaculty"", b =>"
migrations,tesisproject.backend/Migrations/20260305180538__ProbeApp.Designer.cs,1194,tesisproject.shared.Entities.Core.Group,"modelBuilder.Entity(""tesisproject.shared.Entities.Core.Group"", b =>"
migrations,tesisproject.backend/Migrations/20260305180538__ProbeApp.Designer.cs,1217,tesisproject.shared.Entities.Core.GroupMember,"modelBuilder.Entity(""tesisproject.shared.Entities.Core.GroupMember"", b =>"
migrations,tesisproject.backend/Migrations/20260305180538__ProbeApp.Designer.cs,1251,tesisproject.shared.Entities.Core.ObjectiveActivity,"modelBuilder.Entity(""tesisproject.shared.Entities.Core.ObjectiveActivity"", b =>"
migrations,tesisproject.backend/Migrations/20260305180538__ProbeApp.Designer.cs,1285,tesisproject.shared.Entities.Core.ObjectiveActivityUser,"modelBuilder.Entity(""tesisproject.shared.Entities.Core.ObjectiveActivityUser"", b =>"
migrations,tesisproject.backend/Migrations/20260305180538__ProbeApp.Designer.cs,1322,tesisproject.shared.Entities.Core.Products.Product,"modelBuilder.Entity(""tesisproject.shared.Entities.Core.Products.Product"", b =>"
migrations,tesisproject.backend/Migrations/20260305180538__ProbeApp.Designer.cs,1370,tesisproject.shared.Entities.Core.Products.ProductAttributeDefinition,"modelBuilder.Entity(""tesisproject.shared.Entities.Core.Products.ProductAttributeDefinition"", b =>"
migrations,tesisproject.backend/Migrations/20260305180538__ProbeApp.Designer.cs,1399,tesisproject.shared.Entities.Core.Products.ProductAuthor,"modelBuilder.Entity(""tesisproject.shared.Entities.Core.Products.ProductAuthor"", b =>"
migrations,tesisproject.backend/Migrations/20260305180538__ProbeApp.Designer.cs,1429,tesisproject.shared.Entities.Core.Products.ProductValue,"modelBuilder.Entity(""tesisproject.shared.Entities.Core.Products.ProductValue"", b =>"
migrations,tesisproject.backend/Migrations/20260305180538__ProbeApp.Designer.cs,1467,tesisproject.shared.Entities.Core.Project,"modelBuilder.Entity(""tesisproject.shared.Entities.Core.Project"", b =>"
migrations,tesisproject.backend/Migrations/20260305180538__ProbeApp.Designer.cs,1543,tesisproject.shared.Entities.Core.ProjectDocument,"modelBuilder.Entity(""tesisproject.shared.Entities.Core.ProjectDocument"", b =>"
migrations,tesisproject.backend/Migrations/20260305180538__ProbeApp.Designer.cs,1569,tesisproject.shared.Entities.Core.ProjectExtension,"modelBuilder.Entity(""tesisproject.shared.Entities.Core.ProjectExtension"", b =>"
migrations,tesisproject.backend/Migrations/20260305180538__ProbeApp.Designer.cs,1606,tesisproject.shared.Entities.Core.ProjectObjective,"modelBuilder.Entity(""tesisproject.shared.Entities.Core.ProjectObjective"", b =>"
migrations,tesisproject.backend/Migrations/20260305180538__ProbeApp.Designer.cs,1642,tesisproject.shared.Entities.Core.ProjectResearchCategory,"modelBuilder.Entity(""tesisproject.shared.Entities.Core.ProjectResearchCategory"", b =>"
migrations,tesisproject.backend/Migrations/20260305180538__ProbeApp.Designer.cs,1666,tesisproject.shared.Entities.Core.UserFacultyScopeAssignment,"modelBuilder.Entity(""tesisproject.shared.Entities.Core.UserFacultyScopeAssignment"", b =>"
migrations,tesisproject.backend/Migrations/20260305180538__ProbeApp.Designer.cs,1688,tesisproject.shared.Entities.Core.Visit,"modelBuilder.Entity(""tesisproject.shared.Entities.Core.Visit"", b =>"
migrations,tesisproject.backend/Migrations/20260305180538__ProbeApp.Designer.cs,1696,AcademicPeriodId,"b.Property<int?>(""AcademicPeriodId"")"
migrations,tesisproject.backend/Migrations/20260305180538__ProbeApp.Designer.cs,1743,tesisproject.shared.Entities.Core.VisitIssue,"modelBuilder.Entity(""tesisproject.shared.Entities.Core.VisitIssue"", b =>"
migrations,tesisproject.backend/Migrations/20260305180538__ProbeApp.Designer.cs,1776,tesisproject.shared.Entities.Core.VisitObjectiveActivityProgress,"modelBuilder.Entity(""tesisproject.shared.Entities.Core.VisitObjectiveActivityProgress"", b =>"
migrations,tesisproject.backend/Migrations/20260305180538__ProbeApp.Designer.cs,1808,tesisproject.shared.Entities.Export.ExportField,"modelBuilder.Entity(""tesisproject.shared.Entities.Export.ExportField"", b =>"
migrations,tesisproject.backend/Migrations/20260305180538__ProbeApp.Designer.cs,1850,tesisproject.shared.Entities.Export.ExportTemplate,"modelBuilder.Entity(""tesisproject.shared.Entities.Export.ExportTemplate"", b =>"
migrations,tesisproject.backend/Migrations/20260305180538__ProbeApp.Designer.cs,1887,tesisproject.shared.Entities.Export.ExportTemplateColumn,"modelBuilder.Entity(""tesisproject.shared.Entities.Export.ExportTemplateColumn"", b =>"
migrations,tesisproject.backend/Migrations/20260305180538__ProbeApp.Designer.cs,1940,IdentityUser<int>,"b.HasOne(""Microsoft.AspNetCore.Identity.IdentityUser<int>"", null)"
migrations,tesisproject.backend/Migrations/20260305180538__ProbeApp.Designer.cs,1949,IdentityUser<int>,"b.HasOne(""Microsoft.AspNetCore.Identity.IdentityUser<int>"", null)"
migrations,tesisproject.backend/Migrations/20260305180538__ProbeApp.Designer.cs,1964,IdentityUser<int>,"b.HasOne(""Microsoft.AspNetCore.Identity.IdentityUser<int>"", null)"
migrations,tesisproject.backend/Migrations/20260305180538__ProbeApp.Designer.cs,1973,IdentityUser<int>,"b.HasOne(""Microsoft.AspNetCore.Identity.IdentityUser<int>"", null)"
migrations,tesisproject.backend/Migrations/20260305180538__ProbeApp.Designer.cs,1980,tesisproject.shared.Entities.Auth.AppUser,"modelBuilder.Entity(""tesisproject.shared.Entities.Auth.AppUser"", b =>"
migrations,tesisproject.backend/Migrations/20260305180538__ProbeApp.Designer.cs,1982,IdentityUser<int>,"b.HasOne(""Microsoft.AspNetCore.Identity.IdentityUser<int>"", null)"
migrations,tesisproject.backend/Migrations/20260305180538__ProbeApp.Designer.cs,1988,tesisproject.shared.Entities.Auth.RefreshToken,"modelBuilder.Entity(""tesisproject.shared.Entities.Auth.RefreshToken"", b =>"
migrations,tesisproject.backend/Migrations/20260305180538__ProbeApp.Designer.cs,1990,IdentityUser<int>,"b.HasOne(""Microsoft.AspNetCore.Identity.IdentityUser<int>"", null)"
migrations,tesisproject.backend/Migrations/20260305180538__ProbeApp.Designer.cs,1997,tesisproject.shared.Entities.Catalogs.Institution,"modelBuilder.Entity(""tesisproject.shared.Entities.Catalogs.Institution"", b =>"
migrations,tesisproject.backend/Migrations/20260305180538__ProbeApp.Designer.cs,1999,tesisproject.shared.Entities.Catalogs.Country,"b.HasOne(""tesisproject.shared.Entities.Catalogs.Country"", ""Country"")"
migrations,tesisproject.backend/Migrations/20260305180538__ProbeApp.Designer.cs,2007,tesisproject.shared.Entities.Catalogs.ResearchCategory,"modelBuilder.Entity(""tesisproject.shared.Entities.Catalogs.ResearchCategory"", b =>"
migrations,tesisproject.backend/Migrations/20260305180538__ProbeApp.Designer.cs,2009,tesisproject.shared.Entities.Catalogs.ResearchCategory,"b.HasOne(""tesisproject.shared.Entities.Catalogs.ResearchCategory"", ""ParentCategory"")"
migrations,tesisproject.backend/Migrations/20260305180538__ProbeApp.Designer.cs,2014,tesisproject.shared.Entities.Catalogs.ResearchCategoryType,"b.HasOne(""tesisproject.shared.Entities.Catalogs.ResearchCategoryType"", ""ResearchCategoryType"")"
migrations,tesisproject.backend/Migrations/20260305180538__ProbeApp.Designer.cs,2025,tesisproject.shared.Entities.Catalogs.ResearchCategoryType,"modelBuilder.Entity(""tesisproject.shared.Entities.Catalogs.ResearchCategoryType"", b =>"
migrations,tesisproject.backend/Migrations/20260305180538__ProbeApp.Designer.cs,2027,tesisproject.shared.Entities.Catalogs.ResearchCategoryGroup,"b.HasOne(""tesisproject.shared.Entities.Catalogs.ResearchCategoryGroup"", ""ResearchCategoryGroup"")"
migrations,tesisproject.backend/Migrations/20260305180538__ProbeApp.Designer.cs,2036,tesisproject.shared.Entities.Core.Budget,"modelBuilder.Entity(""tesisproject.shared.Entities.Core.Budget"", b =>"
migrations,tesisproject.backend/Migrations/20260305180538__ProbeApp.Designer.cs,2038,tesisproject.shared.Entities.Auth.AppUser,"b.HasOne(""tesisproject.shared.Entities.Auth.AppUser"", null)"
migrations,tesisproject.backend/Migrations/20260305180538__ProbeApp.Designer.cs,2044,tesisproject.shared.Entities.Catalogs.FundingType,"b.HasOne(""tesisproject.shared.Entities.Catalogs.FundingType"", ""FundingType"")"
migrations,tesisproject.backend/Migrations/20260305180538__ProbeApp.Designer.cs,2050,tesisproject.shared.Entities.Core.Project,"b.HasOne(""tesisproject.shared.Entities.Core.Project"", ""Project"")"
migrations,tesisproject.backend/Migrations/20260305180538__ProbeApp.Designer.cs,2061,tesisproject.shared.Entities.Core.BudgetTransaction,"modelBuilder.Entity(""tesisproject.shared.Entities.Core.BudgetTransaction"", b =>"
migrations,tesisproject.backend/Migrations/20260305180538__ProbeApp.Designer.cs,2063,tesisproject.shared.Entities.Core.Budget,"b.HasOne(""tesisproject.shared.Entities.Core.Budget"", ""Budget"")"
migrations,tesisproject.backend/Migrations/20260305180538__ProbeApp.Designer.cs,2069,tesisproject.shared.Entities.Auth.AppUser,"b.HasOne(""tesisproject.shared.Entities.Auth.AppUser"", null)"
migrations,tesisproject.backend/Migrations/20260305180538__ProbeApp.Designer.cs,2075,tesisproject.shared.Entities.Auth.AppUser,"b.HasOne(""tesisproject.shared.Entities.Auth.AppUser"", null)"
migrations,tesisproject.backend/Migrations/20260305180538__ProbeApp.Designer.cs,2080,tesisproject.shared.Entities.Catalogs.TransactionType,"b.HasOne(""tesisproject.shared.Entities.Catalogs.TransactionType"", ""TransactionType"")"
migrations,tesisproject.backend/Migrations/20260305180538__ProbeApp.Designer.cs,2091,tesisproject.shared.Entities.Core.ConvocationRule,"modelBuilder.Entity(""tesisproject.shared.Entities.Core.ConvocationRule"", b =>"
migrations,tesisproject.backend/Migrations/20260305180538__ProbeApp.Designer.cs,2093,tesisproject.shared.Entities.Core.Convocation,"b.HasOne(""tesisproject.shared.Entities.Core.Convocation"", ""Convocation"")"
migrations,tesisproject.backend/Migrations/20260305180538__ProbeApp.Designer.cs,2099,tesisproject.shared.Entities.Catalogs.ProductType,"b.HasOne(""tesisproject.shared.Entities.Catalogs.ProductType"", null)"
migrations,tesisproject.backend/Migrations/20260305180538__ProbeApp.Designer.cs,2108,tesisproject.shared.Entities.Core.ConvocationRuleIndexing,"modelBuilder.Entity(""tesisproject.shared.Entities.Core.ConvocationRuleIndexing"", b =>"
migrations,tesisproject.backend/Migrations/20260305180538__ProbeApp.Designer.cs,2110,tesisproject.shared.Entities.Core.ConvocationRule,"b.HasOne(""tesisproject.shared.Entities.Core.ConvocationRule"", ""ConvocationRule"")"
migrations,tesisproject.backend/Migrations/20260305180538__ProbeApp.Designer.cs,2116,tesisproject.shared.Entities.Catalogs.IndexingSource,"b.HasOne(""tesisproject.shared.Entities.Catalogs.IndexingSource"", ""IndexingSource"")"
migrations,tesisproject.backend/Migrations/20260305180538__ProbeApp.Designer.cs,2127,tesisproject.shared.Entities.Core.Document,"modelBuilder.Entity(""tesisproject.shared.Entities.Core.Document"", b =>"
migrations,tesisproject.backend/Migrations/20260305180538__ProbeApp.Designer.cs,2129,tesisproject.shared.Entities.Auth.AppUser,"b.HasOne(""tesisproject.shared.Entities.Auth.AppUser"", null)"
migrations,tesisproject.backend/Migrations/20260305180538__ProbeApp.Designer.cs,2135,tesisproject.shared.Entities.Catalogs.DocumentType,"b.HasOne(""tesisproject.shared.Entities.Catalogs.DocumentType"", ""DocumentType"")"
migrations,tesisproject.backend/Migrations/20260305180538__ProbeApp.Designer.cs,2141,tesisproject.shared.Entities.Auth.AppUser,"b.HasOne(""tesisproject.shared.Entities.Auth.AppUser"", null)"
migrations,tesisproject.backend/Migrations/20260305180538__ProbeApp.Designer.cs,2149,tesisproject.shared.Entities.Core.ExternalResearcher,"modelBuilder.Entity(""tesisproject.shared.Entities.Core.ExternalResearcher"", b =>"
migrations,tesisproject.backend/Migrations/20260305180538__ProbeApp.Designer.cs,2151,tesisproject.shared.Entities.Catalogs.Institution,"b.HasOne(""tesisproject.shared.Entities.Catalogs.Institution"", ""Institution"")"
migrations,tesisproject.backend/Migrations/20260305180538__ProbeApp.Designer.cs,2159,tesisproject.shared.Entities.Core.ExternalResearcherProject,"modelBuilder.Entity(""tesisproject.shared.Entities.Core.ExternalResearcherProject"", b =>"
migrations,tesisproject.backend/Migrations/20260305180538__ProbeApp.Designer.cs,2161,tesisproject.shared.Entities.Auth.AppUser,"b.HasOne(""tesisproject.shared.Entities.Auth.AppUser"", null)"
migrations,tesisproject.backend/Migrations/20260305180538__ProbeApp.Designer.cs,2167,tesisproject.shared.Entities.Core.ExternalResearcher,"b.HasOne(""tesisproject.shared.Entities.Core.ExternalResearcher"", ""ExternalResearcher"")"
migrations,tesisproject.backend/Migrations/20260305180538__ProbeApp.Designer.cs,2173,tesisproject.shared.Entities.Core.Project,"b.HasOne(""tesisproject.shared.Entities.Core.Project"", ""Project"")"
migrations,tesisproject.backend/Migrations/20260305180538__ProbeApp.Designer.cs,2184,tesisproject.shared.Entities.Core.FacultyScopeFaculty,"modelBuilder.Entity(""tesisproject.shared.Entities.Core.FacultyScopeFaculty"", b =>"
migrations,tesisproject.backend/Migrations/20260305180538__ProbeApp.Designer.cs,2186,tesisproject.shared.Entities.Core.FacultyScope,"b.HasOne(""tesisproject.shared.Entities.Core.FacultyScope"", ""FacultyScope"")"
migrations,tesisproject.backend/Migrations/20260305180538__ProbeApp.Designer.cs,2195,tesisproject.shared.Entities.Core.Group,"modelBuilder.Entity(""tesisproject.shared.Entities.Core.Group"", b =>"
migrations,tesisproject.backend/Migrations/20260305180538__ProbeApp.Designer.cs,2197,tesisproject.shared.Entities.Catalogs.GroupType,"b.HasOne(""tesisproject.shared.Entities.Catalogs.GroupType"", ""GroupType"")"
migrations,tesisproject.backend/Migrations/20260305180538__ProbeApp.Designer.cs,2206,tesisproject.shared.Entities.Core.GroupMember,"modelBuilder.Entity(""tesisproject.shared.Entities.Core.GroupMember"", b =>"
migrations,tesisproject.backend/Migrations/20260305180538__ProbeApp.Designer.cs,2208,tesisproject.shared.Entities.Core.Group,"b.HasOne(""tesisproject.shared.Entities.Core.Group"", ""Group"")"
migrations,tesisproject.backend/Migrations/20260305180538__ProbeApp.Designer.cs,2214,tesisproject.shared.Entities.Catalogs.MemberRoleType,"b.HasOne(""tesisproject.shared.Entities.Catalogs.MemberRoleType"", ""MemberRole"")"
migrations,tesisproject.backend/Migrations/20260305180538__ProbeApp.Designer.cs,2220,tesisproject.shared.Entities.Auth.AppUser,"b.HasOne(""tesisproject.shared.Entities.Auth.AppUser"", null)"
migrations,tesisproject.backend/Migrations/20260305180538__ProbeApp.Designer.cs,2231,tesisproject.shared.Entities.Core.ObjectiveActivity,"modelBuilder.Entity(""tesisproject.shared.Entities.Core.ObjectiveActivity"", b =>"
migrations,tesisproject.backend/Migrations/20260305180538__ProbeApp.Designer.cs,2233,tesisproject.shared.Entities.Core.ProjectObjective,"b.HasOne(""tesisproject.shared.Entities.Core.ProjectObjective"", ""Objective"")"
migrations,tesisproject.backend/Migrations/20260305180538__ProbeApp.Designer.cs,2242,tesisproject.shared.Entities.Core.ObjectiveActivityUser,"modelBuilder.Entity(""tesisproject.shared.Entities.Core.ObjectiveActivityUser"", b =>"
migrations,tesisproject.backend/Migrations/20260305180538__ProbeApp.Designer.cs,2244,tesisproject.shared.Entities.Core.ObjectiveActivity,"b.HasOne(""tesisproject.shared.Entities.Core.ObjectiveActivity"", ""ObjectiveActivity"")"
migrations,tesisproject.backend/Migrations/20260305180538__ProbeApp.Designer.cs,2250,tesisproject.shared.Entities.Core.Visit,"b.HasOne(""tesisproject.shared.Entities.Core.Visit"", ""Visit"")"
migrations,tesisproject.backend/Migrations/20260305180538__ProbeApp.Designer.cs,2261,tesisproject.shared.Entities.Core.Products.Product,"modelBuilder.Entity(""tesisproject.shared.Entities.Core.Products.Product"", b =>"
migrations,tesisproject.backend/Migrations/20260305180538__ProbeApp.Designer.cs,2263,tesisproject.shared.Entities.Catalogs.ProductType,"b.HasOne(""tesisproject.shared.Entities.Catalogs.ProductType"", ""ProductType"")"
migrations,tesisproject.backend/Migrations/20260305180538__ProbeApp.Designer.cs,2269,tesisproject.shared.Entities.Core.Project,"b.HasOne(""tesisproject.shared.Entities.Core.Project"", ""Project"")"
migrations,tesisproject.backend/Migrations/20260305180538__ProbeApp.Designer.cs,2275,tesisproject.shared.Entities.Core.Visit,"b.HasOne(""tesisproject.shared.Entities.Core.Visit"", ""Visit"")"
migrations,tesisproject.backend/Migrations/20260305180538__ProbeApp.Designer.cs,2287,tesisproject.shared.Entities.Core.Products.ProductAttributeDefinition,"modelBuilder.Entity(""tesisproject.shared.Entities.Core.Products.ProductAttributeDefinition"", b =>"
migrations,tesisproject.backend/Migrations/20260305180538__ProbeApp.Designer.cs,2289,tesisproject.shared.Entities.Catalogs.ProductAttribute,"b.HasOne(""tesisproject.shared.Entities.Catalogs.ProductAttribute"", ""ProductAttribute"")"
migrations,tesisproject.backend/Migrations/20260305180538__ProbeApp.Designer.cs,2295,tesisproject.shared.Entities.Catalogs.ProductType,"b.HasOne(""tesisproject.shared.Entities.Catalogs.ProductType"", ""ProductType"")"
migrations,tesisproject.backend/Migrations/20260305180538__ProbeApp.Designer.cs,2306,tesisproject.shared.Entities.Core.Products.ProductAuthor,"modelBuilder.Entity(""tesisproject.shared.Entities.Core.Products.ProductAuthor"", b =>"
migrations,tesisproject.backend/Migrations/20260305180538__ProbeApp.Designer.cs,2308,tesisproject.shared.Entities.Core.Products.Product,"b.HasOne(""tesisproject.shared.Entities.Core.Products.Product"", ""Product"")"
migrations,tesisproject.backend/Migrations/20260305180538__ProbeApp.Designer.cs,2314,tesisproject.shared.Entities.Auth.AppUser,"b.HasOne(""tesisproject.shared.Entities.Auth.AppUser"", null)"
migrations,tesisproject.backend/Migrations/20260305180538__ProbeApp.Designer.cs,2323,tesisproject.shared.Entities.Core.Products.ProductValue,"modelBuilder.Entity(""tesisproject.shared.Entities.Core.Products.ProductValue"", b =>"
migrations,tesisproject.backend/Migrations/20260305180538__ProbeApp.Designer.cs,2325,tesisproject.shared.Entities.Core.Products.ProductAttributeDefinition,"b.HasOne(""tesisproject.shared.Entities.Core.Products.ProductAttributeDefinition"", ""AttributeDefinition"")"
migrations,tesisproject.backend/Migrations/20260305180538__ProbeApp.Designer.cs,2331,tesisproject.shared.Entities.Catalogs.ProductAttribute,"b.HasOne(""tesisproject.shared.Entities.Catalogs.ProductAttribute"", null)"
migrations,tesisproject.backend/Migrations/20260305180538__ProbeApp.Designer.cs,2336,tesisproject.shared.Entities.Core.Products.Product,"b.HasOne(""tesisproject.shared.Entities.Core.Products.Product"", ""Product"")"
migrations,tesisproject.backend/Migrations/20260305180538__ProbeApp.Designer.cs,2347,tesisproject.shared.Entities.Core.Project,"modelBuilder.Entity(""tesisproject.shared.Entities.Core.Project"", b =>"
migrations,tesisproject.backend/Migrations/20260305180538__ProbeApp.Designer.cs,2349,tesisproject.shared.Entities.Core.Convocation,"b.HasOne(""tesisproject.shared.Entities.Core.Convocation"", ""Convocation"")"
migrations,tesisproject.backend/Migrations/20260305180538__ProbeApp.Designer.cs,2355,tesisproject.shared.Entities.Auth.AppUser,"b.HasOne(""tesisproject.shared.Entities.Auth.AppUser"", null)"
migrations,tesisproject.backend/Migrations/20260305180538__ProbeApp.Designer.cs,2361,tesisproject.shared.Entities.Core.Group,"b.HasOne(""tesisproject.shared.Entities.Core.Group"", ""ProjectGroup"")"
migrations,tesisproject.backend/Migrations/20260305180538__ProbeApp.Designer.cs,2367,tesisproject.shared.Entities.Catalogs.ProjectOriginType,"b.HasOne(""tesisproject.shared.Entities.Catalogs.ProjectOriginType"", ""ProjectOriginType"")"
migrations,tesisproject.backend/Migrations/20260305180538__ProbeApp.Designer.cs,2373,tesisproject.shared.Entities.Catalogs.ProjectState,"b.HasOne(""tesisproject.shared.Entities.Catalogs.ProjectState"", ""ProjectState"")"
migrations,tesisproject.backend/Migrations/20260305180538__ProbeApp.Designer.cs,2379,tesisproject.shared.Entities.Catalogs.ProjectType,"b.HasOne(""tesisproject.shared.Entities.Catalogs.ProjectType"", ""ProjectType"")"
migrations,tesisproject.backend/Migrations/20260305180538__ProbeApp.Designer.cs,2396,tesisproject.shared.Entities.Core.ProjectDocument,"modelBuilder.Entity(""tesisproject.shared.Entities.Core.ProjectDocument"", b =>"
migrations,tesisproject.backend/Migrations/20260305180538__ProbeApp.Designer.cs,2398,tesisproject.shared.Entities.Core.Document,"b.HasOne(""tesisproject.shared.Entities.Core.Document"", ""Document"")"
migrations,tesisproject.backend/Migrations/20260305180538__ProbeApp.Designer.cs,2404,tesisproject.shared.Entities.Core.Project,"b.HasOne(""tesisproject.shared.Entities.Core.Project"", ""Project"")"
migrations,tesisproject.backend/Migrations/20260305180538__ProbeApp.Designer.cs,2415,tesisproject.shared.Entities.Core.ProjectExtension,"modelBuilder.Entity(""tesisproject.shared.Entities.Core.ProjectExtension"", b =>"
migrations,tesisproject.backend/Migrations/20260305180538__ProbeApp.Designer.cs,2417,tesisproject.shared.Entities.Core.Document,"b.HasOne(""tesisproject.shared.Entities.Core.Document"", ""Document"")"
migrations,tesisproject.backend/Migrations/20260305180538__ProbeApp.Designer.cs,2422,tesisproject.shared.Entities.Catalogs.ProjectExtensionType,"b.HasOne(""tesisproject.shared.Entities.Catalogs.ProjectExtensionType"", ""ProjectExtensionType"")"
migrations,tesisproject.backend/Migrations/20260305180538__ProbeApp.Designer.cs,2427,tesisproject.shared.Entities.Core.Project,"b.HasOne(""tesisproject.shared.Entities.Core.Project"", ""Project"")"
migrations,tesisproject.backend/Migrations/20260305180538__ProbeApp.Designer.cs,2440,tesisproject.shared.Entities.Core.ProjectObjective,"modelBuilder.Entity(""tesisproject.shared.Entities.Core.ProjectObjective"", b =>"
migrations,tesisproject.backend/Migrations/20260305180538__ProbeApp.Designer.cs,2442,tesisproject.shared.Entities.Catalogs.ObjectiveType,"b.HasOne(""tesisproject.shared.Entities.Catalogs.ObjectiveType"", ""ObjectiveType"")"
migrations,tesisproject.backend/Migrations/20260305180538__ProbeApp.Designer.cs,2448,tesisproject.shared.Entities.Core.Project,"b.HasOne(""tesisproject.shared.Entities.Core.Project"", ""Project"")"
migrations,tesisproject.backend/Migrations/20260305180538__ProbeApp.Designer.cs,2459,tesisproject.shared.Entities.Core.ProjectResearchCategory,"modelBuilder.Entity(""tesisproject.shared.Entities.Core.ProjectResearchCategory"", b =>"
migrations,tesisproject.backend/Migrations/20260305180538__ProbeApp.Designer.cs,2461,tesisproject.shared.Entities.Core.Project,"b.HasOne(""tesisproject.shared.Entities.Core.Project"", ""Project"")"
migrations,tesisproject.backend/Migrations/20260305180538__ProbeApp.Designer.cs,2467,tesisproject.shared.Entities.Catalogs.ResearchCategory,"b.HasOne(""tesisproject.shared.Entities.Catalogs.ResearchCategory"", ""ResearchCategory"")"
migrations,tesisproject.backend/Migrations/20260305180538__ProbeApp.Designer.cs,2478,tesisproject.shared.Entities.Core.UserFacultyScopeAssignment,"modelBuilder.Entity(""tesisproject.shared.Entities.Core.UserFacultyScopeAssignment"", b =>"
migrations,tesisproject.backend/Migrations/20260305180538__ProbeApp.Designer.cs,2480,tesisproject.shared.Entities.Core.FacultyScope,"b.HasOne(""tesisproject.shared.Entities.Core.FacultyScope"", ""FacultyScope"")"
migrations,tesisproject.backend/Migrations/20260305180538__ProbeApp.Designer.cs,2486,tesisproject.shared.Entities.Auth.AppUser,"b.HasOne(""tesisproject.shared.Entities.Auth.AppUser"", ""User"")"
migrations,tesisproject.backend/Migrations/20260305180538__ProbeApp.Designer.cs,2497,tesisproject.shared.Entities.Core.Visit,"modelBuilder.Entity(""tesisproject.shared.Entities.Core.Visit"", b =>"
migrations,tesisproject.backend/Migrations/20260305180538__ProbeApp.Designer.cs,2499,tesisproject.shared.Entities.Core.Document,"b.HasOne(""tesisproject.shared.Entities.Core.Document"", ""Document"")"
migrations,tesisproject.backend/Migrations/20260305180538__ProbeApp.Designer.cs,2505,tesisproject.shared.Entities.Core.Document,"b.HasOne(""tesisproject.shared.Entities.Core.Document"", ""FundingDocument"")"
migrations,tesisproject.backend/Migrations/20260305180538__ProbeApp.Designer.cs,2511,tesisproject.shared.Entities.Auth.AppUser,"b.HasOne(""tesisproject.shared.Entities.Auth.AppUser"", null)"
migrations,tesisproject.backend/Migrations/20260305180538__ProbeApp.Designer.cs,2516,tesisproject.shared.Entities.Core.Document,"b.HasOne(""tesisproject.shared.Entities.Core.Document"", ""ProgressDocument"")"
migrations,tesisproject.backend/Migrations/20260305180538__ProbeApp.Designer.cs,2522,tesisproject.shared.Entities.Core.Project,"b.HasOne(""tesisproject.shared.Entities.Core.Project"", ""Project"")"
migrations,tesisproject.backend/Migrations/20260305180538__ProbeApp.Designer.cs,2528,tesisproject.shared.Entities.Catalogs.VisitState,"b.HasOne(""tesisproject.shared.Entities.Catalogs.VisitState"", ""VisitState"")"
migrations,tesisproject.backend/Migrations/20260305180538__ProbeApp.Designer.cs,2545,tesisproject.shared.Entities.Core.VisitIssue,"modelBuilder.Entity(""tesisproject.shared.Entities.Core.VisitIssue"", b =>"
migrations,tesisproject.backend/Migrations/20260305180538__ProbeApp.Designer.cs,2547,tesisproject.shared.Entities.Auth.AppUser,"b.HasOne(""tesisproject.shared.Entities.Auth.AppUser"", null)"
migrations,tesisproject.backend/Migrations/20260305180538__ProbeApp.Designer.cs,2552,tesisproject.shared.Entities.Core.Visit,"b.HasOne(""tesisproject.shared.Entities.Core.Visit"", ""Visit"")"
migrations,tesisproject.backend/Migrations/20260305180538__ProbeApp.Designer.cs,2561,tesisproject.shared.Entities.Core.VisitObjectiveActivityProgress,"modelBuilder.Entity(""tesisproject.shared.Entities.Core.VisitObjectiveActivityProgress"", b =>"
migrations,tesisproject.backend/Migrations/20260305180538__ProbeApp.Designer.cs,2563,tesisproject.shared.Entities.Core.ObjectiveActivity,"b.HasOne(""tesisproject.shared.Entities.Core.ObjectiveActivity"", ""ObjectiveActivity"")"
migrations,tesisproject.backend/Migrations/20260305180538__ProbeApp.Designer.cs,2569,tesisproject.shared.Entities.Core.Visit,"b.HasOne(""tesisproject.shared.Entities.Core.Visit"", ""Visit"")"
migrations,tesisproject.backend/Migrations/20260305180538__ProbeApp.Designer.cs,2580,tesisproject.shared.Entities.Export.ExportTemplateColumn,"modelBuilder.Entity(""tesisproject.shared.Entities.Export.ExportTemplateColumn"", b =>"
migrations,tesisproject.backend/Migrations/20260305180538__ProbeApp.Designer.cs,2582,tesisproject.shared.Entities.Export.ExportField,"b.HasOne(""tesisproject.shared.Entities.Export.ExportField"", ""ExportField"")"
migrations,tesisproject.backend/Migrations/20260305180538__ProbeApp.Designer.cs,2588,tesisproject.shared.Entities.Export.ExportTemplate,"b.HasOne(""tesisproject.shared.Entities.Export.ExportTemplate"", ""Template"")"
migrations,tesisproject.backend/Migrations/20260305180538__ProbeApp.Designer.cs,2599,tesisproject.shared.Entities.Catalogs.Country,"modelBuilder.Entity(""tesisproject.shared.Entities.Catalogs.Country"", b =>"
migrations,tesisproject.backend/Migrations/20260305180538__ProbeApp.Designer.cs,2604,tesisproject.shared.Entities.Catalogs.ProductAttribute,"modelBuilder.Entity(""tesisproject.shared.Entities.Catalogs.ProductAttribute"", b =>"
migrations,tesisproject.backend/Migrations/20260305180538__ProbeApp.Designer.cs,2611,tesisproject.shared.Entities.Catalogs.ProjectExtensionType,"modelBuilder.Entity(""tesisproject.shared.Entities.Catalogs.ProjectExtensionType"", b =>"
migrations,tesisproject.backend/Migrations/20260305180538__ProbeApp.Designer.cs,2616,tesisproject.shared.Entities.Catalogs.ResearchCategory,"modelBuilder.Entity(""tesisproject.shared.Entities.Catalogs.ResearchCategory"", b =>"
migrations,tesisproject.backend/Migrations/20260305180538__ProbeApp.Designer.cs,2623,tesisproject.shared.Entities.Catalogs.ResearchCategoryGroup,"modelBuilder.Entity(""tesisproject.shared.Entities.Catalogs.ResearchCategoryGroup"", b =>"
migrations,tesisproject.backend/Migrations/20260305180538__ProbeApp.Designer.cs,2628,tesisproject.shared.Entities.Catalogs.ResearchCategoryType,"modelBuilder.Entity(""tesisproject.shared.Entities.Catalogs.ResearchCategoryType"", b =>"
migrations,tesisproject.backend/Migrations/20260305180538__ProbeApp.Designer.cs,2633,tesisproject.shared.Entities.Core.Budget,"modelBuilder.Entity(""tesisproject.shared.Entities.Core.Budget"", b =>"
migrations,tesisproject.backend/Migrations/20260305180538__ProbeApp.Designer.cs,2638,tesisproject.shared.Entities.Core.Convocation,"modelBuilder.Entity(""tesisproject.shared.Entities.Core.Convocation"", b =>"
migrations,tesisproject.backend/Migrations/20260305180538__ProbeApp.Designer.cs,2645,tesisproject.shared.Entities.Core.ConvocationRule,"modelBuilder.Entity(""tesisproject.shared.Entities.Core.ConvocationRule"", b =>"
migrations,tesisproject.backend/Migrations/20260305180538__ProbeApp.Designer.cs,2650,tesisproject.shared.Entities.Core.Document,"modelBuilder.Entity(""tesisproject.shared.Entities.Core.Document"", b =>"
migrations,tesisproject.backend/Migrations/20260305180538__ProbeApp.Designer.cs,2655,tesisproject.shared.Entities.Core.ExternalResearcher,"modelBuilder.Entity(""tesisproject.shared.Entities.Core.ExternalResearcher"", b =>"
migrations,tesisproject.backend/Migrations/20260305180538__ProbeApp.Designer.cs,2660,tesisproject.shared.Entities.Core.FacultyScope,"modelBuilder.Entity(""tesisproject.shared.Entities.Core.FacultyScope"", b =>"
migrations,tesisproject.backend/Migrations/20260305180538__ProbeApp.Designer.cs,2667,tesisproject.shared.Entities.Core.Group,"modelBuilder.Entity(""tesisproject.shared.Entities.Core.Group"", b =>"
migrations,tesisproject.backend/Migrations/20260305180538__ProbeApp.Designer.cs,2672,tesisproject.shared.Entities.Core.ObjectiveActivity,"modelBuilder.Entity(""tesisproject.shared.Entities.Core.ObjectiveActivity"", b =>"
migrations,tesisproject.backend/Migrations/20260305180538__ProbeApp.Designer.cs,2679,tesisproject.shared.Entities.Core.Products.Product,"modelBuilder.Entity(""tesisproject.shared.Entities.Core.Products.Product"", b =>"
migrations,tesisproject.backend/Migrations/20260305180538__ProbeApp.Designer.cs,2686,tesisproject.shared.Entities.Core.Products.ProductAttributeDefinition,"modelBuilder.Entity(""tesisproject.shared.Entities.Core.Products.ProductAttributeDefinition"", b =>"
migrations,tesisproject.backend/Migrations/20260305180538__ProbeApp.Designer.cs,2691,tesisproject.shared.Entities.Core.Project,"modelBuilder.Entity(""tesisproject.shared.Entities.Core.Project"", b =>"
migrations,tesisproject.backend/Migrations/20260305180538__ProbeApp.Designer.cs,2710,tesisproject.shared.Entities.Core.ProjectObjective,"modelBuilder.Entity(""tesisproject.shared.Entities.Core.ProjectObjective"", b =>"
migrations,tesisproject.backend/Migrations/20260305180538__ProbeApp.Designer.cs,2715,tesisproject.shared.Entities.Core.Visit,"modelBuilder.Entity(""tesisproject.shared.Entities.Core.Visit"", b =>"
migrations,tesisproject.backend/Migrations/20260305180538__ProbeApp.Designer.cs,2724,tesisproject.shared.Entities.Export.ExportField,"modelBuilder.Entity(""tesisproject.shared.Entities.Export.ExportField"", b =>"
migrations,tesisproject.backend/Migrations/20260305180538__ProbeApp.Designer.cs,2729,tesisproject.shared.Entities.Export.ExportTemplate,"modelBuilder.Entity(""tesisproject.shared.Entities.Export.ExportTemplate"", b =>"
migrations,tesisproject.backend/Migrations/20260905070405_ArticlesFusionSync.Designer.cs,14,AppDbContext,[DbContext(typeof(AppDbContext))]
migrations,tesisproject.backend/Migrations/20260905070405_ArticlesFusionSync.Designer.cs,82,IdentityUser<int>,"modelBuilder.Entity(""Microsoft.AspNetCore.Identity.IdentityUser<int>"", b =>"
migrations,tesisproject.backend/Migrations/20260905070405_ArticlesFusionSync.Designer.cs,229,tesisproject.shared.Entities.Auth.AppUser,"modelBuilder.Entity(""tesisproject.shared.Entities.Auth.AppUser"", b =>"
migrations,tesisproject.backend/Migrations/20260905070405_ArticlesFusionSync.Designer.cs,252,tesisproject.shared.Entities.Auth.RefreshToken,"modelBuilder.Entity(""tesisproject.shared.Entities.Auth.RefreshToken"", b =>"
migrations,tesisproject.backend/Migrations/20260905070405_ArticlesFusionSync.Designer.cs,294,tesisproject.shared.Entities.Catalogs.Country,"modelBuilder.Entity(""tesisproject.shared.Entities.Catalogs.Country"", b =>"
migrations,tesisproject.backend/Migrations/20260905070405_ArticlesFusionSync.Designer.cs,326,tesisproject.shared.Entities.Catalogs.DocumentType,"modelBuilder.Entity(""tesisproject.shared.Entities.Catalogs.DocumentType"", b =>"
migrations,tesisproject.backend/Migrations/20260905070405_ArticlesFusionSync.Designer.cs,350,tesisproject.shared.Entities.Catalogs.FundingType,"modelBuilder.Entity(""tesisproject.shared.Entities.Catalogs.FundingType"", b =>"
migrations,tesisproject.backend/Migrations/20260905070405_ArticlesFusionSync.Designer.cs,374,tesisproject.shared.Entities.Catalogs.GroupType,"modelBuilder.Entity(""tesisproject.shared.Entities.Catalogs.GroupType"", b =>"
migrations,tesisproject.backend/Migrations/20260905070405_ArticlesFusionSync.Designer.cs,398,tesisproject.shared.Entities.Catalogs.IndexingSource,"modelBuilder.Entity(""tesisproject.shared.Entities.Catalogs.IndexingSource"", b =>"
migrations,tesisproject.backend/Migrations/20260905070405_ArticlesFusionSync.Designer.cs,428,tesisproject.shared.Entities.Catalogs.Institution,"modelBuilder.Entity(""tesisproject.shared.Entities.Catalogs.Institution"", b =>"
migrations,tesisproject.backend/Migrations/20260905070405_ArticlesFusionSync.Designer.cs,461,tesisproject.shared.Entities.Catalogs.MemberRoleType,"modelBuilder.Entity(""tesisproject.shared.Entities.Catalogs.MemberRoleType"", b =>"
migrations,tesisproject.backend/Migrations/20260905070405_ArticlesFusionSync.Designer.cs,488,tesisproject.shared.Entities.Catalogs.ObjectiveType,"modelBuilder.Entity(""tesisproject.shared.Entities.Catalogs.ObjectiveType"", b =>"
migrations,tesisproject.backend/Migrations/20260905070405_ArticlesFusionSync.Designer.cs,512,tesisproject.shared.Entities.Catalogs.ProductAttribute,"modelBuilder.Entity(""tesisproject.shared.Entities.Catalogs.ProductAttribute"", b =>"
migrations,tesisproject.backend/Migrations/20260905070405_ArticlesFusionSync.Designer.cs,543,tesisproject.shared.Entities.Catalogs.ProductType,"modelBuilder.Entity(""tesisproject.shared.Entities.Catalogs.ProductType"", b =>"
migrations,tesisproject.backend/Migrations/20260905070405_ArticlesFusionSync.Designer.cs,570,tesisproject.shared.Entities.Catalogs.ProjectExtensionType,"modelBuilder.Entity(""tesisproject.shared.Entities.Catalogs.ProjectExtensionType"", b =>"
migrations,tesisproject.backend/Migrations/20260905070405_ArticlesFusionSync.Designer.cs,597,tesisproject.shared.Entities.Catalogs.ProjectOriginType,"modelBuilder.Entity(""tesisproject.shared.Entities.Catalogs.ProjectOriginType"", b =>"
migrations,tesisproject.backend/Migrations/20260905070405_ArticlesFusionSync.Designer.cs,621,tesisproject.shared.Entities.Catalogs.ProjectState,"modelBuilder.Entity(""tesisproject.shared.Entities.Catalogs.ProjectState"", b =>"
migrations,tesisproject.backend/Migrations/20260905070405_ArticlesFusionSync.Designer.cs,645,tesisproject.shared.Entities.Catalogs.ProjectType,"modelBuilder.Entity(""tesisproject.shared.Entities.Catalogs.ProjectType"", b =>"
migrations,tesisproject.backend/Migrations/20260905070405_ArticlesFusionSync.Designer.cs,669,tesisproject.shared.Entities.Catalogs.ResearchCategory,"modelBuilder.Entity(""tesisproject.shared.Entities.Catalogs.ResearchCategory"", b =>"
migrations,tesisproject.backend/Migrations/20260905070405_ArticlesFusionSync.Designer.cs,703,tesisproject.shared.Entities.Catalogs.ResearchCategoryGroup,"modelBuilder.Entity(""tesisproject.shared.Entities.Catalogs.ResearchCategoryGroup"", b =>"
migrations,tesisproject.backend/Migrations/20260905070405_ArticlesFusionSync.Designer.cs,727,tesisproject.shared.Entities.Catalogs.ResearchCategoryType,"modelBuilder.Entity(""tesisproject.shared.Entities.Catalogs.ResearchCategoryType"", b =>"
migrations,tesisproject.backend/Migrations/20260905070405_ArticlesFusionSync.Designer.cs,759,tesisproject.shared.Entities.Catalogs.TransactionType,"modelBuilder.Entity(""tesisproject.shared.Entities.Catalogs.TransactionType"", b =>"
migrations,tesisproject.backend/Migrations/20260905070405_ArticlesFusionSync.Designer.cs,783,tesisproject.shared.Entities.Catalogs.VisitState,"modelBuilder.Entity(""tesisproject.shared.Entities.Catalogs.VisitState"", b =>"
migrations,tesisproject.backend/Migrations/20260905070405_ArticlesFusionSync.Designer.cs,807,tesisproject.shared.Entities.Core.AppConfiguration,"modelBuilder.Entity(""tesisproject.shared.Entities.Core.AppConfiguration"", b =>"
migrations,tesisproject.backend/Migrations/20260905070405_ArticlesFusionSync.Designer.cs,867,tesisproject.shared.Entities.Core.Budget,"modelBuilder.Entity(""tesisproject.shared.Entities.Core.Budget"", b =>"
migrations,tesisproject.backend/Migrations/20260905070405_ArticlesFusionSync.Designer.cs,907,tesisproject.shared.Entities.Core.BudgetTransaction,"modelBuilder.Entity(""tesisproject.shared.Entities.Core.BudgetTransaction"", b =>"
migrations,tesisproject.backend/Migrations/20260905070405_ArticlesFusionSync.Designer.cs,974,tesisproject.shared.Entities.Core.Convocation,"modelBuilder.Entity(""tesisproject.shared.Entities.Core.Convocation"", b =>"
migrations,tesisproject.backend/Migrations/20260905070405_ArticlesFusionSync.Designer.cs,1003,tesisproject.shared.Entities.Core.ConvocationRule,"modelBuilder.Entity(""tesisproject.shared.Entities.Core.ConvocationRule"", b =>"
migrations,tesisproject.backend/Migrations/20260905070405_ArticlesFusionSync.Designer.cs,1063,tesisproject.shared.Entities.Core.ConvocationRuleIndexing,"modelBuilder.Entity(""tesisproject.shared.Entities.Core.ConvocationRuleIndexing"", b =>"
migrations,tesisproject.backend/Migrations/20260905070405_ArticlesFusionSync.Designer.cs,1087,tesisproject.shared.Entities.Core.Document,"modelBuilder.Entity(""tesisproject.shared.Entities.Core.Document"", b =>"
migrations,tesisproject.backend/Migrations/20260905070405_ArticlesFusionSync.Designer.cs,1136,tesisproject.shared.Entities.Core.ExternalResearcher,"modelBuilder.Entity(""tesisproject.shared.Entities.Core.ExternalResearcher"", b =>"
migrations,tesisproject.backend/Migrations/20260905070405_ArticlesFusionSync.Designer.cs,1168,tesisproject.shared.Entities.Core.ExternalResearcherProject,"modelBuilder.Entity(""tesisproject.shared.Entities.Core.ExternalResearcherProject"", b =>"
migrations,tesisproject.backend/Migrations/20260905070405_ArticlesFusionSync.Designer.cs,1207,tesisproject.shared.Entities.Core.FacultyScope,"modelBuilder.Entity(""tesisproject.shared.Entities.Core.FacultyScope"", b =>"
migrations,tesisproject.backend/Migrations/20260905070405_ArticlesFusionSync.Designer.cs,1233,tesisproject.shared.Entities.Core.FacultyScopeFaculty,"modelBuilder.Entity(""tesisproject.shared.Entities.Core.FacultyScopeFaculty"", b =>"
migrations,tesisproject.backend/Migrations/20260905070405_ArticlesFusionSync.Designer.cs,1254,tesisproject.shared.Entities.Core.Group,"modelBuilder.Entity(""tesisproject.shared.Entities.Core.Group"", b =>"
migrations,tesisproject.backend/Migrations/20260905070405_ArticlesFusionSync.Designer.cs,1277,tesisproject.shared.Entities.Core.GroupMember,"modelBuilder.Entity(""tesisproject.shared.Entities.Core.GroupMember"", b =>"
migrations,tesisproject.backend/Migrations/20260905070405_ArticlesFusionSync.Designer.cs,1311,tesisproject.shared.Entities.Core.ObjectiveActivity,"modelBuilder.Entity(""tesisproject.shared.Entities.Core.ObjectiveActivity"", b =>"
migrations,tesisproject.backend/Migrations/20260905070405_ArticlesFusionSync.Designer.cs,1345,tesisproject.shared.Entities.Core.ObjectiveActivityUser,"modelBuilder.Entity(""tesisproject.shared.Entities.Core.ObjectiveActivityUser"", b =>"
migrations,tesisproject.backend/Migrations/20260905070405_ArticlesFusionSync.Designer.cs,1382,tesisproject.shared.Entities.Core.Products.Product,"modelBuilder.Entity(""tesisproject.shared.Entities.Core.Products.Product"", b =>"
migrations,tesisproject.backend/Migrations/20260905070405_ArticlesFusionSync.Designer.cs,1430,tesisproject.shared.Entities.Core.Products.ProductAttributeDefinition,"modelBuilder.Entity(""tesisproject.shared.Entities.Core.Products.ProductAttributeDefinition"", b =>"
migrations,tesisproject.backend/Migrations/20260905070405_ArticlesFusionSync.Designer.cs,1459,tesisproject.shared.Entities.Core.Products.ProductAuthor,"modelBuilder.Entity(""tesisproject.shared.Entities.Core.Products.ProductAuthor"", b =>"
migrations,tesisproject.backend/Migrations/20260905070405_ArticlesFusionSync.Designer.cs,1489,tesisproject.shared.Entities.Core.Products.ProductValue,"modelBuilder.Entity(""tesisproject.shared.Entities.Core.Products.ProductValue"", b =>"
migrations,tesisproject.backend/Migrations/20260905070405_ArticlesFusionSync.Designer.cs,1527,tesisproject.shared.Entities.Core.Project,"modelBuilder.Entity(""tesisproject.shared.Entities.Core.Project"", b =>"
migrations,tesisproject.backend/Migrations/20260905070405_ArticlesFusionSync.Designer.cs,1603,tesisproject.shared.Entities.Core.ProjectDocument,"modelBuilder.Entity(""tesisproject.shared.Entities.Core.ProjectDocument"", b =>"
migrations,tesisproject.backend/Migrations/20260905070405_ArticlesFusionSync.Designer.cs,1629,tesisproject.shared.Entities.Core.ProjectExtension,"modelBuilder.Entity(""tesisproject.shared.Entities.Core.ProjectExtension"", b =>"
migrations,tesisproject.backend/Migrations/20260905070405_ArticlesFusionSync.Designer.cs,1666,tesisproject.shared.Entities.Core.ProjectObjective,"modelBuilder.Entity(""tesisproject.shared.Entities.Core.ProjectObjective"", b =>"
migrations,tesisproject.backend/Migrations/20260905070405_ArticlesFusionSync.Designer.cs,1702,tesisproject.shared.Entities.Core.ProjectResearchCategory,"modelBuilder.Entity(""tesisproject.shared.Entities.Core.ProjectResearchCategory"", b =>"
migrations,tesisproject.backend/Migrations/20260905070405_ArticlesFusionSync.Designer.cs,1726,tesisproject.shared.Entities.Core.UserFacultyScopeAssignment,"modelBuilder.Entity(""tesisproject.shared.Entities.Core.UserFacultyScopeAssignment"", b =>"
migrations,tesisproject.backend/Migrations/20260905070405_ArticlesFusionSync.Designer.cs,1748,tesisproject.shared.Entities.Core.Visit,"modelBuilder.Entity(""tesisproject.shared.Entities.Core.Visit"", b =>"
migrations,tesisproject.backend/Migrations/20260905070405_ArticlesFusionSync.Designer.cs,1756,AcademicPeriodId,"b.Property<int?>(""AcademicPeriodId"")"
migrations,tesisproject.backend/Migrations/20260905070405_ArticlesFusionSync.Designer.cs,1803,tesisproject.shared.Entities.Core.VisitIssue,"modelBuilder.Entity(""tesisproject.shared.Entities.Core.VisitIssue"", b =>"
migrations,tesisproject.backend/Migrations/20260905070405_ArticlesFusionSync.Designer.cs,1836,tesisproject.shared.Entities.Core.VisitObjectiveActivityProgress,"modelBuilder.Entity(""tesisproject.shared.Entities.Core.VisitObjectiveActivityProgress"", b =>"
migrations,tesisproject.backend/Migrations/20260905070405_ArticlesFusionSync.Designer.cs,1868,tesisproject.shared.Entities.Export.ExportField,"modelBuilder.Entity(""tesisproject.shared.Entities.Export.ExportField"", b =>"
migrations,tesisproject.backend/Migrations/20260905070405_ArticlesFusionSync.Designer.cs,1910,tesisproject.shared.Entities.Export.ExportTemplate,"modelBuilder.Entity(""tesisproject.shared.Entities.Export.ExportTemplate"", b =>"
migrations,tesisproject.backend/Migrations/20260905070405_ArticlesFusionSync.Designer.cs,1947,tesisproject.shared.Entities.Export.ExportTemplateColumn,"modelBuilder.Entity(""tesisproject.shared.Entities.Export.ExportTemplateColumn"", b =>"
migrations,tesisproject.backend/Migrations/20260905070405_ArticlesFusionSync.Designer.cs,2000,IdentityUser<int>,"b.HasOne(""Microsoft.AspNetCore.Identity.IdentityUser<int>"", null)"
migrations,tesisproject.backend/Migrations/20260905070405_ArticlesFusionSync.Designer.cs,2009,IdentityUser<int>,"b.HasOne(""Microsoft.AspNetCore.Identity.IdentityUser<int>"", null)"
migrations,tesisproject.backend/Migrations/20260905070405_ArticlesFusionSync.Designer.cs,2024,IdentityUser<int>,"b.HasOne(""Microsoft.AspNetCore.Identity.IdentityUser<int>"", null)"
migrations,tesisproject.backend/Migrations/20260905070405_ArticlesFusionSync.Designer.cs,2033,IdentityUser<int>,"b.HasOne(""Microsoft.AspNetCore.Identity.IdentityUser<int>"", null)"
migrations,tesisproject.backend/Migrations/20260905070405_ArticlesFusionSync.Designer.cs,2040,tesisproject.shared.Entities.Auth.AppUser,"modelBuilder.Entity(""tesisproject.shared.Entities.Auth.AppUser"", b =>"
migrations,tesisproject.backend/Migrations/20260905070405_ArticlesFusionSync.Designer.cs,2042,IdentityUser<int>,"b.HasOne(""Microsoft.AspNetCore.Identity.IdentityUser<int>"", null)"
migrations,tesisproject.backend/Migrations/20260905070405_ArticlesFusionSync.Designer.cs,2048,tesisproject.shared.Entities.Auth.RefreshToken,"modelBuilder.Entity(""tesisproject.shared.Entities.Auth.RefreshToken"", b =>"
migrations,tesisproject.backend/Migrations/20260905070405_ArticlesFusionSync.Designer.cs,2050,IdentityUser<int>,"b.HasOne(""Microsoft.AspNetCore.Identity.IdentityUser<int>"", null)"
migrations,tesisproject.backend/Migrations/20260905070405_ArticlesFusionSync.Designer.cs,2057,tesisproject.shared.Entities.Catalogs.Institution,"modelBuilder.Entity(""tesisproject.shared.Entities.Catalogs.Institution"", b =>"
migrations,tesisproject.backend/Migrations/20260905070405_ArticlesFusionSync.Designer.cs,2059,tesisproject.shared.Entities.Catalogs.Country,"b.HasOne(""tesisproject.shared.Entities.Catalogs.Country"", ""Country"")"
migrations,tesisproject.backend/Migrations/20260905070405_ArticlesFusionSync.Designer.cs,2067,tesisproject.shared.Entities.Catalogs.ResearchCategory,"modelBuilder.Entity(""tesisproject.shared.Entities.Catalogs.ResearchCategory"", b =>"
migrations,tesisproject.backend/Migrations/20260905070405_ArticlesFusionSync.Designer.cs,2069,tesisproject.shared.Entities.Catalogs.ResearchCategory,"b.HasOne(""tesisproject.shared.Entities.Catalogs.ResearchCategory"", ""ParentCategory"")"
migrations,tesisproject.backend/Migrations/20260905070405_ArticlesFusionSync.Designer.cs,2074,tesisproject.shared.Entities.Catalogs.ResearchCategoryType,"b.HasOne(""tesisproject.shared.Entities.Catalogs.ResearchCategoryType"", ""ResearchCategoryType"")"
migrations,tesisproject.backend/Migrations/20260905070405_ArticlesFusionSync.Designer.cs,2085,tesisproject.shared.Entities.Catalogs.ResearchCategoryType,"modelBuilder.Entity(""tesisproject.shared.Entities.Catalogs.ResearchCategoryType"", b =>"
migrations,tesisproject.backend/Migrations/20260905070405_ArticlesFusionSync.Designer.cs,2087,tesisproject.shared.Entities.Catalogs.ResearchCategoryGroup,"b.HasOne(""tesisproject.shared.Entities.Catalogs.ResearchCategoryGroup"", ""ResearchCategoryGroup"")"
migrations,tesisproject.backend/Migrations/20260905070405_ArticlesFusionSync.Designer.cs,2096,tesisproject.shared.Entities.Core.Budget,"modelBuilder.Entity(""tesisproject.shared.Entities.Core.Budget"", b =>"
migrations,tesisproject.backend/Migrations/20260905070405_ArticlesFusionSync.Designer.cs,2098,tesisproject.shared.Entities.Auth.AppUser,"b.HasOne(""tesisproject.shared.Entities.Auth.AppUser"", null)"
migrations,tesisproject.backend/Migrations/20260905070405_ArticlesFusionSync.Designer.cs,2104,tesisproject.shared.Entities.Catalogs.FundingType,"b.HasOne(""tesisproject.shared.Entities.Catalogs.FundingType"", ""FundingType"")"
migrations,tesisproject.backend/Migrations/20260905070405_ArticlesFusionSync.Designer.cs,2110,tesisproject.shared.Entities.Core.Project,"b.HasOne(""tesisproject.shared.Entities.Core.Project"", ""Project"")"
migrations,tesisproject.backend/Migrations/20260905070405_ArticlesFusionSync.Designer.cs,2121,tesisproject.shared.Entities.Core.BudgetTransaction,"modelBuilder.Entity(""tesisproject.shared.Entities.Core.BudgetTransaction"", b =>"
migrations,tesisproject.backend/Migrations/20260905070405_ArticlesFusionSync.Designer.cs,2123,tesisproject.shared.Entities.Core.Budget,"b.HasOne(""tesisproject.shared.Entities.Core.Budget"", ""Budget"")"
migrations,tesisproject.backend/Migrations/20260905070405_ArticlesFusionSync.Designer.cs,2129,tesisproject.shared.Entities.Auth.AppUser,"b.HasOne(""tesisproject.shared.Entities.Auth.AppUser"", null)"
migrations,tesisproject.backend/Migrations/20260905070405_ArticlesFusionSync.Designer.cs,2135,tesisproject.shared.Entities.Auth.AppUser,"b.HasOne(""tesisproject.shared.Entities.Auth.AppUser"", null)"
migrations,tesisproject.backend/Migrations/20260905070405_ArticlesFusionSync.Designer.cs,2140,tesisproject.shared.Entities.Catalogs.TransactionType,"b.HasOne(""tesisproject.shared.Entities.Catalogs.TransactionType"", ""TransactionType"")"
migrations,tesisproject.backend/Migrations/20260905070405_ArticlesFusionSync.Designer.cs,2151,tesisproject.shared.Entities.Core.ConvocationRule,"modelBuilder.Entity(""tesisproject.shared.Entities.Core.ConvocationRule"", b =>"
migrations,tesisproject.backend/Migrations/20260905070405_ArticlesFusionSync.Designer.cs,2153,tesisproject.shared.Entities.Core.Convocation,"b.HasOne(""tesisproject.shared.Entities.Core.Convocation"", ""Convocation"")"
migrations,tesisproject.backend/Migrations/20260905070405_ArticlesFusionSync.Designer.cs,2159,tesisproject.shared.Entities.Catalogs.ProductType,"b.HasOne(""tesisproject.shared.Entities.Catalogs.ProductType"", null)"
migrations,tesisproject.backend/Migrations/20260905070405_ArticlesFusionSync.Designer.cs,2168,tesisproject.shared.Entities.Core.ConvocationRuleIndexing,"modelBuilder.Entity(""tesisproject.shared.Entities.Core.ConvocationRuleIndexing"", b =>"
migrations,tesisproject.backend/Migrations/20260905070405_ArticlesFusionSync.Designer.cs,2170,tesisproject.shared.Entities.Core.ConvocationRule,"b.HasOne(""tesisproject.shared.Entities.Core.ConvocationRule"", ""ConvocationRule"")"
migrations,tesisproject.backend/Migrations/20260905070405_ArticlesFusionSync.Designer.cs,2176,tesisproject.shared.Entities.Catalogs.IndexingSource,"b.HasOne(""tesisproject.shared.Entities.Catalogs.IndexingSource"", ""IndexingSource"")"
migrations,tesisproject.backend/Migrations/20260905070405_ArticlesFusionSync.Designer.cs,2187,tesisproject.shared.Entities.Core.Document,"modelBuilder.Entity(""tesisproject.shared.Entities.Core.Document"", b =>"
migrations,tesisproject.backend/Migrations/20260905070405_ArticlesFusionSync.Designer.cs,2189,tesisproject.shared.Entities.Auth.AppUser,"b.HasOne(""tesisproject.shared.Entities.Auth.AppUser"", null)"
migrations,tesisproject.backend/Migrations/20260905070405_ArticlesFusionSync.Designer.cs,2195,tesisproject.shared.Entities.Catalogs.DocumentType,"b.HasOne(""tesisproject.shared.Entities.Catalogs.DocumentType"", ""DocumentType"")"
migrations,tesisproject.backend/Migrations/20260905070405_ArticlesFusionSync.Designer.cs,2201,tesisproject.shared.Entities.Auth.AppUser,"b.HasOne(""tesisproject.shared.Entities.Auth.AppUser"", null)"
migrations,tesisproject.backend/Migrations/20260905070405_ArticlesFusionSync.Designer.cs,2209,tesisproject.shared.Entities.Core.ExternalResearcher,"modelBuilder.Entity(""tesisproject.shared.Entities.Core.ExternalResearcher"", b =>"
migrations,tesisproject.backend/Migrations/20260905070405_ArticlesFusionSync.Designer.cs,2211,tesisproject.shared.Entities.Catalogs.Institution,"b.HasOne(""tesisproject.shared.Entities.Catalogs.Institution"", ""Institution"")"
migrations,tesisproject.backend/Migrations/20260905070405_ArticlesFusionSync.Designer.cs,2219,tesisproject.shared.Entities.Core.ExternalResearcherProject,"modelBuilder.Entity(""tesisproject.shared.Entities.Core.ExternalResearcherProject"", b =>"
migrations,tesisproject.backend/Migrations/20260905070405_ArticlesFusionSync.Designer.cs,2221,tesisproject.shared.Entities.Auth.AppUser,"b.HasOne(""tesisproject.shared.Entities.Auth.AppUser"", null)"
migrations,tesisproject.backend/Migrations/20260905070405_ArticlesFusionSync.Designer.cs,2227,tesisproject.shared.Entities.Core.ExternalResearcher,"b.HasOne(""tesisproject.shared.Entities.Core.ExternalResearcher"", ""ExternalResearcher"")"
migrations,tesisproject.backend/Migrations/20260905070405_ArticlesFusionSync.Designer.cs,2233,tesisproject.shared.Entities.Core.Project,"b.HasOne(""tesisproject.shared.Entities.Core.Project"", ""Project"")"
migrations,tesisproject.backend/Migrations/20260905070405_ArticlesFusionSync.Designer.cs,2244,tesisproject.shared.Entities.Core.FacultyScopeFaculty,"modelBuilder.Entity(""tesisproject.shared.Entities.Core.FacultyScopeFaculty"", b =>"
migrations,tesisproject.backend/Migrations/20260905070405_ArticlesFusionSync.Designer.cs,2246,tesisproject.shared.Entities.Core.FacultyScope,"b.HasOne(""tesisproject.shared.Entities.Core.FacultyScope"", ""FacultyScope"")"
migrations,tesisproject.backend/Migrations/20260905070405_ArticlesFusionSync.Designer.cs,2255,tesisproject.shared.Entities.Core.Group,"modelBuilder.Entity(""tesisproject.shared.Entities.Core.Group"", b =>"
migrations,tesisproject.backend/Migrations/20260905070405_ArticlesFusionSync.Designer.cs,2257,tesisproject.shared.Entities.Catalogs.GroupType,"b.HasOne(""tesisproject.shared.Entities.Catalogs.GroupType"", ""GroupType"")"
migrations,tesisproject.backend/Migrations/20260905070405_ArticlesFusionSync.Designer.cs,2266,tesisproject.shared.Entities.Core.GroupMember,"modelBuilder.Entity(""tesisproject.shared.Entities.Core.GroupMember"", b =>"
migrations,tesisproject.backend/Migrations/20260905070405_ArticlesFusionSync.Designer.cs,2268,tesisproject.shared.Entities.Core.Group,"b.HasOne(""tesisproject.shared.Entities.Core.Group"", ""Group"")"
migrations,tesisproject.backend/Migrations/20260905070405_ArticlesFusionSync.Designer.cs,2274,tesisproject.shared.Entities.Catalogs.MemberRoleType,"b.HasOne(""tesisproject.shared.Entities.Catalogs.MemberRoleType"", ""MemberRole"")"
migrations,tesisproject.backend/Migrations/20260905070405_ArticlesFusionSync.Designer.cs,2280,tesisproject.shared.Entities.Auth.AppUser,"b.HasOne(""tesisproject.shared.Entities.Auth.AppUser"", null)"
migrations,tesisproject.backend/Migrations/20260905070405_ArticlesFusionSync.Designer.cs,2291,tesisproject.shared.Entities.Core.ObjectiveActivity,"modelBuilder.Entity(""tesisproject.shared.Entities.Core.ObjectiveActivity"", b =>"
migrations,tesisproject.backend/Migrations/20260905070405_ArticlesFusionSync.Designer.cs,2293,tesisproject.shared.Entities.Core.ProjectObjective,"b.HasOne(""tesisproject.shared.Entities.Core.ProjectObjective"", ""Objective"")"
migrations,tesisproject.backend/Migrations/20260905070405_ArticlesFusionSync.Designer.cs,2302,tesisproject.shared.Entities.Core.ObjectiveActivityUser,"modelBuilder.Entity(""tesisproject.shared.Entities.Core.ObjectiveActivityUser"", b =>"
migrations,tesisproject.backend/Migrations/20260905070405_ArticlesFusionSync.Designer.cs,2304,tesisproject.shared.Entities.Core.ObjectiveActivity,"b.HasOne(""tesisproject.shared.Entities.Core.ObjectiveActivity"", ""ObjectiveActivity"")"
migrations,tesisproject.backend/Migrations/20260905070405_ArticlesFusionSync.Designer.cs,2310,tesisproject.shared.Entities.Core.Visit,"b.HasOne(""tesisproject.shared.Entities.Core.Visit"", ""Visit"")"
migrations,tesisproject.backend/Migrations/20260905070405_ArticlesFusionSync.Designer.cs,2321,tesisproject.shared.Entities.Core.Products.Product,"modelBuilder.Entity(""tesisproject.shared.Entities.Core.Products.Product"", b =>"
migrations,tesisproject.backend/Migrations/20260905070405_ArticlesFusionSync.Designer.cs,2323,tesisproject.shared.Entities.Catalogs.ProductType,"b.HasOne(""tesisproject.shared.Entities.Catalogs.ProductType"", ""ProductType"")"
migrations,tesisproject.backend/Migrations/20260905070405_ArticlesFusionSync.Designer.cs,2329,tesisproject.shared.Entities.Core.Project,"b.HasOne(""tesisproject.shared.Entities.Core.Project"", ""Project"")"
migrations,tesisproject.backend/Migrations/20260905070405_ArticlesFusionSync.Designer.cs,2335,tesisproject.shared.Entities.Core.Visit,"b.HasOne(""tesisproject.shared.Entities.Core.Visit"", ""Visit"")"
migrations,tesisproject.backend/Migrations/20260905070405_ArticlesFusionSync.Designer.cs,2347,tesisproject.shared.Entities.Core.Products.ProductAttributeDefinition,"modelBuilder.Entity(""tesisproject.shared.Entities.Core.Products.ProductAttributeDefinition"", b =>"
migrations,tesisproject.backend/Migrations/20260905070405_ArticlesFusionSync.Designer.cs,2349,tesisproject.shared.Entities.Catalogs.ProductAttribute,"b.HasOne(""tesisproject.shared.Entities.Catalogs.ProductAttribute"", ""ProductAttribute"")"
migrations,tesisproject.backend/Migrations/20260905070405_ArticlesFusionSync.Designer.cs,2355,tesisproject.shared.Entities.Catalogs.ProductType,"b.HasOne(""tesisproject.shared.Entities.Catalogs.ProductType"", ""ProductType"")"
migrations,tesisproject.backend/Migrations/20260905070405_ArticlesFusionSync.Designer.cs,2366,tesisproject.shared.Entities.Core.Products.ProductAuthor,"modelBuilder.Entity(""tesisproject.shared.Entities.Core.Products.ProductAuthor"", b =>"
migrations,tesisproject.backend/Migrations/20260905070405_ArticlesFusionSync.Designer.cs,2368,tesisproject.shared.Entities.Core.Products.Product,"b.HasOne(""tesisproject.shared.Entities.Core.Products.Product"", ""Product"")"
migrations,tesisproject.backend/Migrations/20260905070405_ArticlesFusionSync.Designer.cs,2374,tesisproject.shared.Entities.Auth.AppUser,"b.HasOne(""tesisproject.shared.Entities.Auth.AppUser"", null)"
migrations,tesisproject.backend/Migrations/20260905070405_ArticlesFusionSync.Designer.cs,2383,tesisproject.shared.Entities.Core.Products.ProductValue,"modelBuilder.Entity(""tesisproject.shared.Entities.Core.Products.ProductValue"", b =>"
migrations,tesisproject.backend/Migrations/20260905070405_ArticlesFusionSync.Designer.cs,2385,tesisproject.shared.Entities.Core.Products.ProductAttributeDefinition,"b.HasOne(""tesisproject.shared.Entities.Core.Products.ProductAttributeDefinition"", ""AttributeDefinition"")"
migrations,tesisproject.backend/Migrations/20260905070405_ArticlesFusionSync.Designer.cs,2391,tesisproject.shared.Entities.Catalogs.ProductAttribute,"b.HasOne(""tesisproject.shared.Entities.Catalogs.ProductAttribute"", null)"
migrations,tesisproject.backend/Migrations/20260905070405_ArticlesFusionSync.Designer.cs,2396,tesisproject.shared.Entities.Core.Products.Product,"b.HasOne(""tesisproject.shared.Entities.Core.Products.Product"", ""Product"")"
migrations,tesisproject.backend/Migrations/20260905070405_ArticlesFusionSync.Designer.cs,2407,tesisproject.shared.Entities.Core.Project,"modelBuilder.Entity(""tesisproject.shared.Entities.Core.Project"", b =>"
migrations,tesisproject.backend/Migrations/20260905070405_ArticlesFusionSync.Designer.cs,2409,tesisproject.shared.Entities.Core.Convocation,"b.HasOne(""tesisproject.shared.Entities.Core.Convocation"", ""Convocation"")"
migrations,tesisproject.backend/Migrations/20260905070405_ArticlesFusionSync.Designer.cs,2415,tesisproject.shared.Entities.Auth.AppUser,"b.HasOne(""tesisproject.shared.Entities.Auth.AppUser"", null)"
migrations,tesisproject.backend/Migrations/20260905070405_ArticlesFusionSync.Designer.cs,2421,tesisproject.shared.Entities.Core.Group,"b.HasOne(""tesisproject.shared.Entities.Core.Group"", ""ProjectGroup"")"
migrations,tesisproject.backend/Migrations/20260905070405_ArticlesFusionSync.Designer.cs,2427,tesisproject.shared.Entities.Catalogs.ProjectOriginType,"b.HasOne(""tesisproject.shared.Entities.Catalogs.ProjectOriginType"", ""ProjectOriginType"")"
migrations,tesisproject.backend/Migrations/20260905070405_ArticlesFusionSync.Designer.cs,2433,tesisproject.shared.Entities.Catalogs.ProjectState,"b.HasOne(""tesisproject.shared.Entities.Catalogs.ProjectState"", ""ProjectState"")"
migrations,tesisproject.backend/Migrations/20260905070405_ArticlesFusionSync.Designer.cs,2439,tesisproject.shared.Entities.Catalogs.ProjectType,"b.HasOne(""tesisproject.shared.Entities.Catalogs.ProjectType"", ""ProjectType"")"
migrations,tesisproject.backend/Migrations/20260905070405_ArticlesFusionSync.Designer.cs,2456,tesisproject.shared.Entities.Core.ProjectDocument,"modelBuilder.Entity(""tesisproject.shared.Entities.Core.ProjectDocument"", b =>"
migrations,tesisproject.backend/Migrations/20260905070405_ArticlesFusionSync.Designer.cs,2458,tesisproject.shared.Entities.Core.Document,"b.HasOne(""tesisproject.shared.Entities.Core.Document"", ""Document"")"
migrations,tesisproject.backend/Migrations/20260905070405_ArticlesFusionSync.Designer.cs,2464,tesisproject.shared.Entities.Core.Project,"b.HasOne(""tesisproject.shared.Entities.Core.Project"", ""Project"")"
migrations,tesisproject.backend/Migrations/20260905070405_ArticlesFusionSync.Designer.cs,2475,tesisproject.shared.Entities.Core.ProjectExtension,"modelBuilder.Entity(""tesisproject.shared.Entities.Core.ProjectExtension"", b =>"
migrations,tesisproject.backend/Migrations/20260905070405_ArticlesFusionSync.Designer.cs,2477,tesisproject.shared.Entities.Core.Document,"b.HasOne(""tesisproject.shared.Entities.Core.Document"", ""Document"")"
migrations,tesisproject.backend/Migrations/20260905070405_ArticlesFusionSync.Designer.cs,2482,tesisproject.shared.Entities.Catalogs.ProjectExtensionType,"b.HasOne(""tesisproject.shared.Entities.Catalogs.ProjectExtensionType"", ""ProjectExtensionType"")"
migrations,tesisproject.backend/Migrations/20260905070405_ArticlesFusionSync.Designer.cs,2487,tesisproject.shared.Entities.Core.Project,"b.HasOne(""tesisproject.shared.Entities.Core.Project"", ""Project"")"
migrations,tesisproject.backend/Migrations/20260905070405_ArticlesFusionSync.Designer.cs,2500,tesisproject.shared.Entities.Core.ProjectObjective,"modelBuilder.Entity(""tesisproject.shared.Entities.Core.ProjectObjective"", b =>"
migrations,tesisproject.backend/Migrations/20260905070405_ArticlesFusionSync.Designer.cs,2502,tesisproject.shared.Entities.Catalogs.ObjectiveType,"b.HasOne(""tesisproject.shared.Entities.Catalogs.ObjectiveType"", ""ObjectiveType"")"
migrations,tesisproject.backend/Migrations/20260905070405_ArticlesFusionSync.Designer.cs,2508,tesisproject.shared.Entities.Core.Project,"b.HasOne(""tesisproject.shared.Entities.Core.Project"", ""Project"")"
migrations,tesisproject.backend/Migrations/20260905070405_ArticlesFusionSync.Designer.cs,2519,tesisproject.shared.Entities.Core.ProjectResearchCategory,"modelBuilder.Entity(""tesisproject.shared.Entities.Core.ProjectResearchCategory"", b =>"
migrations,tesisproject.backend/Migrations/20260905070405_ArticlesFusionSync.Designer.cs,2521,tesisproject.shared.Entities.Core.Project,"b.HasOne(""tesisproject.shared.Entities.Core.Project"", ""Project"")"
migrations,tesisproject.backend/Migrations/20260905070405_ArticlesFusionSync.Designer.cs,2527,tesisproject.shared.Entities.Catalogs.ResearchCategory,"b.HasOne(""tesisproject.shared.Entities.Catalogs.ResearchCategory"", ""ResearchCategory"")"
migrations,tesisproject.backend/Migrations/20260905070405_ArticlesFusionSync.Designer.cs,2538,tesisproject.shared.Entities.Core.UserFacultyScopeAssignment,"modelBuilder.Entity(""tesisproject.shared.Entities.Core.UserFacultyScopeAssignment"", b =>"
migrations,tesisproject.backend/Migrations/20260905070405_ArticlesFusionSync.Designer.cs,2540,tesisproject.shared.Entities.Core.FacultyScope,"b.HasOne(""tesisproject.shared.Entities.Core.FacultyScope"", ""FacultyScope"")"
migrations,tesisproject.backend/Migrations/20260905070405_ArticlesFusionSync.Designer.cs,2546,tesisproject.shared.Entities.Auth.AppUser,"b.HasOne(""tesisproject.shared.Entities.Auth.AppUser"", ""User"")"
migrations,tesisproject.backend/Migrations/20260905070405_ArticlesFusionSync.Designer.cs,2557,tesisproject.shared.Entities.Core.Visit,"modelBuilder.Entity(""tesisproject.shared.Entities.Core.Visit"", b =>"
migrations,tesisproject.backend/Migrations/20260905070405_ArticlesFusionSync.Designer.cs,2559,tesisproject.shared.Entities.Core.Document,"b.HasOne(""tesisproject.shared.Entities.Core.Document"", ""Document"")"
migrations,tesisproject.backend/Migrations/20260905070405_ArticlesFusionSync.Designer.cs,2565,tesisproject.shared.Entities.Core.Document,"b.HasOne(""tesisproject.shared.Entities.Core.Document"", ""FundingDocument"")"
migrations,tesisproject.backend/Migrations/20260905070405_ArticlesFusionSync.Designer.cs,2571,tesisproject.shared.Entities.Auth.AppUser,"b.HasOne(""tesisproject.shared.Entities.Auth.AppUser"", null)"
migrations,tesisproject.backend/Migrations/20260905070405_ArticlesFusionSync.Designer.cs,2576,tesisproject.shared.Entities.Core.Document,"b.HasOne(""tesisproject.shared.Entities.Core.Document"", ""ProgressDocument"")"
migrations,tesisproject.backend/Migrations/20260905070405_ArticlesFusionSync.Designer.cs,2582,tesisproject.shared.Entities.Core.Project,"b.HasOne(""tesisproject.shared.Entities.Core.Project"", ""Project"")"
migrations,tesisproject.backend/Migrations/20260905070405_ArticlesFusionSync.Designer.cs,2588,tesisproject.shared.Entities.Catalogs.VisitState,"b.HasOne(""tesisproject.shared.Entities.Catalogs.VisitState"", ""VisitState"")"
migrations,tesisproject.backend/Migrations/20260905070405_ArticlesFusionSync.Designer.cs,2605,tesisproject.shared.Entities.Core.VisitIssue,"modelBuilder.Entity(""tesisproject.shared.Entities.Core.VisitIssue"", b =>"
migrations,tesisproject.backend/Migrations/20260905070405_ArticlesFusionSync.Designer.cs,2607,tesisproject.shared.Entities.Auth.AppUser,"b.HasOne(""tesisproject.shared.Entities.Auth.AppUser"", null)"
migrations,tesisproject.backend/Migrations/20260905070405_ArticlesFusionSync.Designer.cs,2612,tesisproject.shared.Entities.Core.Visit,"b.HasOne(""tesisproject.shared.Entities.Core.Visit"", ""Visit"")"
migrations,tesisproject.backend/Migrations/20260905070405_ArticlesFusionSync.Designer.cs,2621,tesisproject.shared.Entities.Core.VisitObjectiveActivityProgress,"modelBuilder.Entity(""tesisproject.shared.Entities.Core.VisitObjectiveActivityProgress"", b =>"
migrations,tesisproject.backend/Migrations/20260905070405_ArticlesFusionSync.Designer.cs,2623,tesisproject.shared.Entities.Core.ObjectiveActivity,"b.HasOne(""tesisproject.shared.Entities.Core.ObjectiveActivity"", ""ObjectiveActivity"")"
migrations,tesisproject.backend/Migrations/20260905070405_ArticlesFusionSync.Designer.cs,2629,tesisproject.shared.Entities.Core.Visit,"b.HasOne(""tesisproject.shared.Entities.Core.Visit"", ""Visit"")"
migrations,tesisproject.backend/Migrations/20260905070405_ArticlesFusionSync.Designer.cs,2640,tesisproject.shared.Entities.Export.ExportTemplateColumn,"modelBuilder.Entity(""tesisproject.shared.Entities.Export.ExportTemplateColumn"", b =>"
migrations,tesisproject.backend/Migrations/20260905070405_ArticlesFusionSync.Designer.cs,2642,tesisproject.shared.Entities.Export.ExportField,"b.HasOne(""tesisproject.shared.Entities.Export.ExportField"", ""ExportField"")"
migrations,tesisproject.backend/Migrations/20260905070405_ArticlesFusionSync.Designer.cs,2648,tesisproject.shared.Entities.Export.ExportTemplate,"b.HasOne(""tesisproject.shared.Entities.Export.ExportTemplate"", ""Template"")"
migrations,tesisproject.backend/Migrations/20260905070405_ArticlesFusionSync.Designer.cs,2659,tesisproject.shared.Entities.Catalogs.Country,"modelBuilder.Entity(""tesisproject.shared.Entities.Catalogs.Country"", b =>"
migrations,tesisproject.backend/Migrations/20260905070405_ArticlesFusionSync.Designer.cs,2664,tesisproject.shared.Entities.Catalogs.ProductAttribute,"modelBuilder.Entity(""tesisproject.shared.Entities.Catalogs.ProductAttribute"", b =>"
migrations,tesisproject.backend/Migrations/20260905070405_ArticlesFusionSync.Designer.cs,2671,tesisproject.shared.Entities.Catalogs.ProjectExtensionType,"modelBuilder.Entity(""tesisproject.shared.Entities.Catalogs.ProjectExtensionType"", b =>"
migrations,tesisproject.backend/Migrations/20260905070405_ArticlesFusionSync.Designer.cs,2676,tesisproject.shared.Entities.Catalogs.ResearchCategory,"modelBuilder.Entity(""tesisproject.shared.Entities.Catalogs.ResearchCategory"", b =>"
migrations,tesisproject.backend/Migrations/20260905070405_ArticlesFusionSync.Designer.cs,2683,tesisproject.shared.Entities.Catalogs.ResearchCategoryGroup,"modelBuilder.Entity(""tesisproject.shared.Entities.Catalogs.ResearchCategoryGroup"", b =>"
migrations,tesisproject.backend/Migrations/20260905070405_ArticlesFusionSync.Designer.cs,2688,tesisproject.shared.Entities.Catalogs.ResearchCategoryType,"modelBuilder.Entity(""tesisproject.shared.Entities.Catalogs.ResearchCategoryType"", b =>"
migrations,tesisproject.backend/Migrations/20260905070405_ArticlesFusionSync.Designer.cs,2693,tesisproject.shared.Entities.Core.Budget,"modelBuilder.Entity(""tesisproject.shared.Entities.Core.Budget"", b =>"
migrations,tesisproject.backend/Migrations/20260905070405_ArticlesFusionSync.Designer.cs,2698,tesisproject.shared.Entities.Core.Convocation,"modelBuilder.Entity(""tesisproject.shared.Entities.Core.Convocation"", b =>"
migrations,tesisproject.backend/Migrations/20260905070405_ArticlesFusionSync.Designer.cs,2705,tesisproject.shared.Entities.Core.ConvocationRule,"modelBuilder.Entity(""tesisproject.shared.Entities.Core.ConvocationRule"", b =>"
migrations,tesisproject.backend/Migrations/20260905070405_ArticlesFusionSync.Designer.cs,2710,tesisproject.shared.Entities.Core.Document,"modelBuilder.Entity(""tesisproject.shared.Entities.Core.Document"", b =>"
migrations,tesisproject.backend/Migrations/20260905070405_ArticlesFusionSync.Designer.cs,2715,tesisproject.shared.Entities.Core.ExternalResearcher,"modelBuilder.Entity(""tesisproject.shared.Entities.Core.ExternalResearcher"", b =>"
migrations,tesisproject.backend/Migrations/20260905070405_ArticlesFusionSync.Designer.cs,2720,tesisproject.shared.Entities.Core.FacultyScope,"modelBuilder.Entity(""tesisproject.shared.Entities.Core.FacultyScope"", b =>"
migrations,tesisproject.backend/Migrations/20260905070405_ArticlesFusionSync.Designer.cs,2727,tesisproject.shared.Entities.Core.Group,"modelBuilder.Entity(""tesisproject.shared.Entities.Core.Group"", b =>"
migrations,tesisproject.backend/Migrations/20260905070405_ArticlesFusionSync.Designer.cs,2732,tesisproject.shared.Entities.Core.ObjectiveActivity,"modelBuilder.Entity(""tesisproject.shared.Entities.Core.ObjectiveActivity"", b =>"
migrations,tesisproject.backend/Migrations/20260905070405_ArticlesFusionSync.Designer.cs,2739,tesisproject.shared.Entities.Core.Products.Product,"modelBuilder.Entity(""tesisproject.shared.Entities.Core.Products.Product"", b =>"
migrations,tesisproject.backend/Migrations/20260905070405_ArticlesFusionSync.Designer.cs,2746,tesisproject.shared.Entities.Core.Products.ProductAttributeDefinition,"modelBuilder.Entity(""tesisproject.shared.Entities.Core.Products.ProductAttributeDefinition"", b =>"
migrations,tesisproject.backend/Migrations/20260905070405_ArticlesFusionSync.Designer.cs,2751,tesisproject.shared.Entities.Core.Project,"modelBuilder.Entity(""tesisproject.shared.Entities.Core.Project"", b =>"
migrations,tesisproject.backend/Migrations/20260905070405_ArticlesFusionSync.Designer.cs,2770,tesisproject.shared.Entities.Core.ProjectObjective,"modelBuilder.Entity(""tesisproject.shared.Entities.Core.ProjectObjective"", b =>"
migrations,tesisproject.backend/Migrations/20260905070405_ArticlesFusionSync.Designer.cs,2775,tesisproject.shared.Entities.Core.Visit,"modelBuilder.Entity(""tesisproject.shared.Entities.Core.Visit"", b =>"
migrations,tesisproject.backend/Migrations/20260905070405_ArticlesFusionSync.Designer.cs,2784,tesisproject.shared.Entities.Export.ExportField,"modelBuilder.Entity(""tesisproject.shared.Entities.Export.ExportField"", b =>"
migrations,tesisproject.backend/Migrations/20260905070405_ArticlesFusionSync.Designer.cs,2789,tesisproject.shared.Entities.Export.ExportTemplate,"modelBuilder.Entity(""tesisproject.shared.Entities.Export.ExportTemplate"", b =>"
migrations,tesisproject.backend/Migrations/20260905234038_ActualizarModelo.Designer.cs,14,AppDbContext,[DbContext(typeof(AppDbContext))]
migrations,tesisproject.backend/Migrations/20260905234038_ActualizarModelo.Designer.cs,82,IdentityUser<int>,"modelBuilder.Entity(""Microsoft.AspNetCore.Identity.IdentityUser<int>"", b =>"
migrations,tesisproject.backend/Migrations/20260905234038_ActualizarModelo.Designer.cs,229,tesisproject.shared.Entities.Auth.AppUser,"modelBuilder.Entity(""tesisproject.shared.Entities.Auth.AppUser"", b =>"
migrations,tesisproject.backend/Migrations/20260905234038_ActualizarModelo.Designer.cs,252,tesisproject.shared.Entities.Auth.RefreshToken,"modelBuilder.Entity(""tesisproject.shared.Entities.Auth.RefreshToken"", b =>"
migrations,tesisproject.backend/Migrations/20260905234038_ActualizarModelo.Designer.cs,294,tesisproject.shared.Entities.Catalogs.Country,"modelBuilder.Entity(""tesisproject.shared.Entities.Catalogs.Country"", b =>"
migrations,tesisproject.backend/Migrations/20260905234038_ActualizarModelo.Designer.cs,326,tesisproject.shared.Entities.Catalogs.DocumentType,"modelBuilder.Entity(""tesisproject.shared.Entities.Catalogs.DocumentType"", b =>"
migrations,tesisproject.backend/Migrations/20260905234038_ActualizarModelo.Designer.cs,350,tesisproject.shared.Entities.Catalogs.FundingType,"modelBuilder.Entity(""tesisproject.shared.Entities.Catalogs.FundingType"", b =>"
migrations,tesisproject.backend/Migrations/20260905234038_ActualizarModelo.Designer.cs,374,tesisproject.shared.Entities.Catalogs.GroupType,"modelBuilder.Entity(""tesisproject.shared.Entities.Catalogs.GroupType"", b =>"
migrations,tesisproject.backend/Migrations/20260905234038_ActualizarModelo.Designer.cs,398,tesisproject.shared.Entities.Catalogs.IndexingSource,"modelBuilder.Entity(""tesisproject.shared.Entities.Catalogs.IndexingSource"", b =>"
migrations,tesisproject.backend/Migrations/20260905234038_ActualizarModelo.Designer.cs,428,tesisproject.shared.Entities.Catalogs.Institution,"modelBuilder.Entity(""tesisproject.shared.Entities.Catalogs.Institution"", b =>"
migrations,tesisproject.backend/Migrations/20260905234038_ActualizarModelo.Designer.cs,461,tesisproject.shared.Entities.Catalogs.MemberRoleType,"modelBuilder.Entity(""tesisproject.shared.Entities.Catalogs.MemberRoleType"", b =>"
migrations,tesisproject.backend/Migrations/20260905234038_ActualizarModelo.Designer.cs,488,tesisproject.shared.Entities.Catalogs.ObjectiveType,"modelBuilder.Entity(""tesisproject.shared.Entities.Catalogs.ObjectiveType"", b =>"
migrations,tesisproject.backend/Migrations/20260905234038_ActualizarModelo.Designer.cs,512,tesisproject.shared.Entities.Catalogs.ProductAttribute,"modelBuilder.Entity(""tesisproject.shared.Entities.Catalogs.ProductAttribute"", b =>"
migrations,tesisproject.backend/Migrations/20260905234038_ActualizarModelo.Designer.cs,543,tesisproject.shared.Entities.Catalogs.ProductType,"modelBuilder.Entity(""tesisproject.shared.Entities.Catalogs.ProductType"", b =>"
migrations,tesisproject.backend/Migrations/20260905234038_ActualizarModelo.Designer.cs,570,tesisproject.shared.Entities.Catalogs.ProjectExtensionType,"modelBuilder.Entity(""tesisproject.shared.Entities.Catalogs.ProjectExtensionType"", b =>"
migrations,tesisproject.backend/Migrations/20260905234038_ActualizarModelo.Designer.cs,597,tesisproject.shared.Entities.Catalogs.ProjectOriginType,"modelBuilder.Entity(""tesisproject.shared.Entities.Catalogs.ProjectOriginType"", b =>"
migrations,tesisproject.backend/Migrations/20260905234038_ActualizarModelo.Designer.cs,621,tesisproject.shared.Entities.Catalogs.ProjectState,"modelBuilder.Entity(""tesisproject.shared.Entities.Catalogs.ProjectState"", b =>"
migrations,tesisproject.backend/Migrations/20260905234038_ActualizarModelo.Designer.cs,645,tesisproject.shared.Entities.Catalogs.ProjectType,"modelBuilder.Entity(""tesisproject.shared.Entities.Catalogs.ProjectType"", b =>"
migrations,tesisproject.backend/Migrations/20260905234038_ActualizarModelo.Designer.cs,669,tesisproject.shared.Entities.Catalogs.ResearchCategory,"modelBuilder.Entity(""tesisproject.shared.Entities.Catalogs.ResearchCategory"", b =>"
migrations,tesisproject.backend/Migrations/20260905234038_ActualizarModelo.Designer.cs,703,tesisproject.shared.Entities.Catalogs.ResearchCategoryGroup,"modelBuilder.Entity(""tesisproject.shared.Entities.Catalogs.ResearchCategoryGroup"", b =>"
migrations,tesisproject.backend/Migrations/20260905234038_ActualizarModelo.Designer.cs,727,tesisproject.shared.Entities.Catalogs.ResearchCategoryType,"modelBuilder.Entity(""tesisproject.shared.Entities.Catalogs.ResearchCategoryType"", b =>"
migrations,tesisproject.backend/Migrations/20260905234038_ActualizarModelo.Designer.cs,759,tesisproject.shared.Entities.Catalogs.TransactionType,"modelBuilder.Entity(""tesisproject.shared.Entities.Catalogs.TransactionType"", b =>"
migrations,tesisproject.backend/Migrations/20260905234038_ActualizarModelo.Designer.cs,783,tesisproject.shared.Entities.Catalogs.VisitState,"modelBuilder.Entity(""tesisproject.shared.Entities.Catalogs.VisitState"", b =>"
migrations,tesisproject.backend/Migrations/20260905234038_ActualizarModelo.Designer.cs,807,tesisproject.shared.Entities.Core.AppConfiguration,"modelBuilder.Entity(""tesisproject.shared.Entities.Core.AppConfiguration"", b =>"
migrations,tesisproject.backend/Migrations/20260905234038_ActualizarModelo.Designer.cs,867,tesisproject.shared.Entities.Core.Budget,"modelBuilder.Entity(""tesisproject.shared.Entities.Core.Budget"", b =>"
migrations,tesisproject.backend/Migrations/20260905234038_ActualizarModelo.Designer.cs,907,tesisproject.shared.Entities.Core.BudgetTransaction,"modelBuilder.Entity(""tesisproject.shared.Entities.Core.BudgetTransaction"", b =>"
migrations,tesisproject.backend/Migrations/20260905234038_ActualizarModelo.Designer.cs,974,tesisproject.shared.Entities.Core.Convocation,"modelBuilder.Entity(""tesisproject.shared.Entities.Core.Convocation"", b =>"
migrations,tesisproject.backend/Migrations/20260905234038_ActualizarModelo.Designer.cs,1003,tesisproject.shared.Entities.Core.ConvocationRule,"modelBuilder.Entity(""tesisproject.shared.Entities.Core.ConvocationRule"", b =>"
migrations,tesisproject.backend/Migrations/20260905234038_ActualizarModelo.Designer.cs,1063,tesisproject.shared.Entities.Core.ConvocationRuleIndexing,"modelBuilder.Entity(""tesisproject.shared.Entities.Core.ConvocationRuleIndexing"", b =>"
migrations,tesisproject.backend/Migrations/20260905234038_ActualizarModelo.Designer.cs,1087,tesisproject.shared.Entities.Core.Document,"modelBuilder.Entity(""tesisproject.shared.Entities.Core.Document"", b =>"
migrations,tesisproject.backend/Migrations/20260905234038_ActualizarModelo.Designer.cs,1136,tesisproject.shared.Entities.Core.ExternalResearcher,"modelBuilder.Entity(""tesisproject.shared.Entities.Core.ExternalResearcher"", b =>"
migrations,tesisproject.backend/Migrations/20260905234038_ActualizarModelo.Designer.cs,1168,tesisproject.shared.Entities.Core.ExternalResearcherProject,"modelBuilder.Entity(""tesisproject.shared.Entities.Core.ExternalResearcherProject"", b =>"
migrations,tesisproject.backend/Migrations/20260905234038_ActualizarModelo.Designer.cs,1207,tesisproject.shared.Entities.Core.FacultyScope,"modelBuilder.Entity(""tesisproject.shared.Entities.Core.FacultyScope"", b =>"
migrations,tesisproject.backend/Migrations/20260905234038_ActualizarModelo.Designer.cs,1233,tesisproject.shared.Entities.Core.FacultyScopeFaculty,"modelBuilder.Entity(""tesisproject.shared.Entities.Core.FacultyScopeFaculty"", b =>"
migrations,tesisproject.backend/Migrations/20260905234038_ActualizarModelo.Designer.cs,1254,tesisproject.shared.Entities.Core.Group,"modelBuilder.Entity(""tesisproject.shared.Entities.Core.Group"", b =>"
migrations,tesisproject.backend/Migrations/20260905234038_ActualizarModelo.Designer.cs,1277,tesisproject.shared.Entities.Core.GroupMember,"modelBuilder.Entity(""tesisproject.shared.Entities.Core.GroupMember"", b =>"
migrations,tesisproject.backend/Migrations/20260905234038_ActualizarModelo.Designer.cs,1311,tesisproject.shared.Entities.Core.ObjectiveActivity,"modelBuilder.Entity(""tesisproject.shared.Entities.Core.ObjectiveActivity"", b =>"
migrations,tesisproject.backend/Migrations/20260905234038_ActualizarModelo.Designer.cs,1345,tesisproject.shared.Entities.Core.ObjectiveActivityUser,"modelBuilder.Entity(""tesisproject.shared.Entities.Core.ObjectiveActivityUser"", b =>"
migrations,tesisproject.backend/Migrations/20260905234038_ActualizarModelo.Designer.cs,1382,tesisproject.shared.Entities.Core.Products.Product,"modelBuilder.Entity(""tesisproject.shared.Entities.Core.Products.Product"", b =>"
migrations,tesisproject.backend/Migrations/20260905234038_ActualizarModelo.Designer.cs,1430,tesisproject.shared.Entities.Core.Products.ProductAttributeDefinition,"modelBuilder.Entity(""tesisproject.shared.Entities.Core.Products.ProductAttributeDefinition"", b =>"
migrations,tesisproject.backend/Migrations/20260905234038_ActualizarModelo.Designer.cs,1459,tesisproject.shared.Entities.Core.Products.ProductAuthor,"modelBuilder.Entity(""tesisproject.shared.Entities.Core.Products.ProductAuthor"", b =>"
migrations,tesisproject.backend/Migrations/20260905234038_ActualizarModelo.Designer.cs,1489,tesisproject.shared.Entities.Core.Products.ProductValue,"modelBuilder.Entity(""tesisproject.shared.Entities.Core.Products.ProductValue"", b =>"
migrations,tesisproject.backend/Migrations/20260905234038_ActualizarModelo.Designer.cs,1527,tesisproject.shared.Entities.Core.Project,"modelBuilder.Entity(""tesisproject.shared.Entities.Core.Project"", b =>"
migrations,tesisproject.backend/Migrations/20260905234038_ActualizarModelo.Designer.cs,1603,tesisproject.shared.Entities.Core.ProjectDocument,"modelBuilder.Entity(""tesisproject.shared.Entities.Core.ProjectDocument"", b =>"
migrations,tesisproject.backend/Migrations/20260905234038_ActualizarModelo.Designer.cs,1629,tesisproject.shared.Entities.Core.ProjectExtension,"modelBuilder.Entity(""tesisproject.shared.Entities.Core.ProjectExtension"", b =>"
migrations,tesisproject.backend/Migrations/20260905234038_ActualizarModelo.Designer.cs,1666,tesisproject.shared.Entities.Core.ProjectObjective,"modelBuilder.Entity(""tesisproject.shared.Entities.Core.ProjectObjective"", b =>"
migrations,tesisproject.backend/Migrations/20260905234038_ActualizarModelo.Designer.cs,1702,tesisproject.shared.Entities.Core.ProjectResearchCategory,"modelBuilder.Entity(""tesisproject.shared.Entities.Core.ProjectResearchCategory"", b =>"
migrations,tesisproject.backend/Migrations/20260905234038_ActualizarModelo.Designer.cs,1726,tesisproject.shared.Entities.Core.UserFacultyScopeAssignment,"modelBuilder.Entity(""tesisproject.shared.Entities.Core.UserFacultyScopeAssignment"", b =>"
migrations,tesisproject.backend/Migrations/20260905234038_ActualizarModelo.Designer.cs,1748,tesisproject.shared.Entities.Core.Visit,"modelBuilder.Entity(""tesisproject.shared.Entities.Core.Visit"", b =>"
migrations,tesisproject.backend/Migrations/20260905234038_ActualizarModelo.Designer.cs,1756,AcademicPeriodId,"b.Property<int?>(""AcademicPeriodId"")"
migrations,tesisproject.backend/Migrations/20260905234038_ActualizarModelo.Designer.cs,1803,tesisproject.shared.Entities.Core.VisitIssue,"modelBuilder.Entity(""tesisproject.shared.Entities.Core.VisitIssue"", b =>"
migrations,tesisproject.backend/Migrations/20260905234038_ActualizarModelo.Designer.cs,1836,tesisproject.shared.Entities.Core.VisitObjectiveActivityProgress,"modelBuilder.Entity(""tesisproject.shared.Entities.Core.VisitObjectiveActivityProgress"", b =>"
migrations,tesisproject.backend/Migrations/20260905234038_ActualizarModelo.Designer.cs,1868,tesisproject.shared.Entities.Export.ExportField,"modelBuilder.Entity(""tesisproject.shared.Entities.Export.ExportField"", b =>"
migrations,tesisproject.backend/Migrations/20260905234038_ActualizarModelo.Designer.cs,1910,tesisproject.shared.Entities.Export.ExportTemplate,"modelBuilder.Entity(""tesisproject.shared.Entities.Export.ExportTemplate"", b =>"
migrations,tesisproject.backend/Migrations/20260905234038_ActualizarModelo.Designer.cs,1947,tesisproject.shared.Entities.Export.ExportTemplateColumn,"modelBuilder.Entity(""tesisproject.shared.Entities.Export.ExportTemplateColumn"", b =>"
migrations,tesisproject.backend/Migrations/20260905234038_ActualizarModelo.Designer.cs,2000,IdentityUser<int>,"b.HasOne(""Microsoft.AspNetCore.Identity.IdentityUser<int>"", null)"
migrations,tesisproject.backend/Migrations/20260905234038_ActualizarModelo.Designer.cs,2009,IdentityUser<int>,"b.HasOne(""Microsoft.AspNetCore.Identity.IdentityUser<int>"", null)"
migrations,tesisproject.backend/Migrations/20260905234038_ActualizarModelo.Designer.cs,2024,IdentityUser<int>,"b.HasOne(""Microsoft.AspNetCore.Identity.IdentityUser<int>"", null)"
migrations,tesisproject.backend/Migrations/20260905234038_ActualizarModelo.Designer.cs,2033,IdentityUser<int>,"b.HasOne(""Microsoft.AspNetCore.Identity.IdentityUser<int>"", null)"
migrations,tesisproject.backend/Migrations/20260905234038_ActualizarModelo.Designer.cs,2040,tesisproject.shared.Entities.Auth.AppUser,"modelBuilder.Entity(""tesisproject.shared.Entities.Auth.AppUser"", b =>"
migrations,tesisproject.backend/Migrations/20260905234038_ActualizarModelo.Designer.cs,2042,IdentityUser<int>,"b.HasOne(""Microsoft.AspNetCore.Identity.IdentityUser<int>"", null)"
migrations,tesisproject.backend/Migrations/20260905234038_ActualizarModelo.Designer.cs,2048,tesisproject.shared.Entities.Auth.RefreshToken,"modelBuilder.Entity(""tesisproject.shared.Entities.Auth.RefreshToken"", b =>"
migrations,tesisproject.backend/Migrations/20260905234038_ActualizarModelo.Designer.cs,2050,IdentityUser<int>,"b.HasOne(""Microsoft.AspNetCore.Identity.IdentityUser<int>"", null)"
migrations,tesisproject.backend/Migrations/20260905234038_ActualizarModelo.Designer.cs,2057,tesisproject.shared.Entities.Catalogs.Institution,"modelBuilder.Entity(""tesisproject.shared.Entities.Catalogs.Institution"", b =>"
migrations,tesisproject.backend/Migrations/20260905234038_ActualizarModelo.Designer.cs,2059,tesisproject.shared.Entities.Catalogs.Country,"b.HasOne(""tesisproject.shared.Entities.Catalogs.Country"", ""Country"")"
migrations,tesisproject.backend/Migrations/20260905234038_ActualizarModelo.Designer.cs,2067,tesisproject.shared.Entities.Catalogs.ResearchCategory,"modelBuilder.Entity(""tesisproject.shared.Entities.Catalogs.ResearchCategory"", b =>"
migrations,tesisproject.backend/Migrations/20260905234038_ActualizarModelo.Designer.cs,2069,tesisproject.shared.Entities.Catalogs.ResearchCategory,"b.HasOne(""tesisproject.shared.Entities.Catalogs.ResearchCategory"", ""ParentCategory"")"
migrations,tesisproject.backend/Migrations/20260905234038_ActualizarModelo.Designer.cs,2074,tesisproject.shared.Entities.Catalogs.ResearchCategoryType,"b.HasOne(""tesisproject.shared.Entities.Catalogs.ResearchCategoryType"", ""ResearchCategoryType"")"
migrations,tesisproject.backend/Migrations/20260905234038_ActualizarModelo.Designer.cs,2085,tesisproject.shared.Entities.Catalogs.ResearchCategoryType,"modelBuilder.Entity(""tesisproject.shared.Entities.Catalogs.ResearchCategoryType"", b =>"
migrations,tesisproject.backend/Migrations/20260905234038_ActualizarModelo.Designer.cs,2087,tesisproject.shared.Entities.Catalogs.ResearchCategoryGroup,"b.HasOne(""tesisproject.shared.Entities.Catalogs.ResearchCategoryGroup"", ""ResearchCategoryGroup"")"
migrations,tesisproject.backend/Migrations/20260905234038_ActualizarModelo.Designer.cs,2096,tesisproject.shared.Entities.Core.Budget,"modelBuilder.Entity(""tesisproject.shared.Entities.Core.Budget"", b =>"
migrations,tesisproject.backend/Migrations/20260905234038_ActualizarModelo.Designer.cs,2098,tesisproject.shared.Entities.Auth.AppUser,"b.HasOne(""tesisproject.shared.Entities.Auth.AppUser"", null)"
migrations,tesisproject.backend/Migrations/20260905234038_ActualizarModelo.Designer.cs,2104,tesisproject.shared.Entities.Catalogs.FundingType,"b.HasOne(""tesisproject.shared.Entities.Catalogs.FundingType"", ""FundingType"")"
migrations,tesisproject.backend/Migrations/20260905234038_ActualizarModelo.Designer.cs,2110,tesisproject.shared.Entities.Core.Project,"b.HasOne(""tesisproject.shared.Entities.Core.Project"", ""Project"")"
migrations,tesisproject.backend/Migrations/20260905234038_ActualizarModelo.Designer.cs,2121,tesisproject.shared.Entities.Core.BudgetTransaction,"modelBuilder.Entity(""tesisproject.shared.Entities.Core.BudgetTransaction"", b =>"
migrations,tesisproject.backend/Migrations/20260905234038_ActualizarModelo.Designer.cs,2123,tesisproject.shared.Entities.Core.Budget,"b.HasOne(""tesisproject.shared.Entities.Core.Budget"", ""Budget"")"
migrations,tesisproject.backend/Migrations/20260905234038_ActualizarModelo.Designer.cs,2129,tesisproject.shared.Entities.Auth.AppUser,"b.HasOne(""tesisproject.shared.Entities.Auth.AppUser"", null)"
migrations,tesisproject.backend/Migrations/20260905234038_ActualizarModelo.Designer.cs,2135,tesisproject.shared.Entities.Auth.AppUser,"b.HasOne(""tesisproject.shared.Entities.Auth.AppUser"", null)"
migrations,tesisproject.backend/Migrations/20260905234038_ActualizarModelo.Designer.cs,2140,tesisproject.shared.Entities.Catalogs.TransactionType,"b.HasOne(""tesisproject.shared.Entities.Catalogs.TransactionType"", ""TransactionType"")"
migrations,tesisproject.backend/Migrations/20260905234038_ActualizarModelo.Designer.cs,2151,tesisproject.shared.Entities.Core.ConvocationRule,"modelBuilder.Entity(""tesisproject.shared.Entities.Core.ConvocationRule"", b =>"
migrations,tesisproject.backend/Migrations/20260905234038_ActualizarModelo.Designer.cs,2153,tesisproject.shared.Entities.Core.Convocation,"b.HasOne(""tesisproject.shared.Entities.Core.Convocation"", ""Convocation"")"
migrations,tesisproject.backend/Migrations/20260905234038_ActualizarModelo.Designer.cs,2159,tesisproject.shared.Entities.Catalogs.ProductType,"b.HasOne(""tesisproject.shared.Entities.Catalogs.ProductType"", null)"
migrations,tesisproject.backend/Migrations/20260905234038_ActualizarModelo.Designer.cs,2168,tesisproject.shared.Entities.Core.ConvocationRuleIndexing,"modelBuilder.Entity(""tesisproject.shared.Entities.Core.ConvocationRuleIndexing"", b =>"
migrations,tesisproject.backend/Migrations/20260905234038_ActualizarModelo.Designer.cs,2170,tesisproject.shared.Entities.Core.ConvocationRule,"b.HasOne(""tesisproject.shared.Entities.Core.ConvocationRule"", ""ConvocationRule"")"
migrations,tesisproject.backend/Migrations/20260905234038_ActualizarModelo.Designer.cs,2176,tesisproject.shared.Entities.Catalogs.IndexingSource,"b.HasOne(""tesisproject.shared.Entities.Catalogs.IndexingSource"", ""IndexingSource"")"
migrations,tesisproject.backend/Migrations/20260905234038_ActualizarModelo.Designer.cs,2187,tesisproject.shared.Entities.Core.Document,"modelBuilder.Entity(""tesisproject.shared.Entities.Core.Document"", b =>"
migrations,tesisproject.backend/Migrations/20260905234038_ActualizarModelo.Designer.cs,2189,tesisproject.shared.Entities.Auth.AppUser,"b.HasOne(""tesisproject.shared.Entities.Auth.AppUser"", null)"
migrations,tesisproject.backend/Migrations/20260905234038_ActualizarModelo.Designer.cs,2195,tesisproject.shared.Entities.Catalogs.DocumentType,"b.HasOne(""tesisproject.shared.Entities.Catalogs.DocumentType"", ""DocumentType"")"
migrations,tesisproject.backend/Migrations/20260905234038_ActualizarModelo.Designer.cs,2201,tesisproject.shared.Entities.Auth.AppUser,"b.HasOne(""tesisproject.shared.Entities.Auth.AppUser"", null)"
migrations,tesisproject.backend/Migrations/20260905234038_ActualizarModelo.Designer.cs,2209,tesisproject.shared.Entities.Core.ExternalResearcher,"modelBuilder.Entity(""tesisproject.shared.Entities.Core.ExternalResearcher"", b =>"
migrations,tesisproject.backend/Migrations/20260905234038_ActualizarModelo.Designer.cs,2211,tesisproject.shared.Entities.Catalogs.Institution,"b.HasOne(""tesisproject.shared.Entities.Catalogs.Institution"", ""Institution"")"
migrations,tesisproject.backend/Migrations/20260905234038_ActualizarModelo.Designer.cs,2219,tesisproject.shared.Entities.Core.ExternalResearcherProject,"modelBuilder.Entity(""tesisproject.shared.Entities.Core.ExternalResearcherProject"", b =>"
migrations,tesisproject.backend/Migrations/20260905234038_ActualizarModelo.Designer.cs,2221,tesisproject.shared.Entities.Auth.AppUser,"b.HasOne(""tesisproject.shared.Entities.Auth.AppUser"", null)"
migrations,tesisproject.backend/Migrations/20260905234038_ActualizarModelo.Designer.cs,2227,tesisproject.shared.Entities.Core.ExternalResearcher,"b.HasOne(""tesisproject.shared.Entities.Core.ExternalResearcher"", ""ExternalResearcher"")"
migrations,tesisproject.backend/Migrations/20260905234038_ActualizarModelo.Designer.cs,2233,tesisproject.shared.Entities.Core.Project,"b.HasOne(""tesisproject.shared.Entities.Core.Project"", ""Project"")"
migrations,tesisproject.backend/Migrations/20260905234038_ActualizarModelo.Designer.cs,2244,tesisproject.shared.Entities.Core.FacultyScopeFaculty,"modelBuilder.Entity(""tesisproject.shared.Entities.Core.FacultyScopeFaculty"", b =>"
migrations,tesisproject.backend/Migrations/20260905234038_ActualizarModelo.Designer.cs,2246,tesisproject.shared.Entities.Core.FacultyScope,"b.HasOne(""tesisproject.shared.Entities.Core.FacultyScope"", ""FacultyScope"")"
migrations,tesisproject.backend/Migrations/20260905234038_ActualizarModelo.Designer.cs,2255,tesisproject.shared.Entities.Core.Group,"modelBuilder.Entity(""tesisproject.shared.Entities.Core.Group"", b =>"
migrations,tesisproject.backend/Migrations/20260905234038_ActualizarModelo.Designer.cs,2257,tesisproject.shared.Entities.Catalogs.GroupType,"b.HasOne(""tesisproject.shared.Entities.Catalogs.GroupType"", ""GroupType"")"
migrations,tesisproject.backend/Migrations/20260905234038_ActualizarModelo.Designer.cs,2266,tesisproject.shared.Entities.Core.GroupMember,"modelBuilder.Entity(""tesisproject.shared.Entities.Core.GroupMember"", b =>"
migrations,tesisproject.backend/Migrations/20260905234038_ActualizarModelo.Designer.cs,2268,tesisproject.shared.Entities.Core.Group,"b.HasOne(""tesisproject.shared.Entities.Core.Group"", ""Group"")"
migrations,tesisproject.backend/Migrations/20260905234038_ActualizarModelo.Designer.cs,2274,tesisproject.shared.Entities.Catalogs.MemberRoleType,"b.HasOne(""tesisproject.shared.Entities.Catalogs.MemberRoleType"", ""MemberRole"")"
migrations,tesisproject.backend/Migrations/20260905234038_ActualizarModelo.Designer.cs,2280,tesisproject.shared.Entities.Auth.AppUser,"b.HasOne(""tesisproject.shared.Entities.Auth.AppUser"", null)"
migrations,tesisproject.backend/Migrations/20260905234038_ActualizarModelo.Designer.cs,2291,tesisproject.shared.Entities.Core.ObjectiveActivity,"modelBuilder.Entity(""tesisproject.shared.Entities.Core.ObjectiveActivity"", b =>"
migrations,tesisproject.backend/Migrations/20260905234038_ActualizarModelo.Designer.cs,2293,tesisproject.shared.Entities.Core.ProjectObjective,"b.HasOne(""tesisproject.shared.Entities.Core.ProjectObjective"", ""Objective"")"
migrations,tesisproject.backend/Migrations/20260905234038_ActualizarModelo.Designer.cs,2302,tesisproject.shared.Entities.Core.ObjectiveActivityUser,"modelBuilder.Entity(""tesisproject.shared.Entities.Core.ObjectiveActivityUser"", b =>"
migrations,tesisproject.backend/Migrations/20260905234038_ActualizarModelo.Designer.cs,2304,tesisproject.shared.Entities.Core.ObjectiveActivity,"b.HasOne(""tesisproject.shared.Entities.Core.ObjectiveActivity"", ""ObjectiveActivity"")"
migrations,tesisproject.backend/Migrations/20260905234038_ActualizarModelo.Designer.cs,2310,tesisproject.shared.Entities.Core.Visit,"b.HasOne(""tesisproject.shared.Entities.Core.Visit"", ""Visit"")"
migrations,tesisproject.backend/Migrations/20260905234038_ActualizarModelo.Designer.cs,2321,tesisproject.shared.Entities.Core.Products.Product,"modelBuilder.Entity(""tesisproject.shared.Entities.Core.Products.Product"", b =>"
migrations,tesisproject.backend/Migrations/20260905234038_ActualizarModelo.Designer.cs,2323,tesisproject.shared.Entities.Catalogs.ProductType,"b.HasOne(""tesisproject.shared.Entities.Catalogs.ProductType"", ""ProductType"")"
migrations,tesisproject.backend/Migrations/20260905234038_ActualizarModelo.Designer.cs,2329,tesisproject.shared.Entities.Core.Project,"b.HasOne(""tesisproject.shared.Entities.Core.Project"", ""Project"")"
migrations,tesisproject.backend/Migrations/20260905234038_ActualizarModelo.Designer.cs,2335,tesisproject.shared.Entities.Core.Visit,"b.HasOne(""tesisproject.shared.Entities.Core.Visit"", ""Visit"")"
migrations,tesisproject.backend/Migrations/20260905234038_ActualizarModelo.Designer.cs,2347,tesisproject.shared.Entities.Core.Products.ProductAttributeDefinition,"modelBuilder.Entity(""tesisproject.shared.Entities.Core.Products.ProductAttributeDefinition"", b =>"
migrations,tesisproject.backend/Migrations/20260905234038_ActualizarModelo.Designer.cs,2349,tesisproject.shared.Entities.Catalogs.ProductAttribute,"b.HasOne(""tesisproject.shared.Entities.Catalogs.ProductAttribute"", ""ProductAttribute"")"
migrations,tesisproject.backend/Migrations/20260905234038_ActualizarModelo.Designer.cs,2355,tesisproject.shared.Entities.Catalogs.ProductType,"b.HasOne(""tesisproject.shared.Entities.Catalogs.ProductType"", ""ProductType"")"
migrations,tesisproject.backend/Migrations/20260905234038_ActualizarModelo.Designer.cs,2366,tesisproject.shared.Entities.Core.Products.ProductAuthor,"modelBuilder.Entity(""tesisproject.shared.Entities.Core.Products.ProductAuthor"", b =>"
migrations,tesisproject.backend/Migrations/20260905234038_ActualizarModelo.Designer.cs,2368,tesisproject.shared.Entities.Core.Products.Product,"b.HasOne(""tesisproject.shared.Entities.Core.Products.Product"", ""Product"")"
migrations,tesisproject.backend/Migrations/20260905234038_ActualizarModelo.Designer.cs,2374,tesisproject.shared.Entities.Auth.AppUser,"b.HasOne(""tesisproject.shared.Entities.Auth.AppUser"", null)"
migrations,tesisproject.backend/Migrations/20260905234038_ActualizarModelo.Designer.cs,2383,tesisproject.shared.Entities.Core.Products.ProductValue,"modelBuilder.Entity(""tesisproject.shared.Entities.Core.Products.ProductValue"", b =>"
migrations,tesisproject.backend/Migrations/20260905234038_ActualizarModelo.Designer.cs,2385,tesisproject.shared.Entities.Core.Products.ProductAttributeDefinition,"b.HasOne(""tesisproject.shared.Entities.Core.Products.ProductAttributeDefinition"", ""AttributeDefinition"")"
migrations,tesisproject.backend/Migrations/20260905234038_ActualizarModelo.Designer.cs,2391,tesisproject.shared.Entities.Catalogs.ProductAttribute,"b.HasOne(""tesisproject.shared.Entities.Catalogs.ProductAttribute"", null)"
migrations,tesisproject.backend/Migrations/20260905234038_ActualizarModelo.Designer.cs,2396,tesisproject.shared.Entities.Core.Products.Product,"b.HasOne(""tesisproject.shared.Entities.Core.Products.Product"", ""Product"")"
migrations,tesisproject.backend/Migrations/20260905234038_ActualizarModelo.Designer.cs,2407,tesisproject.shared.Entities.Core.Project,"modelBuilder.Entity(""tesisproject.shared.Entities.Core.Project"", b =>"
migrations,tesisproject.backend/Migrations/20260905234038_ActualizarModelo.Designer.cs,2409,tesisproject.shared.Entities.Core.Convocation,"b.HasOne(""tesisproject.shared.Entities.Core.Convocation"", ""Convocation"")"
migrations,tesisproject.backend/Migrations/20260905234038_ActualizarModelo.Designer.cs,2415,tesisproject.shared.Entities.Auth.AppUser,"b.HasOne(""tesisproject.shared.Entities.Auth.AppUser"", null)"
migrations,tesisproject.backend/Migrations/20260905234038_ActualizarModelo.Designer.cs,2421,tesisproject.shared.Entities.Core.Group,"b.HasOne(""tesisproject.shared.Entities.Core.Group"", ""ProjectGroup"")"
migrations,tesisproject.backend/Migrations/20260905234038_ActualizarModelo.Designer.cs,2427,tesisproject.shared.Entities.Catalogs.ProjectOriginType,"b.HasOne(""tesisproject.shared.Entities.Catalogs.ProjectOriginType"", ""ProjectOriginType"")"
migrations,tesisproject.backend/Migrations/20260905234038_ActualizarModelo.Designer.cs,2433,tesisproject.shared.Entities.Catalogs.ProjectState,"b.HasOne(""tesisproject.shared.Entities.Catalogs.ProjectState"", ""ProjectState"")"
migrations,tesisproject.backend/Migrations/20260905234038_ActualizarModelo.Designer.cs,2439,tesisproject.shared.Entities.Catalogs.ProjectType,"b.HasOne(""tesisproject.shared.Entities.Catalogs.ProjectType"", ""ProjectType"")"
migrations,tesisproject.backend/Migrations/20260905234038_ActualizarModelo.Designer.cs,2456,tesisproject.shared.Entities.Core.ProjectDocument,"modelBuilder.Entity(""tesisproject.shared.Entities.Core.ProjectDocument"", b =>"
migrations,tesisproject.backend/Migrations/20260905234038_ActualizarModelo.Designer.cs,2458,tesisproject.shared.Entities.Core.Document,"b.HasOne(""tesisproject.shared.Entities.Core.Document"", ""Document"")"
migrations,tesisproject.backend/Migrations/20260905234038_ActualizarModelo.Designer.cs,2464,tesisproject.shared.Entities.Core.Project,"b.HasOne(""tesisproject.shared.Entities.Core.Project"", ""Project"")"
migrations,tesisproject.backend/Migrations/20260905234038_ActualizarModelo.Designer.cs,2475,tesisproject.shared.Entities.Core.ProjectExtension,"modelBuilder.Entity(""tesisproject.shared.Entities.Core.ProjectExtension"", b =>"
migrations,tesisproject.backend/Migrations/20260905234038_ActualizarModelo.Designer.cs,2477,tesisproject.shared.Entities.Core.Document,"b.HasOne(""tesisproject.shared.Entities.Core.Document"", ""Document"")"
migrations,tesisproject.backend/Migrations/20260905234038_ActualizarModelo.Designer.cs,2482,tesisproject.shared.Entities.Catalogs.ProjectExtensionType,"b.HasOne(""tesisproject.shared.Entities.Catalogs.ProjectExtensionType"", ""ProjectExtensionType"")"
migrations,tesisproject.backend/Migrations/20260905234038_ActualizarModelo.Designer.cs,2487,tesisproject.shared.Entities.Core.Project,"b.HasOne(""tesisproject.shared.Entities.Core.Project"", ""Project"")"
migrations,tesisproject.backend/Migrations/20260905234038_ActualizarModelo.Designer.cs,2500,tesisproject.shared.Entities.Core.ProjectObjective,"modelBuilder.Entity(""tesisproject.shared.Entities.Core.ProjectObjective"", b =>"
migrations,tesisproject.backend/Migrations/20260905234038_ActualizarModelo.Designer.cs,2502,tesisproject.shared.Entities.Catalogs.ObjectiveType,"b.HasOne(""tesisproject.shared.Entities.Catalogs.ObjectiveType"", ""ObjectiveType"")"
migrations,tesisproject.backend/Migrations/20260905234038_ActualizarModelo.Designer.cs,2508,tesisproject.shared.Entities.Core.Project,"b.HasOne(""tesisproject.shared.Entities.Core.Project"", ""Project"")"
migrations,tesisproject.backend/Migrations/20260905234038_ActualizarModelo.Designer.cs,2519,tesisproject.shared.Entities.Core.ProjectResearchCategory,"modelBuilder.Entity(""tesisproject.shared.Entities.Core.ProjectResearchCategory"", b =>"
migrations,tesisproject.backend/Migrations/20260905234038_ActualizarModelo.Designer.cs,2521,tesisproject.shared.Entities.Core.Project,"b.HasOne(""tesisproject.shared.Entities.Core.Project"", ""Project"")"
migrations,tesisproject.backend/Migrations/20260905234038_ActualizarModelo.Designer.cs,2527,tesisproject.shared.Entities.Catalogs.ResearchCategory,"b.HasOne(""tesisproject.shared.Entities.Catalogs.ResearchCategory"", ""ResearchCategory"")"
migrations,tesisproject.backend/Migrations/20260905234038_ActualizarModelo.Designer.cs,2538,tesisproject.shared.Entities.Core.UserFacultyScopeAssignment,"modelBuilder.Entity(""tesisproject.shared.Entities.Core.UserFacultyScopeAssignment"", b =>"
migrations,tesisproject.backend/Migrations/20260905234038_ActualizarModelo.Designer.cs,2540,tesisproject.shared.Entities.Core.FacultyScope,"b.HasOne(""tesisproject.shared.Entities.Core.FacultyScope"", ""FacultyScope"")"
migrations,tesisproject.backend/Migrations/20260905234038_ActualizarModelo.Designer.cs,2546,tesisproject.shared.Entities.Auth.AppUser,"b.HasOne(""tesisproject.shared.Entities.Auth.AppUser"", ""User"")"
migrations,tesisproject.backend/Migrations/20260905234038_ActualizarModelo.Designer.cs,2557,tesisproject.shared.Entities.Core.Visit,"modelBuilder.Entity(""tesisproject.shared.Entities.Core.Visit"", b =>"
migrations,tesisproject.backend/Migrations/20260905234038_ActualizarModelo.Designer.cs,2559,tesisproject.shared.Entities.Core.Document,"b.HasOne(""tesisproject.shared.Entities.Core.Document"", ""Document"")"
migrations,tesisproject.backend/Migrations/20260905234038_ActualizarModelo.Designer.cs,2565,tesisproject.shared.Entities.Core.Document,"b.HasOne(""tesisproject.shared.Entities.Core.Document"", ""FundingDocument"")"
migrations,tesisproject.backend/Migrations/20260905234038_ActualizarModelo.Designer.cs,2571,tesisproject.shared.Entities.Auth.AppUser,"b.HasOne(""tesisproject.shared.Entities.Auth.AppUser"", null)"
migrations,tesisproject.backend/Migrations/20260905234038_ActualizarModelo.Designer.cs,2576,tesisproject.shared.Entities.Core.Document,"b.HasOne(""tesisproject.shared.Entities.Core.Document"", ""ProgressDocument"")"
migrations,tesisproject.backend/Migrations/20260905234038_ActualizarModelo.Designer.cs,2582,tesisproject.shared.Entities.Core.Project,"b.HasOne(""tesisproject.shared.Entities.Core.Project"", ""Project"")"
migrations,tesisproject.backend/Migrations/20260905234038_ActualizarModelo.Designer.cs,2588,tesisproject.shared.Entities.Catalogs.VisitState,"b.HasOne(""tesisproject.shared.Entities.Catalogs.VisitState"", ""VisitState"")"
migrations,tesisproject.backend/Migrations/20260905234038_ActualizarModelo.Designer.cs,2605,tesisproject.shared.Entities.Core.VisitIssue,"modelBuilder.Entity(""tesisproject.shared.Entities.Core.VisitIssue"", b =>"
migrations,tesisproject.backend/Migrations/20260905234038_ActualizarModelo.Designer.cs,2607,tesisproject.shared.Entities.Auth.AppUser,"b.HasOne(""tesisproject.shared.Entities.Auth.AppUser"", null)"
migrations,tesisproject.backend/Migrations/20260905234038_ActualizarModelo.Designer.cs,2612,tesisproject.shared.Entities.Core.Visit,"b.HasOne(""tesisproject.shared.Entities.Core.Visit"", ""Visit"")"
migrations,tesisproject.backend/Migrations/20260905234038_ActualizarModelo.Designer.cs,2621,tesisproject.shared.Entities.Core.VisitObjectiveActivityProgress,"modelBuilder.Entity(""tesisproject.shared.Entities.Core.VisitObjectiveActivityProgress"", b =>"
migrations,tesisproject.backend/Migrations/20260905234038_ActualizarModelo.Designer.cs,2623,tesisproject.shared.Entities.Core.ObjectiveActivity,"b.HasOne(""tesisproject.shared.Entities.Core.ObjectiveActivity"", ""ObjectiveActivity"")"
migrations,tesisproject.backend/Migrations/20260905234038_ActualizarModelo.Designer.cs,2629,tesisproject.shared.Entities.Core.Visit,"b.HasOne(""tesisproject.shared.Entities.Core.Visit"", ""Visit"")"
migrations,tesisproject.backend/Migrations/20260905234038_ActualizarModelo.Designer.cs,2640,tesisproject.shared.Entities.Export.ExportTemplateColumn,"modelBuilder.Entity(""tesisproject.shared.Entities.Export.ExportTemplateColumn"", b =>"
migrations,tesisproject.backend/Migrations/20260905234038_ActualizarModelo.Designer.cs,2642,tesisproject.shared.Entities.Export.ExportField,"b.HasOne(""tesisproject.shared.Entities.Export.ExportField"", ""ExportField"")"
migrations,tesisproject.backend/Migrations/20260905234038_ActualizarModelo.Designer.cs,2648,tesisproject.shared.Entities.Export.ExportTemplate,"b.HasOne(""tesisproject.shared.Entities.Export.ExportTemplate"", ""Template"")"
migrations,tesisproject.backend/Migrations/20260905234038_ActualizarModelo.Designer.cs,2659,tesisproject.shared.Entities.Catalogs.Country,"modelBuilder.Entity(""tesisproject.shared.Entities.Catalogs.Country"", b =>"
migrations,tesisproject.backend/Migrations/20260905234038_ActualizarModelo.Designer.cs,2664,tesisproject.shared.Entities.Catalogs.ProductAttribute,"modelBuilder.Entity(""tesisproject.shared.Entities.Catalogs.ProductAttribute"", b =>"
migrations,tesisproject.backend/Migrations/20260905234038_ActualizarModelo.Designer.cs,2671,tesisproject.shared.Entities.Catalogs.ProjectExtensionType,"modelBuilder.Entity(""tesisproject.shared.Entities.Catalogs.ProjectExtensionType"", b =>"
migrations,tesisproject.backend/Migrations/20260905234038_ActualizarModelo.Designer.cs,2676,tesisproject.shared.Entities.Catalogs.ResearchCategory,"modelBuilder.Entity(""tesisproject.shared.Entities.Catalogs.ResearchCategory"", b =>"
migrations,tesisproject.backend/Migrations/20260905234038_ActualizarModelo.Designer.cs,2683,tesisproject.shared.Entities.Catalogs.ResearchCategoryGroup,"modelBuilder.Entity(""tesisproject.shared.Entities.Catalogs.ResearchCategoryGroup"", b =>"
migrations,tesisproject.backend/Migrations/20260905234038_ActualizarModelo.Designer.cs,2688,tesisproject.shared.Entities.Catalogs.ResearchCategoryType,"modelBuilder.Entity(""tesisproject.shared.Entities.Catalogs.ResearchCategoryType"", b =>"
migrations,tesisproject.backend/Migrations/20260905234038_ActualizarModelo.Designer.cs,2693,tesisproject.shared.Entities.Core.Budget,"modelBuilder.Entity(""tesisproject.shared.Entities.Core.Budget"", b =>"
migrations,tesisproject.backend/Migrations/20260905234038_ActualizarModelo.Designer.cs,2698,tesisproject.shared.Entities.Core.Convocation,"modelBuilder.Entity(""tesisproject.shared.Entities.Core.Convocation"", b =>"
migrations,tesisproject.backend/Migrations/20260905234038_ActualizarModelo.Designer.cs,2705,tesisproject.shared.Entities.Core.ConvocationRule,"modelBuilder.Entity(""tesisproject.shared.Entities.Core.ConvocationRule"", b =>"
migrations,tesisproject.backend/Migrations/20260905234038_ActualizarModelo.Designer.cs,2710,tesisproject.shared.Entities.Core.Document,"modelBuilder.Entity(""tesisproject.shared.Entities.Core.Document"", b =>"
migrations,tesisproject.backend/Migrations/20260905234038_ActualizarModelo.Designer.cs,2715,tesisproject.shared.Entities.Core.ExternalResearcher,"modelBuilder.Entity(""tesisproject.shared.Entities.Core.ExternalResearcher"", b =>"
migrations,tesisproject.backend/Migrations/20260905234038_ActualizarModelo.Designer.cs,2720,tesisproject.shared.Entities.Core.FacultyScope,"modelBuilder.Entity(""tesisproject.shared.Entities.Core.FacultyScope"", b =>"
migrations,tesisproject.backend/Migrations/20260905234038_ActualizarModelo.Designer.cs,2727,tesisproject.shared.Entities.Core.Group,"modelBuilder.Entity(""tesisproject.shared.Entities.Core.Group"", b =>"
migrations,tesisproject.backend/Migrations/20260905234038_ActualizarModelo.Designer.cs,2732,tesisproject.shared.Entities.Core.ObjectiveActivity,"modelBuilder.Entity(""tesisproject.shared.Entities.Core.ObjectiveActivity"", b =>"
migrations,tesisproject.backend/Migrations/20260905234038_ActualizarModelo.Designer.cs,2739,tesisproject.shared.Entities.Core.Products.Product,"modelBuilder.Entity(""tesisproject.shared.Entities.Core.Products.Product"", b =>"
migrations,tesisproject.backend/Migrations/20260905234038_ActualizarModelo.Designer.cs,2746,tesisproject.shared.Entities.Core.Products.ProductAttributeDefinition,"modelBuilder.Entity(""tesisproject.shared.Entities.Core.Products.ProductAttributeDefinition"", b =>"
migrations,tesisproject.backend/Migrations/20260905234038_ActualizarModelo.Designer.cs,2751,tesisproject.shared.Entities.Core.Project,"modelBuilder.Entity(""tesisproject.shared.Entities.Core.Project"", b =>"
migrations,tesisproject.backend/Migrations/20260905234038_ActualizarModelo.Designer.cs,2770,tesisproject.shared.Entities.Core.ProjectObjective,"modelBuilder.Entity(""tesisproject.shared.Entities.Core.ProjectObjective"", b =>"
migrations,tesisproject.backend/Migrations/20260905234038_ActualizarModelo.Designer.cs,2775,tesisproject.shared.Entities.Core.Visit,"modelBuilder.Entity(""tesisproject.shared.Entities.Core.Visit"", b =>"
migrations,tesisproject.backend/Migrations/20260905234038_ActualizarModelo.Designer.cs,2784,tesisproject.shared.Entities.Export.ExportField,"modelBuilder.Entity(""tesisproject.shared.Entities.Export.ExportField"", b =>"
migrations,tesisproject.backend/Migrations/20260905234038_ActualizarModelo.Designer.cs,2789,tesisproject.shared.Entities.Export.ExportTemplate,"modelBuilder.Entity(""tesisproject.shared.Entities.Export.ExportTemplate"", b =>"
migrations,tesisproject.backend/Migrations/AppDbContextModelSnapshot.cs,13,AppDbContext,[DbContext(typeof(AppDbContext))]
migrations,tesisproject.backend/Migrations/AppDbContextModelSnapshot.cs,14,AppDbContext,partial class AppDbContextModelSnapshot : ModelSnapshot
migrations,tesisproject.backend/Migrations/AppDbContextModelSnapshot.cs,79,IdentityUser<int>,"modelBuilder.Entity(""Microsoft.AspNetCore.Identity.IdentityUser<int>"", b =>"
migrations,tesisproject.backend/Migrations/AppDbContextModelSnapshot.cs,226,tesisproject.shared.Entities.Auth.AppUser,"modelBuilder.Entity(""tesisproject.shared.Entities.Auth.AppUser"", b =>"
migrations,tesisproject.backend/Migrations/AppDbContextModelSnapshot.cs,249,tesisproject.shared.Entities.Auth.RefreshToken,"modelBuilder.Entity(""tesisproject.shared.Entities.Auth.RefreshToken"", b =>"
migrations,tesisproject.backend/Migrations/AppDbContextModelSnapshot.cs,291,tesisproject.shared.Entities.Catalogs.Country,"modelBuilder.Entity(""tesisproject.shared.Entities.Catalogs.Country"", b =>"
migrations,tesisproject.backend/Migrations/AppDbContextModelSnapshot.cs,323,tesisproject.shared.Entities.Catalogs.DocumentType,"modelBuilder.Entity(""tesisproject.shared.Entities.Catalogs.DocumentType"", b =>"
migrations,tesisproject.backend/Migrations/AppDbContextModelSnapshot.cs,347,tesisproject.shared.Entities.Catalogs.FundingType,"modelBuilder.Entity(""tesisproject.shared.Entities.Catalogs.FundingType"", b =>"
migrations,tesisproject.backend/Migrations/AppDbContextModelSnapshot.cs,371,tesisproject.shared.Entities.Catalogs.GroupType,"modelBuilder.Entity(""tesisproject.shared.Entities.Catalogs.GroupType"", b =>"
migrations,tesisproject.backend/Migrations/AppDbContextModelSnapshot.cs,395,tesisproject.shared.Entities.Catalogs.IndexingSource,"modelBuilder.Entity(""tesisproject.shared.Entities.Catalogs.IndexingSource"", b =>"
migrations,tesisproject.backend/Migrations/AppDbContextModelSnapshot.cs,425,tesisproject.shared.Entities.Catalogs.Institution,"modelBuilder.Entity(""tesisproject.shared.Entities.Catalogs.Institution"", b =>"
migrations,tesisproject.backend/Migrations/AppDbContextModelSnapshot.cs,458,tesisproject.shared.Entities.Catalogs.MemberRoleType,"modelBuilder.Entity(""tesisproject.shared.Entities.Catalogs.MemberRoleType"", b =>"
migrations,tesisproject.backend/Migrations/AppDbContextModelSnapshot.cs,485,tesisproject.shared.Entities.Catalogs.ObjectiveType,"modelBuilder.Entity(""tesisproject.shared.Entities.Catalogs.ObjectiveType"", b =>"
migrations,tesisproject.backend/Migrations/AppDbContextModelSnapshot.cs,509,tesisproject.shared.Entities.Catalogs.ProductAttribute,"modelBuilder.Entity(""tesisproject.shared.Entities.Catalogs.ProductAttribute"", b =>"
migrations,tesisproject.backend/Migrations/AppDbContextModelSnapshot.cs,540,tesisproject.shared.Entities.Catalogs.ProductType,"modelBuilder.Entity(""tesisproject.shared.Entities.Catalogs.ProductType"", b =>"
migrations,tesisproject.backend/Migrations/AppDbContextModelSnapshot.cs,567,tesisproject.shared.Entities.Catalogs.ProjectExtensionType,"modelBuilder.Entity(""tesisproject.shared.Entities.Catalogs.ProjectExtensionType"", b =>"
migrations,tesisproject.backend/Migrations/AppDbContextModelSnapshot.cs,594,tesisproject.shared.Entities.Catalogs.ProjectOriginType,"modelBuilder.Entity(""tesisproject.shared.Entities.Catalogs.ProjectOriginType"", b =>"
migrations,tesisproject.backend/Migrations/AppDbContextModelSnapshot.cs,618,tesisproject.shared.Entities.Catalogs.ProjectState,"modelBuilder.Entity(""tesisproject.shared.Entities.Catalogs.ProjectState"", b =>"
migrations,tesisproject.backend/Migrations/AppDbContextModelSnapshot.cs,642,tesisproject.shared.Entities.Catalogs.ProjectType,"modelBuilder.Entity(""tesisproject.shared.Entities.Catalogs.ProjectType"", b =>"
migrations,tesisproject.backend/Migrations/AppDbContextModelSnapshot.cs,666,tesisproject.shared.Entities.Catalogs.ResearchCategory,"modelBuilder.Entity(""tesisproject.shared.Entities.Catalogs.ResearchCategory"", b =>"
migrations,tesisproject.backend/Migrations/AppDbContextModelSnapshot.cs,700,tesisproject.shared.Entities.Catalogs.ResearchCategoryGroup,"modelBuilder.Entity(""tesisproject.shared.Entities.Catalogs.ResearchCategoryGroup"", b =>"
migrations,tesisproject.backend/Migrations/AppDbContextModelSnapshot.cs,724,tesisproject.shared.Entities.Catalogs.ResearchCategoryType,"modelBuilder.Entity(""tesisproject.shared.Entities.Catalogs.ResearchCategoryType"", b =>"
migrations,tesisproject.backend/Migrations/AppDbContextModelSnapshot.cs,756,tesisproject.shared.Entities.Catalogs.TransactionType,"modelBuilder.Entity(""tesisproject.shared.Entities.Catalogs.TransactionType"", b =>"
migrations,tesisproject.backend/Migrations/AppDbContextModelSnapshot.cs,780,tesisproject.shared.Entities.Catalogs.VisitState,"modelBuilder.Entity(""tesisproject.shared.Entities.Catalogs.VisitState"", b =>"
migrations,tesisproject.backend/Migrations/AppDbContextModelSnapshot.cs,804,tesisproject.shared.Entities.Core.AppConfiguration,"modelBuilder.Entity(""tesisproject.shared.Entities.Core.AppConfiguration"", b =>"
migrations,tesisproject.backend/Migrations/AppDbContextModelSnapshot.cs,864,tesisproject.shared.Entities.Core.Budget,"modelBuilder.Entity(""tesisproject.shared.Entities.Core.Budget"", b =>"
migrations,tesisproject.backend/Migrations/AppDbContextModelSnapshot.cs,904,tesisproject.shared.Entities.Core.BudgetTransaction,"modelBuilder.Entity(""tesisproject.shared.Entities.Core.BudgetTransaction"", b =>"
migrations,tesisproject.backend/Migrations/AppDbContextModelSnapshot.cs,971,tesisproject.shared.Entities.Core.Convocation,"modelBuilder.Entity(""tesisproject.shared.Entities.Core.Convocation"", b =>"
migrations,tesisproject.backend/Migrations/AppDbContextModelSnapshot.cs,1000,tesisproject.shared.Entities.Core.ConvocationRule,"modelBuilder.Entity(""tesisproject.shared.Entities.Core.ConvocationRule"", b =>"
migrations,tesisproject.backend/Migrations/AppDbContextModelSnapshot.cs,1060,tesisproject.shared.Entities.Core.ConvocationRuleIndexing,"modelBuilder.Entity(""tesisproject.shared.Entities.Core.ConvocationRuleIndexing"", b =>"
migrations,tesisproject.backend/Migrations/AppDbContextModelSnapshot.cs,1084,tesisproject.shared.Entities.Core.Document,"modelBuilder.Entity(""tesisproject.shared.Entities.Core.Document"", b =>"
migrations,tesisproject.backend/Migrations/AppDbContextModelSnapshot.cs,1133,tesisproject.shared.Entities.Core.ExternalResearcher,"modelBuilder.Entity(""tesisproject.shared.Entities.Core.ExternalResearcher"", b =>"
migrations,tesisproject.backend/Migrations/AppDbContextModelSnapshot.cs,1165,tesisproject.shared.Entities.Core.ExternalResearcherProject,"modelBuilder.Entity(""tesisproject.shared.Entities.Core.ExternalResearcherProject"", b =>"
migrations,tesisproject.backend/Migrations/AppDbContextModelSnapshot.cs,1204,tesisproject.shared.Entities.Core.FacultyScope,"modelBuilder.Entity(""tesisproject.shared.Entities.Core.FacultyScope"", b =>"
migrations,tesisproject.backend/Migrations/AppDbContextModelSnapshot.cs,1230,tesisproject.shared.Entities.Core.FacultyScopeFaculty,"modelBuilder.Entity(""tesisproject.shared.Entities.Core.FacultyScopeFaculty"", b =>"
migrations,tesisproject.backend/Migrations/AppDbContextModelSnapshot.cs,1251,tesisproject.shared.Entities.Core.Group,"modelBuilder.Entity(""tesisproject.shared.Entities.Core.Group"", b =>"
migrations,tesisproject.backend/Migrations/AppDbContextModelSnapshot.cs,1274,tesisproject.shared.Entities.Core.GroupMember,"modelBuilder.Entity(""tesisproject.shared.Entities.Core.GroupMember"", b =>"
migrations,tesisproject.backend/Migrations/AppDbContextModelSnapshot.cs,1308,tesisproject.shared.Entities.Core.ObjectiveActivity,"modelBuilder.Entity(""tesisproject.shared.Entities.Core.ObjectiveActivity"", b =>"
migrations,tesisproject.backend/Migrations/AppDbContextModelSnapshot.cs,1342,tesisproject.shared.Entities.Core.ObjectiveActivityUser,"modelBuilder.Entity(""tesisproject.shared.Entities.Core.ObjectiveActivityUser"", b =>"
migrations,tesisproject.backend/Migrations/AppDbContextModelSnapshot.cs,1379,tesisproject.shared.Entities.Core.Products.Product,"modelBuilder.Entity(""tesisproject.shared.Entities.Core.Products.Product"", b =>"
migrations,tesisproject.backend/Migrations/AppDbContextModelSnapshot.cs,1427,tesisproject.shared.Entities.Core.Products.ProductAttributeDefinition,"modelBuilder.Entity(""tesisproject.shared.Entities.Core.Products.ProductAttributeDefinition"", b =>"
migrations,tesisproject.backend/Migrations/AppDbContextModelSnapshot.cs,1456,tesisproject.shared.Entities.Core.Products.ProductAuthor,"modelBuilder.Entity(""tesisproject.shared.Entities.Core.Products.ProductAuthor"", b =>"
migrations,tesisproject.backend/Migrations/AppDbContextModelSnapshot.cs,1486,tesisproject.shared.Entities.Core.Products.ProductValue,"modelBuilder.Entity(""tesisproject.shared.Entities.Core.Products.ProductValue"", b =>"
migrations,tesisproject.backend/Migrations/AppDbContextModelSnapshot.cs,1524,tesisproject.shared.Entities.Core.Project,"modelBuilder.Entity(""tesisproject.shared.Entities.Core.Project"", b =>"
migrations,tesisproject.backend/Migrations/AppDbContextModelSnapshot.cs,1600,tesisproject.shared.Entities.Core.ProjectDocument,"modelBuilder.Entity(""tesisproject.shared.Entities.Core.ProjectDocument"", b =>"
migrations,tesisproject.backend/Migrations/AppDbContextModelSnapshot.cs,1626,tesisproject.shared.Entities.Core.ProjectExtension,"modelBuilder.Entity(""tesisproject.shared.Entities.Core.ProjectExtension"", b =>"
migrations,tesisproject.backend/Migrations/AppDbContextModelSnapshot.cs,1663,tesisproject.shared.Entities.Core.ProjectObjective,"modelBuilder.Entity(""tesisproject.shared.Entities.Core.ProjectObjective"", b =>"
migrations,tesisproject.backend/Migrations/AppDbContextModelSnapshot.cs,1699,tesisproject.shared.Entities.Core.ProjectResearchCategory,"modelBuilder.Entity(""tesisproject.shared.Entities.Core.ProjectResearchCategory"", b =>"
migrations,tesisproject.backend/Migrations/AppDbContextModelSnapshot.cs,1723,tesisproject.shared.Entities.Core.UserFacultyScopeAssignment,"modelBuilder.Entity(""tesisproject.shared.Entities.Core.UserFacultyScopeAssignment"", b =>"
migrations,tesisproject.backend/Migrations/AppDbContextModelSnapshot.cs,1745,tesisproject.shared.Entities.Core.Visit,"modelBuilder.Entity(""tesisproject.shared.Entities.Core.Visit"", b =>"
migrations,tesisproject.backend/Migrations/AppDbContextModelSnapshot.cs,1753,AcademicPeriodId,"b.Property<int?>(""AcademicPeriodId"")"
migrations,tesisproject.backend/Migrations/AppDbContextModelSnapshot.cs,1800,tesisproject.shared.Entities.Core.VisitIssue,"modelBuilder.Entity(""tesisproject.shared.Entities.Core.VisitIssue"", b =>"
migrations,tesisproject.backend/Migrations/AppDbContextModelSnapshot.cs,1833,tesisproject.shared.Entities.Core.VisitObjectiveActivityProgress,"modelBuilder.Entity(""tesisproject.shared.Entities.Core.VisitObjectiveActivityProgress"", b =>"
migrations,tesisproject.backend/Migrations/AppDbContextModelSnapshot.cs,1865,tesisproject.shared.Entities.Export.ExportField,"modelBuilder.Entity(""tesisproject.shared.Entities.Export.ExportField"", b =>"
migrations,tesisproject.backend/Migrations/AppDbContextModelSnapshot.cs,1907,tesisproject.shared.Entities.Export.ExportTemplate,"modelBuilder.Entity(""tesisproject.shared.Entities.Export.ExportTemplate"", b =>"
migrations,tesisproject.backend/Migrations/AppDbContextModelSnapshot.cs,1944,tesisproject.shared.Entities.Export.ExportTemplateColumn,"modelBuilder.Entity(""tesisproject.shared.Entities.Export.ExportTemplateColumn"", b =>"
migrations,tesisproject.backend/Migrations/AppDbContextModelSnapshot.cs,1997,IdentityUser<int>,"b.HasOne(""Microsoft.AspNetCore.Identity.IdentityUser<int>"", null)"
migrations,tesisproject.backend/Migrations/AppDbContextModelSnapshot.cs,2006,IdentityUser<int>,"b.HasOne(""Microsoft.AspNetCore.Identity.IdentityUser<int>"", null)"
migrations,tesisproject.backend/Migrations/AppDbContextModelSnapshot.cs,2021,IdentityUser<int>,"b.HasOne(""Microsoft.AspNetCore.Identity.IdentityUser<int>"", null)"
migrations,tesisproject.backend/Migrations/AppDbContextModelSnapshot.cs,2030,IdentityUser<int>,"b.HasOne(""Microsoft.AspNetCore.Identity.IdentityUser<int>"", null)"
migrations,tesisproject.backend/Migrations/AppDbContextModelSnapshot.cs,2037,tesisproject.shared.Entities.Auth.AppUser,"modelBuilder.Entity(""tesisproject.shared.Entities.Auth.AppUser"", b =>"
migrations,tesisproject.backend/Migrations/AppDbContextModelSnapshot.cs,2039,IdentityUser<int>,"b.HasOne(""Microsoft.AspNetCore.Identity.IdentityUser<int>"", null)"
migrations,tesisproject.backend/Migrations/AppDbContextModelSnapshot.cs,2045,tesisproject.shared.Entities.Auth.RefreshToken,"modelBuilder.Entity(""tesisproject.shared.Entities.Auth.RefreshToken"", b =>"
migrations,tesisproject.backend/Migrations/AppDbContextModelSnapshot.cs,2047,IdentityUser<int>,"b.HasOne(""Microsoft.AspNetCore.Identity.IdentityUser<int>"", null)"
migrations,tesisproject.backend/Migrations/AppDbContextModelSnapshot.cs,2054,tesisproject.shared.Entities.Catalogs.Institution,"modelBuilder.Entity(""tesisproject.shared.Entities.Catalogs.Institution"", b =>"
migrations,tesisproject.backend/Migrations/AppDbContextModelSnapshot.cs,2056,tesisproject.shared.Entities.Catalogs.Country,"b.HasOne(""tesisproject.shared.Entities.Catalogs.Country"", ""Country"")"
migrations,tesisproject.backend/Migrations/AppDbContextModelSnapshot.cs,2064,tesisproject.shared.Entities.Catalogs.ResearchCategory,"modelBuilder.Entity(""tesisproject.shared.Entities.Catalogs.ResearchCategory"", b =>"
migrations,tesisproject.backend/Migrations/AppDbContextModelSnapshot.cs,2066,tesisproject.shared.Entities.Catalogs.ResearchCategory,"b.HasOne(""tesisproject.shared.Entities.Catalogs.ResearchCategory"", ""ParentCategory"")"
migrations,tesisproject.backend/Migrations/AppDbContextModelSnapshot.cs,2071,tesisproject.shared.Entities.Catalogs.ResearchCategoryType,"b.HasOne(""tesisproject.shared.Entities.Catalogs.ResearchCategoryType"", ""ResearchCategoryType"")"
migrations,tesisproject.backend/Migrations/AppDbContextModelSnapshot.cs,2082,tesisproject.shared.Entities.Catalogs.ResearchCategoryType,"modelBuilder.Entity(""tesisproject.shared.Entities.Catalogs.ResearchCategoryType"", b =>"
migrations,tesisproject.backend/Migrations/AppDbContextModelSnapshot.cs,2084,tesisproject.shared.Entities.Catalogs.ResearchCategoryGroup,"b.HasOne(""tesisproject.shared.Entities.Catalogs.ResearchCategoryGroup"", ""ResearchCategoryGroup"")"
migrations,tesisproject.backend/Migrations/AppDbContextModelSnapshot.cs,2093,tesisproject.shared.Entities.Core.Budget,"modelBuilder.Entity(""tesisproject.shared.Entities.Core.Budget"", b =>"
migrations,tesisproject.backend/Migrations/AppDbContextModelSnapshot.cs,2095,tesisproject.shared.Entities.Auth.AppUser,"b.HasOne(""tesisproject.shared.Entities.Auth.AppUser"", null)"
migrations,tesisproject.backend/Migrations/AppDbContextModelSnapshot.cs,2101,tesisproject.shared.Entities.Catalogs.FundingType,"b.HasOne(""tesisproject.shared.Entities.Catalogs.FundingType"", ""FundingType"")"
migrations,tesisproject.backend/Migrations/AppDbContextModelSnapshot.cs,2107,tesisproject.shared.Entities.Core.Project,"b.HasOne(""tesisproject.shared.Entities.Core.Project"", ""Project"")"
migrations,tesisproject.backend/Migrations/AppDbContextModelSnapshot.cs,2118,tesisproject.shared.Entities.Core.BudgetTransaction,"modelBuilder.Entity(""tesisproject.shared.Entities.Core.BudgetTransaction"", b =>"
migrations,tesisproject.backend/Migrations/AppDbContextModelSnapshot.cs,2120,tesisproject.shared.Entities.Core.Budget,"b.HasOne(""tesisproject.shared.Entities.Core.Budget"", ""Budget"")"
migrations,tesisproject.backend/Migrations/AppDbContextModelSnapshot.cs,2126,tesisproject.shared.Entities.Auth.AppUser,"b.HasOne(""tesisproject.shared.Entities.Auth.AppUser"", null)"
migrations,tesisproject.backend/Migrations/AppDbContextModelSnapshot.cs,2132,tesisproject.shared.Entities.Auth.AppUser,"b.HasOne(""tesisproject.shared.Entities.Auth.AppUser"", null)"
migrations,tesisproject.backend/Migrations/AppDbContextModelSnapshot.cs,2137,tesisproject.shared.Entities.Catalogs.TransactionType,"b.HasOne(""tesisproject.shared.Entities.Catalogs.TransactionType"", ""TransactionType"")"
migrations,tesisproject.backend/Migrations/AppDbContextModelSnapshot.cs,2148,tesisproject.shared.Entities.Core.ConvocationRule,"modelBuilder.Entity(""tesisproject.shared.Entities.Core.ConvocationRule"", b =>"
migrations,tesisproject.backend/Migrations/AppDbContextModelSnapshot.cs,2150,tesisproject.shared.Entities.Core.Convocation,"b.HasOne(""tesisproject.shared.Entities.Core.Convocation"", ""Convocation"")"
migrations,tesisproject.backend/Migrations/AppDbContextModelSnapshot.cs,2156,tesisproject.shared.Entities.Catalogs.ProductType,"b.HasOne(""tesisproject.shared.Entities.Catalogs.ProductType"", null)"
migrations,tesisproject.backend/Migrations/AppDbContextModelSnapshot.cs,2165,tesisproject.shared.Entities.Core.ConvocationRuleIndexing,"modelBuilder.Entity(""tesisproject.shared.Entities.Core.ConvocationRuleIndexing"", b =>"
migrations,tesisproject.backend/Migrations/AppDbContextModelSnapshot.cs,2167,tesisproject.shared.Entities.Core.ConvocationRule,"b.HasOne(""tesisproject.shared.Entities.Core.ConvocationRule"", ""ConvocationRule"")"
migrations,tesisproject.backend/Migrations/AppDbContextModelSnapshot.cs,2173,tesisproject.shared.Entities.Catalogs.IndexingSource,"b.HasOne(""tesisproject.shared.Entities.Catalogs.IndexingSource"", ""IndexingSource"")"
migrations,tesisproject.backend/Migrations/AppDbContextModelSnapshot.cs,2184,tesisproject.shared.Entities.Core.Document,"modelBuilder.Entity(""tesisproject.shared.Entities.Core.Document"", b =>"
migrations,tesisproject.backend/Migrations/AppDbContextModelSnapshot.cs,2186,tesisproject.shared.Entities.Auth.AppUser,"b.HasOne(""tesisproject.shared.Entities.Auth.AppUser"", null)"
migrations,tesisproject.backend/Migrations/AppDbContextModelSnapshot.cs,2192,tesisproject.shared.Entities.Catalogs.DocumentType,"b.HasOne(""tesisproject.shared.Entities.Catalogs.DocumentType"", ""DocumentType"")"
migrations,tesisproject.backend/Migrations/AppDbContextModelSnapshot.cs,2198,tesisproject.shared.Entities.Auth.AppUser,"b.HasOne(""tesisproject.shared.Entities.Auth.AppUser"", null)"
migrations,tesisproject.backend/Migrations/AppDbContextModelSnapshot.cs,2206,tesisproject.shared.Entities.Core.ExternalResearcher,"modelBuilder.Entity(""tesisproject.shared.Entities.Core.ExternalResearcher"", b =>"
migrations,tesisproject.backend/Migrations/AppDbContextModelSnapshot.cs,2208,tesisproject.shared.Entities.Catalogs.Institution,"b.HasOne(""tesisproject.shared.Entities.Catalogs.Institution"", ""Institution"")"
migrations,tesisproject.backend/Migrations/AppDbContextModelSnapshot.cs,2216,tesisproject.shared.Entities.Core.ExternalResearcherProject,"modelBuilder.Entity(""tesisproject.shared.Entities.Core.ExternalResearcherProject"", b =>"
migrations,tesisproject.backend/Migrations/AppDbContextModelSnapshot.cs,2218,tesisproject.shared.Entities.Auth.AppUser,"b.HasOne(""tesisproject.shared.Entities.Auth.AppUser"", null)"
migrations,tesisproject.backend/Migrations/AppDbContextModelSnapshot.cs,2224,tesisproject.shared.Entities.Core.ExternalResearcher,"b.HasOne(""tesisproject.shared.Entities.Core.ExternalResearcher"", ""ExternalResearcher"")"
migrations,tesisproject.backend/Migrations/AppDbContextModelSnapshot.cs,2230,tesisproject.shared.Entities.Core.Project,"b.HasOne(""tesisproject.shared.Entities.Core.Project"", ""Project"")"
migrations,tesisproject.backend/Migrations/AppDbContextModelSnapshot.cs,2241,tesisproject.shared.Entities.Core.FacultyScopeFaculty,"modelBuilder.Entity(""tesisproject.shared.Entities.Core.FacultyScopeFaculty"", b =>"
migrations,tesisproject.backend/Migrations/AppDbContextModelSnapshot.cs,2243,tesisproject.shared.Entities.Core.FacultyScope,"b.HasOne(""tesisproject.shared.Entities.Core.FacultyScope"", ""FacultyScope"")"
migrations,tesisproject.backend/Migrations/AppDbContextModelSnapshot.cs,2252,tesisproject.shared.Entities.Core.Group,"modelBuilder.Entity(""tesisproject.shared.Entities.Core.Group"", b =>"
migrations,tesisproject.backend/Migrations/AppDbContextModelSnapshot.cs,2254,tesisproject.shared.Entities.Catalogs.GroupType,"b.HasOne(""tesisproject.shared.Entities.Catalogs.GroupType"", ""GroupType"")"
migrations,tesisproject.backend/Migrations/AppDbContextModelSnapshot.cs,2263,tesisproject.shared.Entities.Core.GroupMember,"modelBuilder.Entity(""tesisproject.shared.Entities.Core.GroupMember"", b =>"
migrations,tesisproject.backend/Migrations/AppDbContextModelSnapshot.cs,2265,tesisproject.shared.Entities.Core.Group,"b.HasOne(""tesisproject.shared.Entities.Core.Group"", ""Group"")"
migrations,tesisproject.backend/Migrations/AppDbContextModelSnapshot.cs,2271,tesisproject.shared.Entities.Catalogs.MemberRoleType,"b.HasOne(""tesisproject.shared.Entities.Catalogs.MemberRoleType"", ""MemberRole"")"
migrations,tesisproject.backend/Migrations/AppDbContextModelSnapshot.cs,2277,tesisproject.shared.Entities.Auth.AppUser,"b.HasOne(""tesisproject.shared.Entities.Auth.AppUser"", null)"
migrations,tesisproject.backend/Migrations/AppDbContextModelSnapshot.cs,2288,tesisproject.shared.Entities.Core.ObjectiveActivity,"modelBuilder.Entity(""tesisproject.shared.Entities.Core.ObjectiveActivity"", b =>"
migrations,tesisproject.backend/Migrations/AppDbContextModelSnapshot.cs,2290,tesisproject.shared.Entities.Core.ProjectObjective,"b.HasOne(""tesisproject.shared.Entities.Core.ProjectObjective"", ""Objective"")"
migrations,tesisproject.backend/Migrations/AppDbContextModelSnapshot.cs,2299,tesisproject.shared.Entities.Core.ObjectiveActivityUser,"modelBuilder.Entity(""tesisproject.shared.Entities.Core.ObjectiveActivityUser"", b =>"
migrations,tesisproject.backend/Migrations/AppDbContextModelSnapshot.cs,2301,tesisproject.shared.Entities.Core.ObjectiveActivity,"b.HasOne(""tesisproject.shared.Entities.Core.ObjectiveActivity"", ""ObjectiveActivity"")"
migrations,tesisproject.backend/Migrations/AppDbContextModelSnapshot.cs,2307,tesisproject.shared.Entities.Core.Visit,"b.HasOne(""tesisproject.shared.Entities.Core.Visit"", ""Visit"")"
migrations,tesisproject.backend/Migrations/AppDbContextModelSnapshot.cs,2318,tesisproject.shared.Entities.Core.Products.Product,"modelBuilder.Entity(""tesisproject.shared.Entities.Core.Products.Product"", b =>"
migrations,tesisproject.backend/Migrations/AppDbContextModelSnapshot.cs,2320,tesisproject.shared.Entities.Catalogs.ProductType,"b.HasOne(""tesisproject.shared.Entities.Catalogs.ProductType"", ""ProductType"")"
migrations,tesisproject.backend/Migrations/AppDbContextModelSnapshot.cs,2326,tesisproject.shared.Entities.Core.Project,"b.HasOne(""tesisproject.shared.Entities.Core.Project"", ""Project"")"
migrations,tesisproject.backend/Migrations/AppDbContextModelSnapshot.cs,2332,tesisproject.shared.Entities.Core.Visit,"b.HasOne(""tesisproject.shared.Entities.Core.Visit"", ""Visit"")"
migrations,tesisproject.backend/Migrations/AppDbContextModelSnapshot.cs,2344,tesisproject.shared.Entities.Core.Products.ProductAttributeDefinition,"modelBuilder.Entity(""tesisproject.shared.Entities.Core.Products.ProductAttributeDefinition"", b =>"
migrations,tesisproject.backend/Migrations/AppDbContextModelSnapshot.cs,2346,tesisproject.shared.Entities.Catalogs.ProductAttribute,"b.HasOne(""tesisproject.shared.Entities.Catalogs.ProductAttribute"", ""ProductAttribute"")"
migrations,tesisproject.backend/Migrations/AppDbContextModelSnapshot.cs,2352,tesisproject.shared.Entities.Catalogs.ProductType,"b.HasOne(""tesisproject.shared.Entities.Catalogs.ProductType"", ""ProductType"")"
migrations,tesisproject.backend/Migrations/AppDbContextModelSnapshot.cs,2363,tesisproject.shared.Entities.Core.Products.ProductAuthor,"modelBuilder.Entity(""tesisproject.shared.Entities.Core.Products.ProductAuthor"", b =>"
migrations,tesisproject.backend/Migrations/AppDbContextModelSnapshot.cs,2365,tesisproject.shared.Entities.Core.Products.Product,"b.HasOne(""tesisproject.shared.Entities.Core.Products.Product"", ""Product"")"
migrations,tesisproject.backend/Migrations/AppDbContextModelSnapshot.cs,2371,tesisproject.shared.Entities.Auth.AppUser,"b.HasOne(""tesisproject.shared.Entities.Auth.AppUser"", null)"
migrations,tesisproject.backend/Migrations/AppDbContextModelSnapshot.cs,2380,tesisproject.shared.Entities.Core.Products.ProductValue,"modelBuilder.Entity(""tesisproject.shared.Entities.Core.Products.ProductValue"", b =>"
migrations,tesisproject.backend/Migrations/AppDbContextModelSnapshot.cs,2382,tesisproject.shared.Entities.Core.Products.ProductAttributeDefinition,"b.HasOne(""tesisproject.shared.Entities.Core.Products.ProductAttributeDefinition"", ""AttributeDefinition"")"
migrations,tesisproject.backend/Migrations/AppDbContextModelSnapshot.cs,2388,tesisproject.shared.Entities.Catalogs.ProductAttribute,"b.HasOne(""tesisproject.shared.Entities.Catalogs.ProductAttribute"", null)"
migrations,tesisproject.backend/Migrations/AppDbContextModelSnapshot.cs,2393,tesisproject.shared.Entities.Core.Products.Product,"b.HasOne(""tesisproject.shared.Entities.Core.Products.Product"", ""Product"")"
migrations,tesisproject.backend/Migrations/AppDbContextModelSnapshot.cs,2404,tesisproject.shared.Entities.Core.Project,"modelBuilder.Entity(""tesisproject.shared.Entities.Core.Project"", b =>"
migrations,tesisproject.backend/Migrations/AppDbContextModelSnapshot.cs,2406,tesisproject.shared.Entities.Core.Convocation,"b.HasOne(""tesisproject.shared.Entities.Core.Convocation"", ""Convocation"")"
migrations,tesisproject.backend/Migrations/AppDbContextModelSnapshot.cs,2412,tesisproject.shared.Entities.Auth.AppUser,"b.HasOne(""tesisproject.shared.Entities.Auth.AppUser"", null)"
migrations,tesisproject.backend/Migrations/AppDbContextModelSnapshot.cs,2418,tesisproject.shared.Entities.Core.Group,"b.HasOne(""tesisproject.shared.Entities.Core.Group"", ""ProjectGroup"")"
migrations,tesisproject.backend/Migrations/AppDbContextModelSnapshot.cs,2424,tesisproject.shared.Entities.Catalogs.ProjectOriginType,"b.HasOne(""tesisproject.shared.Entities.Catalogs.ProjectOriginType"", ""ProjectOriginType"")"
migrations,tesisproject.backend/Migrations/AppDbContextModelSnapshot.cs,2430,tesisproject.shared.Entities.Catalogs.ProjectState,"b.HasOne(""tesisproject.shared.Entities.Catalogs.ProjectState"", ""ProjectState"")"
migrations,tesisproject.backend/Migrations/AppDbContextModelSnapshot.cs,2436,tesisproject.shared.Entities.Catalogs.ProjectType,"b.HasOne(""tesisproject.shared.Entities.Catalogs.ProjectType"", ""ProjectType"")"
migrations,tesisproject.backend/Migrations/AppDbContextModelSnapshot.cs,2453,tesisproject.shared.Entities.Core.ProjectDocument,"modelBuilder.Entity(""tesisproject.shared.Entities.Core.ProjectDocument"", b =>"
migrations,tesisproject.backend/Migrations/AppDbContextModelSnapshot.cs,2455,tesisproject.shared.Entities.Core.Document,"b.HasOne(""tesisproject.shared.Entities.Core.Document"", ""Document"")"
migrations,tesisproject.backend/Migrations/AppDbContextModelSnapshot.cs,2461,tesisproject.shared.Entities.Core.Project,"b.HasOne(""tesisproject.shared.Entities.Core.Project"", ""Project"")"
migrations,tesisproject.backend/Migrations/AppDbContextModelSnapshot.cs,2472,tesisproject.shared.Entities.Core.ProjectExtension,"modelBuilder.Entity(""tesisproject.shared.Entities.Core.ProjectExtension"", b =>"
migrations,tesisproject.backend/Migrations/AppDbContextModelSnapshot.cs,2474,tesisproject.shared.Entities.Core.Document,"b.HasOne(""tesisproject.shared.Entities.Core.Document"", ""Document"")"
migrations,tesisproject.backend/Migrations/AppDbContextModelSnapshot.cs,2479,tesisproject.shared.Entities.Catalogs.ProjectExtensionType,"b.HasOne(""tesisproject.shared.Entities.Catalogs.ProjectExtensionType"", ""ProjectExtensionType"")"
migrations,tesisproject.backend/Migrations/AppDbContextModelSnapshot.cs,2484,tesisproject.shared.Entities.Core.Project,"b.HasOne(""tesisproject.shared.Entities.Core.Project"", ""Project"")"
migrations,tesisproject.backend/Migrations/AppDbContextModelSnapshot.cs,2497,tesisproject.shared.Entities.Core.ProjectObjective,"modelBuilder.Entity(""tesisproject.shared.Entities.Core.ProjectObjective"", b =>"
migrations,tesisproject.backend/Migrations/AppDbContextModelSnapshot.cs,2499,tesisproject.shared.Entities.Catalogs.ObjectiveType,"b.HasOne(""tesisproject.shared.Entities.Catalogs.ObjectiveType"", ""ObjectiveType"")"
migrations,tesisproject.backend/Migrations/AppDbContextModelSnapshot.cs,2505,tesisproject.shared.Entities.Core.Project,"b.HasOne(""tesisproject.shared.Entities.Core.Project"", ""Project"")"
migrations,tesisproject.backend/Migrations/AppDbContextModelSnapshot.cs,2516,tesisproject.shared.Entities.Core.ProjectResearchCategory,"modelBuilder.Entity(""tesisproject.shared.Entities.Core.ProjectResearchCategory"", b =>"
migrations,tesisproject.backend/Migrations/AppDbContextModelSnapshot.cs,2518,tesisproject.shared.Entities.Core.Project,"b.HasOne(""tesisproject.shared.Entities.Core.Project"", ""Project"")"
migrations,tesisproject.backend/Migrations/AppDbContextModelSnapshot.cs,2524,tesisproject.shared.Entities.Catalogs.ResearchCategory,"b.HasOne(""tesisproject.shared.Entities.Catalogs.ResearchCategory"", ""ResearchCategory"")"
migrations,tesisproject.backend/Migrations/AppDbContextModelSnapshot.cs,2535,tesisproject.shared.Entities.Core.UserFacultyScopeAssignment,"modelBuilder.Entity(""tesisproject.shared.Entities.Core.UserFacultyScopeAssignment"", b =>"
migrations,tesisproject.backend/Migrations/AppDbContextModelSnapshot.cs,2537,tesisproject.shared.Entities.Core.FacultyScope,"b.HasOne(""tesisproject.shared.Entities.Core.FacultyScope"", ""FacultyScope"")"
migrations,tesisproject.backend/Migrations/AppDbContextModelSnapshot.cs,2543,tesisproject.shared.Entities.Auth.AppUser,"b.HasOne(""tesisproject.shared.Entities.Auth.AppUser"", ""User"")"
migrations,tesisproject.backend/Migrations/AppDbContextModelSnapshot.cs,2554,tesisproject.shared.Entities.Core.Visit,"modelBuilder.Entity(""tesisproject.shared.Entities.Core.Visit"", b =>"
migrations,tesisproject.backend/Migrations/AppDbContextModelSnapshot.cs,2556,tesisproject.shared.Entities.Core.Document,"b.HasOne(""tesisproject.shared.Entities.Core.Document"", ""Document"")"
migrations,tesisproject.backend/Migrations/AppDbContextModelSnapshot.cs,2562,tesisproject.shared.Entities.Core.Document,"b.HasOne(""tesisproject.shared.Entities.Core.Document"", ""FundingDocument"")"
migrations,tesisproject.backend/Migrations/AppDbContextModelSnapshot.cs,2568,tesisproject.shared.Entities.Auth.AppUser,"b.HasOne(""tesisproject.shared.Entities.Auth.AppUser"", null)"
migrations,tesisproject.backend/Migrations/AppDbContextModelSnapshot.cs,2573,tesisproject.shared.Entities.Core.Document,"b.HasOne(""tesisproject.shared.Entities.Core.Document"", ""ProgressDocument"")"
migrations,tesisproject.backend/Migrations/AppDbContextModelSnapshot.cs,2579,tesisproject.shared.Entities.Core.Project,"b.HasOne(""tesisproject.shared.Entities.Core.Project"", ""Project"")"
migrations,tesisproject.backend/Migrations/AppDbContextModelSnapshot.cs,2585,tesisproject.shared.Entities.Catalogs.VisitState,"b.HasOne(""tesisproject.shared.Entities.Catalogs.VisitState"", ""VisitState"")"
migrations,tesisproject.backend/Migrations/AppDbContextModelSnapshot.cs,2602,tesisproject.shared.Entities.Core.VisitIssue,"modelBuilder.Entity(""tesisproject.shared.Entities.Core.VisitIssue"", b =>"
migrations,tesisproject.backend/Migrations/AppDbContextModelSnapshot.cs,2604,tesisproject.shared.Entities.Auth.AppUser,"b.HasOne(""tesisproject.shared.Entities.Auth.AppUser"", null)"
migrations,tesisproject.backend/Migrations/AppDbContextModelSnapshot.cs,2609,tesisproject.shared.Entities.Core.Visit,"b.HasOne(""tesisproject.shared.Entities.Core.Visit"", ""Visit"")"
migrations,tesisproject.backend/Migrations/AppDbContextModelSnapshot.cs,2618,tesisproject.shared.Entities.Core.VisitObjectiveActivityProgress,"modelBuilder.Entity(""tesisproject.shared.Entities.Core.VisitObjectiveActivityProgress"", b =>"
migrations,tesisproject.backend/Migrations/AppDbContextModelSnapshot.cs,2620,tesisproject.shared.Entities.Core.ObjectiveActivity,"b.HasOne(""tesisproject.shared.Entities.Core.ObjectiveActivity"", ""ObjectiveActivity"")"
migrations,tesisproject.backend/Migrations/AppDbContextModelSnapshot.cs,2626,tesisproject.shared.Entities.Core.Visit,"b.HasOne(""tesisproject.shared.Entities.Core.Visit"", ""Visit"")"
migrations,tesisproject.backend/Migrations/AppDbContextModelSnapshot.cs,2637,tesisproject.shared.Entities.Export.ExportTemplateColumn,"modelBuilder.Entity(""tesisproject.shared.Entities.Export.ExportTemplateColumn"", b =>"
migrations,tesisproject.backend/Migrations/AppDbContextModelSnapshot.cs,2639,tesisproject.shared.Entities.Export.ExportField,"b.HasOne(""tesisproject.shared.Entities.Export.ExportField"", ""ExportField"")"
migrations,tesisproject.backend/Migrations/AppDbContextModelSnapshot.cs,2645,tesisproject.shared.Entities.Export.ExportTemplate,"b.HasOne(""tesisproject.shared.Entities.Export.ExportTemplate"", ""Template"")"
migrations,tesisproject.backend/Migrations/AppDbContextModelSnapshot.cs,2656,tesisproject.shared.Entities.Catalogs.Country,"modelBuilder.Entity(""tesisproject.shared.Entities.Catalogs.Country"", b =>"
migrations,tesisproject.backend/Migrations/AppDbContextModelSnapshot.cs,2661,tesisproject.shared.Entities.Catalogs.ProductAttribute,"modelBuilder.Entity(""tesisproject.shared.Entities.Catalogs.ProductAttribute"", b =>"
migrations,tesisproject.backend/Migrations/AppDbContextModelSnapshot.cs,2668,tesisproject.shared.Entities.Catalogs.ProjectExtensionType,"modelBuilder.Entity(""tesisproject.shared.Entities.Catalogs.ProjectExtensionType"", b =>"
migrations,tesisproject.backend/Migrations/AppDbContextModelSnapshot.cs,2673,tesisproject.shared.Entities.Catalogs.ResearchCategory,"modelBuilder.Entity(""tesisproject.shared.Entities.Catalogs.ResearchCategory"", b =>"
migrations,tesisproject.backend/Migrations/AppDbContextModelSnapshot.cs,2680,tesisproject.shared.Entities.Catalogs.ResearchCategoryGroup,"modelBuilder.Entity(""tesisproject.shared.Entities.Catalogs.ResearchCategoryGroup"", b =>"
migrations,tesisproject.backend/Migrations/AppDbContextModelSnapshot.cs,2685,tesisproject.shared.Entities.Catalogs.ResearchCategoryType,"modelBuilder.Entity(""tesisproject.shared.Entities.Catalogs.ResearchCategoryType"", b =>"
migrations,tesisproject.backend/Migrations/AppDbContextModelSnapshot.cs,2690,tesisproject.shared.Entities.Core.Budget,"modelBuilder.Entity(""tesisproject.shared.Entities.Core.Budget"", b =>"
migrations,tesisproject.backend/Migrations/AppDbContextModelSnapshot.cs,2695,tesisproject.shared.Entities.Core.Convocation,"modelBuilder.Entity(""tesisproject.shared.Entities.Core.Convocation"", b =>"
migrations,tesisproject.backend/Migrations/AppDbContextModelSnapshot.cs,2702,tesisproject.shared.Entities.Core.ConvocationRule,"modelBuilder.Entity(""tesisproject.shared.Entities.Core.ConvocationRule"", b =>"
migrations,tesisproject.backend/Migrations/AppDbContextModelSnapshot.cs,2707,tesisproject.shared.Entities.Core.Document,"modelBuilder.Entity(""tesisproject.shared.Entities.Core.Document"", b =>"
migrations,tesisproject.backend/Migrations/AppDbContextModelSnapshot.cs,2712,tesisproject.shared.Entities.Core.ExternalResearcher,"modelBuilder.Entity(""tesisproject.shared.Entities.Core.ExternalResearcher"", b =>"
migrations,tesisproject.backend/Migrations/AppDbContextModelSnapshot.cs,2717,tesisproject.shared.Entities.Core.FacultyScope,"modelBuilder.Entity(""tesisproject.shared.Entities.Core.FacultyScope"", b =>"
migrations,tesisproject.backend/Migrations/AppDbContextModelSnapshot.cs,2724,tesisproject.shared.Entities.Core.Group,"modelBuilder.Entity(""tesisproject.shared.Entities.Core.Group"", b =>"
migrations,tesisproject.backend/Migrations/AppDbContextModelSnapshot.cs,2729,tesisproject.shared.Entities.Core.ObjectiveActivity,"modelBuilder.Entity(""tesisproject.shared.Entities.Core.ObjectiveActivity"", b =>"
migrations,tesisproject.backend/Migrations/AppDbContextModelSnapshot.cs,2736,tesisproject.shared.Entities.Core.Products.Product,"modelBuilder.Entity(""tesisproject.shared.Entities.Core.Products.Product"", b =>"
migrations,tesisproject.backend/Migrations/AppDbContextModelSnapshot.cs,2743,tesisproject.shared.Entities.Core.Products.ProductAttributeDefinition,"modelBuilder.Entity(""tesisproject.shared.Entities.Core.Products.ProductAttributeDefinition"", b =>"
migrations,tesisproject.backend/Migrations/AppDbContextModelSnapshot.cs,2748,tesisproject.shared.Entities.Core.Project,"modelBuilder.Entity(""tesisproject.shared.Entities.Core.Project"", b =>"
migrations,tesisproject.backend/Migrations/AppDbContextModelSnapshot.cs,2767,tesisproject.shared.Entities.Core.ProjectObjective,"modelBuilder.Entity(""tesisproject.shared.Entities.Core.ProjectObjective"", b =>"
migrations,tesisproject.backend/Migrations/AppDbContextModelSnapshot.cs,2772,tesisproject.shared.Entities.Core.Visit,"modelBuilder.Entity(""tesisproject.shared.Entities.Core.Visit"", b =>"
migrations,tesisproject.backend/Migrations/AppDbContextModelSnapshot.cs,2781,tesisproject.shared.Entities.Export.ExportField,"modelBuilder.Entity(""tesisproject.shared.Entities.Export.ExportField"", b =>"
migrations,tesisproject.backend/Migrations/AppDbContextModelSnapshot.cs,2786,tesisproject.shared.Entities.Export.ExportTemplate,"modelBuilder.Entity(""tesisproject.shared.Entities.Export.ExportTemplate"", b =>"
migrations,tesisproject.backend/Migrations/Articles/20260905234648_ActualizarArticulos.cs,505,ArticleParticipants,"name: ""ArticleParticipants"","
migrations,tesisproject.backend/Migrations/Articles/20260905234648_ActualizarArticulos.cs,527,ArticleParticipants,"table.PrimaryKey(""PK_ArticleParticipants"", x => x.Id);"
migrations,tesisproject.backend/Migrations/Articles/20260905234648_ActualizarArticulos.cs,529,ArticleParticipants,"name: ""FK_ArticleParticipants_Articles_ArticleId"","
migrations,tesisproject.backend/Migrations/Articles/20260905234648_ActualizarArticulos.cs,571,ArticleParticipantDynamicFieldValues,"name: ""ArticleParticipantDynamicFieldValues"","
migrations,tesisproject.backend/Migrations/Articles/20260905234648_ActualizarArticulos.cs,574,ArticleParticipantDynamicFieldValue,"ArticleParticipantDynamicFieldValueId = table.Column<int>(type: ""int"", nullable: false)"
migrations,tesisproject.backend/Migrations/Articles/20260905234648_ActualizarArticulos.cs,576,ArticleParticipant,"ArticleParticipantId = table.Column<int>(type: ""int"", nullable: false),"
migrations,tesisproject.backend/Migrations/Articles/20260905234648_ActualizarArticulos.cs,589,ArticleParticipantDynamicFieldValues,"table.PrimaryKey(""PK_ArticleParticipantDynamicFieldValues"", x => x.ArticleParticipantDynamicFieldValueId);"
migrations,tesisproject.backend/Migrations/Articles/20260905234648_ActualizarArticulos.cs,589,ArticleParticipantDynamicFieldValue,"table.PrimaryKey(""PK_ArticleParticipantDynamicFieldValues"", x => x.ArticleParticipantDynamicFieldValueId);"
migrations,tesisproject.backend/Migrations/Articles/20260905234648_ActualizarArticulos.cs,591,ArticleParticipantDynamicFieldValues,"name: ""FK_ArticleParticipantDynamicFieldValues_ArticleParticipants_ArticleParticipantId"","
migrations,tesisproject.backend/Migrations/Articles/20260905234648_ActualizarArticulos.cs,591,ArticleParticipants,"name: ""FK_ArticleParticipantDynamicFieldValues_ArticleParticipants_ArticleParticipantId"","
migrations,tesisproject.backend/Migrations/Articles/20260905234648_ActualizarArticulos.cs,591,ArticleParticipant,"name: ""FK_ArticleParticipantDynamicFieldValues_ArticleParticipants_ArticleParticipantId"","
migrations,tesisproject.backend/Migrations/Articles/20260905234648_ActualizarArticulos.cs,592,ArticleParticipant,"column: x => x.ArticleParticipantId,"
migrations,tesisproject.backend/Migrations/Articles/20260905234648_ActualizarArticulos.cs,593,ArticleParticipants,"principalTable: ""ArticleParticipants"","
migrations,tesisproject.backend/Migrations/Articles/20260905234648_ActualizarArticulos.cs,597,ArticleParticipantDynamicFieldValues,"name: ""FK_ArticleParticipantDynamicFieldValues_FieldCatalog_FieldId"","
migrations,tesisproject.backend/Migrations/Articles/20260905234648_ActualizarArticulos.cs,621,ArticleParticipantDynamicFieldValues,"name: ""IX_ArticleParticipantDynamicFieldValues_ArticleParticipantId"","
migrations,tesisproject.backend/Migrations/Articles/20260905234648_ActualizarArticulos.cs,621,ArticleParticipant,"name: ""IX_ArticleParticipantDynamicFieldValues_ArticleParticipantId"","
migrations,tesisproject.backend/Migrations/Articles/20260905234648_ActualizarArticulos.cs,622,ArticleParticipantDynamicFieldValues,"table: ""ArticleParticipantDynamicFieldValues"","
migrations,tesisproject.backend/Migrations/Articles/20260905234648_ActualizarArticulos.cs,623,ArticleParticipant,"column: ""ArticleParticipantId"");"
migrations,tesisproject.backend/Migrations/Articles/20260905234648_ActualizarArticulos.cs,626,ArticleParticipantDynamicFieldValues,"name: ""IX_ArticleParticipantDynamicFieldValues_FieldId"","
migrations,tesisproject.backend/Migrations/Articles/20260905234648_ActualizarArticulos.cs,627,ArticleParticipantDynamicFieldValues,"table: ""ArticleParticipantDynamicFieldValues"","
migrations,tesisproject.backend/Migrations/Articles/20260905234648_ActualizarArticulos.cs,631,ArticleParticipants,"name: ""IX_ArticleParticipants_ArticleId_Index"","
migrations,tesisproject.backend/Migrations/Articles/20260905234648_ActualizarArticulos.cs,632,ArticleParticipants,"table: ""ArticleParticipants"","
migrations,tesisproject.backend/Migrations/Articles/20260905234648_ActualizarArticulos.cs,829,ArticleParticipantDynamicFieldValues,"name: ""ArticleParticipantDynamicFieldValues"");"
migrations,tesisproject.backend/Migrations/Articles/20260905234648_ActualizarArticulos.cs,850,ArticleParticipants,"name: ""ArticleParticipants"");"
migrations,tesisproject.backend/Migrations/Articles/20260905234648_ActualizarArticulos.Designer.cs,8,tesisproject.backend.Data.Articles,using tesisproject.backend.Data.Articles;
migrations,tesisproject.backend/Migrations/Articles/20260905234648_ActualizarArticulos.Designer.cs,14,ArticlesDbContext,[DbContext(typeof(ArticlesDbContext))]
migrations,tesisproject.backend/Migrations/Articles/20260905234648_ActualizarArticulos.Designer.cs,28,tesisproject.backend.Data.Articles.Entities.AcademicTerm,"modelBuilder.Entity(""tesisproject.backend.Data.Articles.Entities.AcademicTerm"", b =>"
migrations,tesisproject.backend/Migrations/Articles/20260905234648_ActualizarArticulos.Designer.cs,49,tesisproject.backend.Data.Articles.Entities.Article,"modelBuilder.Entity(""tesisproject.backend.Data.Articles.Entities.Article"", b =>"
migrations,tesisproject.backend/Migrations/Articles/20260905234648_ActualizarArticulos.Designer.cs,179,tesisproject.backend.Data.Articles.Entities.ArticleFile,"modelBuilder.Entity(""tesisproject.backend.Data.Articles.Entities.ArticleFile"", b =>"
migrations,tesisproject.backend/Migrations/Articles/20260905234648_ActualizarArticulos.Designer.cs,213,tesisproject.backend.Data.Articles.Entities.ArticleIndexing,"modelBuilder.Entity(""tesisproject.backend.Data.Articles.Entities.ArticleIndexing"", b =>"
migrations,tesisproject.backend/Migrations/Articles/20260905234648_ActualizarArticulos.Designer.cs,228,tesisproject.backend.Data.Articles.Entities.ArticleParticipant,"modelBuilder.Entity(""tesisproject.backend.Data.Articles.Entities.ArticleParticipant"", b =>"
migrations,tesisproject.backend/Migrations/Articles/20260905234648_ActualizarArticulos.Designer.cs,294,ArticleParticipants,"b.ToTable(""ArticleParticipants"");"
migrations,tesisproject.backend/Migrations/Articles/20260905234648_ActualizarArticulos.Designer.cs,297,tesisproject.backend.Data.Articles.Entities.ArticleParticipantDynamicFieldValue,"modelBuilder.Entity(""tesisproject.backend.Data.Articles.Entities.ArticleParticipantDynamicFieldValue"", b =>"
migrations,tesisproject.backend/Migrations/Articles/20260905234648_ActualizarArticulos.Designer.cs,299,ArticleParticipantDynamicFieldValue,"b.Property<int>(""ArticleParticipantDynamicFieldValueId"")"
migrations,tesisproject.backend/Migrations/Articles/20260905234648_ActualizarArticulos.Designer.cs,303,ArticleParticipantDynamicFieldValue,"SqlServerPropertyBuilderExtensions.UseIdentityColumn(b.Property<int>(""ArticleParticipantDynamicFieldValueId""));"
migrations,tesisproject.backend/Migrations/Articles/20260905234648_ActualizarArticulos.Designer.cs,305,ArticleParticipant,"b.Property<int>(""ArticleParticipantId"")"
migrations,tesisproject.backend/Migrations/Articles/20260905234648_ActualizarArticulos.Designer.cs,336,ArticleParticipantDynamicFieldValue,"b.HasKey(""ArticleParticipantDynamicFieldValueId"");"
migrations,tesisproject.backend/Migrations/Articles/20260905234648_ActualizarArticulos.Designer.cs,338,ArticleParticipant,"b.HasIndex(""ArticleParticipantId"");"
migrations,tesisproject.backend/Migrations/Articles/20260905234648_ActualizarArticulos.Designer.cs,342,ArticleParticipantDynamicFieldValues,"b.ToTable(""ArticleParticipantDynamicFieldValues"", (string)null);"
migrations,tesisproject.backend/Migrations/Articles/20260905234648_ActualizarArticulos.Designer.cs,345,tesisproject.backend.Data.Articles.Entities.BroadField,"modelBuilder.Entity(""tesisproject.backend.Data.Articles.Entities.BroadField"", b =>"
migrations,tesisproject.backend/Migrations/Articles/20260905234648_ActualizarArticulos.Designer.cs,366,tesisproject.backend.Data.Articles.Entities.DetailedField,"modelBuilder.Entity(""tesisproject.backend.Data.Articles.Entities.DetailedField"", b =>"
migrations,tesisproject.backend/Migrations/Articles/20260905234648_ActualizarArticulos.Designer.cs,400,tesisproject.backend.Data.Articles.Entities.DynamicFieldOption,"modelBuilder.Entity(""tesisproject.backend.Data.Articles.Entities.DynamicFieldOption"", b =>"
migrations,tesisproject.backend/Migrations/Articles/20260905234648_ActualizarArticulos.Designer.cs,440,tesisproject.backend.Data.Articles.Entities.DynamicFieldValue,"modelBuilder.Entity(""tesisproject.backend.Data.Articles.Entities.DynamicFieldValue"", b =>"
migrations,tesisproject.backend/Migrations/Articles/20260905234648_ActualizarArticulos.Designer.cs,488,tesisproject.backend.Data.Articles.Entities.Faculty,"modelBuilder.Entity(""tesisproject.backend.Data.Articles.Entities.Faculty"", b =>"
migrations,tesisproject.backend/Migrations/Articles/20260905234648_ActualizarArticulos.Designer.cs,527,tesisproject.backend.Data.Articles.Entities.FieldCatalogEntry,"modelBuilder.Entity(""tesisproject.backend.Data.Articles.Entities.FieldCatalogEntry"", b =>"
migrations,tesisproject.backend/Migrations/Articles/20260905234648_ActualizarArticulos.Designer.cs,626,tesisproject.backend.Data.Articles.Entities.FormDefinition,"modelBuilder.Entity(""tesisproject.backend.Data.Articles.Entities.FormDefinition"", b =>"
migrations,tesisproject.backend/Migrations/Articles/20260905234648_ActualizarArticulos.Designer.cs,667,tesisproject.backend.Data.Articles.Entities.FormFieldDefinition,"modelBuilder.Entity(""tesisproject.backend.Data.Articles.Entities.FormFieldDefinition"", b =>"
migrations,tesisproject.backend/Migrations/Articles/20260905234648_ActualizarArticulos.Designer.cs,715,tesisproject.backend.Data.Articles.Entities.IndexingSource,"modelBuilder.Entity(""tesisproject.backend.Data.Articles.Entities.IndexingSource"", b =>"
migrations,tesisproject.backend/Migrations/Articles/20260905234648_ActualizarArticulos.Designer.cs,743,tesisproject.backend.Data.Articles.Entities.PublicationStatus,"modelBuilder.Entity(""tesisproject.backend.Data.Articles.Entities.PublicationStatus"", b =>"
migrations,tesisproject.backend/Migrations/Articles/20260905234648_ActualizarArticulos.Designer.cs,761,tesisproject.backend.Data.Articles.Entities.RegistrationMatrix,"modelBuilder.Entity(""tesisproject.backend.Data.Articles.Entities.RegistrationMatrix"", b =>"
migrations,tesisproject.backend/Migrations/Articles/20260905234648_ActualizarArticulos.Designer.cs,808,tesisproject.backend.Data.Articles.Entities.RegistrationMatrixCell,"modelBuilder.Entity(""tesisproject.backend.Data.Articles.Entities.RegistrationMatrixCell"", b =>"
migrations,tesisproject.backend/Migrations/Articles/20260905234648_ActualizarArticulos.Designer.cs,842,tesisproject.backend.Data.Articles.Entities.RegistrationMatrixColumn,"modelBuilder.Entity(""tesisproject.backend.Data.Articles.Entities.RegistrationMatrixColumn"", b =>"
migrations,tesisproject.backend/Migrations/Articles/20260905234648_ActualizarArticulos.Designer.cs,877,tesisproject.backend.Data.Articles.Entities.RegistrationMatrixRow,"modelBuilder.Entity(""tesisproject.backend.Data.Articles.Entities.RegistrationMatrixRow"", b =>"
migrations,tesisproject.backend/Migrations/Articles/20260905234648_ActualizarArticulos.Designer.cs,910,tesisproject.backend.Data.Articles.Entities.ResearchLine,"modelBuilder.Entity(""tesisproject.backend.Data.Articles.Entities.ResearchLine"", b =>"
migrations,tesisproject.backend/Migrations/Articles/20260905234648_ActualizarArticulos.Designer.cs,931,tesisproject.backend.Data.Articles.Entities.SpecificField,"modelBuilder.Entity(""tesisproject.backend.Data.Articles.Entities.SpecificField"", b =>"
migrations,tesisproject.backend/Migrations/Articles/20260905234648_ActualizarArticulos.Designer.cs,965,tesisproject.backend.Data.Articles.Entities.Venue,"modelBuilder.Entity(""tesisproject.backend.Data.Articles.Entities.Venue"", b =>"
migrations,tesisproject.backend/Migrations/Articles/20260905234648_ActualizarArticulos.Designer.cs,1011,tesisproject.backend.Data.Articles.Entities.VenueMetric,"modelBuilder.Entity(""tesisproject.backend.Data.Articles.Entities.VenueMetric"", b =>"
migrations,tesisproject.backend/Migrations/Articles/20260905234648_ActualizarArticulos.Designer.cs,1032,tesisproject.backend.Data.Articles.Entities.Article,"modelBuilder.Entity(""tesisproject.backend.Data.Articles.Entities.Article"", b =>"
migrations,tesisproject.backend/Migrations/Articles/20260905234648_ActualizarArticulos.Designer.cs,1034,tesisproject.backend.Data.Articles.Entities.AcademicTerm,"b.HasOne(""tesisproject.backend.Data.Articles.Entities.AcademicTerm"", ""AcademicTerm"")"
migrations,tesisproject.backend/Migrations/Articles/20260905234648_ActualizarArticulos.Designer.cs,1039,tesisproject.backend.Data.Articles.Entities.BroadField,"b.HasOne(""tesisproject.backend.Data.Articles.Entities.BroadField"", ""BroadField"")"
migrations,tesisproject.backend/Migrations/Articles/20260905234648_ActualizarArticulos.Designer.cs,1044,tesisproject.backend.Data.Articles.Entities.DetailedField,"b.HasOne(""tesisproject.backend.Data.Articles.Entities.DetailedField"", ""DetailedField"")"
migrations,tesisproject.backend/Migrations/Articles/20260905234648_ActualizarArticulos.Designer.cs,1049,tesisproject.backend.Data.Articles.Entities.Faculty,"b.HasOne(""tesisproject.backend.Data.Articles.Entities.Faculty"", ""Faculty"")"
migrations,tesisproject.backend/Migrations/Articles/20260905234648_ActualizarArticulos.Designer.cs,1054,tesisproject.backend.Data.Articles.Entities.PublicationStatus,"b.HasOne(""tesisproject.backend.Data.Articles.Entities.PublicationStatus"", ""PublicationStatus"")"
migrations,tesisproject.backend/Migrations/Articles/20260905234648_ActualizarArticulos.Designer.cs,1059,tesisproject.backend.Data.Articles.Entities.ResearchLine,"b.HasOne(""tesisproject.backend.Data.Articles.Entities.ResearchLine"", ""ResearchLine"")"
migrations,tesisproject.backend/Migrations/Articles/20260905234648_ActualizarArticulos.Designer.cs,1064,tesisproject.backend.Data.Articles.Entities.SpecificField,"b.HasOne(""tesisproject.backend.Data.Articles.Entities.SpecificField"", ""SpecificField"")"
migrations,tesisproject.backend/Migrations/Articles/20260905234648_ActualizarArticulos.Designer.cs,1069,tesisproject.backend.Data.Articles.Entities.Venue,"b.HasOne(""tesisproject.backend.Data.Articles.Entities.Venue"", ""Venue"")"
migrations,tesisproject.backend/Migrations/Articles/20260905234648_ActualizarArticulos.Designer.cs,1091,tesisproject.backend.Data.Articles.Entities.ArticleFile,"modelBuilder.Entity(""tesisproject.backend.Data.Articles.Entities.ArticleFile"", b =>"
migrations,tesisproject.backend/Migrations/Articles/20260905234648_ActualizarArticulos.Designer.cs,1093,tesisproject.backend.Data.Articles.Entities.Article,"b.HasOne(""tesisproject.backend.Data.Articles.Entities.Article"", ""Article"")"
migrations,tesisproject.backend/Migrations/Articles/20260905234648_ActualizarArticulos.Designer.cs,1102,tesisproject.backend.Data.Articles.Entities.ArticleIndexing,"modelBuilder.Entity(""tesisproject.backend.Data.Articles.Entities.ArticleIndexing"", b =>"
migrations,tesisproject.backend/Migrations/Articles/20260905234648_ActualizarArticulos.Designer.cs,1104,tesisproject.backend.Data.Articles.Entities.Article,"b.HasOne(""tesisproject.backend.Data.Articles.Entities.Article"", ""Article"")"
migrations,tesisproject.backend/Migrations/Articles/20260905234648_ActualizarArticulos.Designer.cs,1110,tesisproject.backend.Data.Articles.Entities.IndexingSource,"b.HasOne(""tesisproject.backend.Data.Articles.Entities.IndexingSource"", ""IndexingSource"")"
migrations,tesisproject.backend/Migrations/Articles/20260905234648_ActualizarArticulos.Designer.cs,1121,tesisproject.backend.Data.Articles.Entities.ArticleParticipant,"modelBuilder.Entity(""tesisproject.backend.Data.Articles.Entities.ArticleParticipant"", b =>"
migrations,tesisproject.backend/Migrations/Articles/20260905234648_ActualizarArticulos.Designer.cs,1123,tesisproject.backend.Data.Articles.Entities.Article,"b.HasOne(""tesisproject.backend.Data.Articles.Entities.Article"", ""Article"")"
migrations,tesisproject.backend/Migrations/Articles/20260905234648_ActualizarArticulos.Designer.cs,1132,tesisproject.backend.Data.Articles.Entities.ArticleParticipantDynamicFieldValue,"modelBuilder.Entity(""tesisproject.backend.Data.Articles.Entities.ArticleParticipantDynamicFieldValue"", b =>"
migrations,tesisproject.backend/Migrations/Articles/20260905234648_ActualizarArticulos.Designer.cs,1134,tesisproject.backend.Data.Articles.Entities.ArticleParticipant,"b.HasOne(""tesisproject.backend.Data.Articles.Entities.ArticleParticipant"", ""ArticleParticipant"")"
migrations,tesisproject.backend/Migrations/Articles/20260905234648_ActualizarArticulos.Designer.cs,1134,ArticleParticipant,"b.HasOne(""tesisproject.backend.Data.Articles.Entities.ArticleParticipant"", ""ArticleParticipant"")"
migrations,tesisproject.backend/Migrations/Articles/20260905234648_ActualizarArticulos.Designer.cs,1136,ArticleParticipant,".HasForeignKey(""ArticleParticipantId"")"
migrations,tesisproject.backend/Migrations/Articles/20260905234648_ActualizarArticulos.Designer.cs,1140,tesisproject.backend.Data.Articles.Entities.FieldCatalogEntry,"b.HasOne(""tesisproject.backend.Data.Articles.Entities.FieldCatalogEntry"", ""Field"")"
migrations,tesisproject.backend/Migrations/Articles/20260905234648_ActualizarArticulos.Designer.cs,1146,ArticleParticipant,"b.Navigation(""ArticleParticipant"");"
migrations,tesisproject.backend/Migrations/Articles/20260905234648_ActualizarArticulos.Designer.cs,1151,tesisproject.backend.Data.Articles.Entities.DetailedField,"modelBuilder.Entity(""tesisproject.backend.Data.Articles.Entities.DetailedField"", b =>"
migrations,tesisproject.backend/Migrations/Articles/20260905234648_ActualizarArticulos.Designer.cs,1153,tesisproject.backend.Data.Articles.Entities.SpecificField,"b.HasOne(""tesisproject.backend.Data.Articles.Entities.SpecificField"", ""SpecificField"")"
migrations,tesisproject.backend/Migrations/Articles/20260905234648_ActualizarArticulos.Designer.cs,1162,tesisproject.backend.Data.Articles.Entities.DynamicFieldOption,"modelBuilder.Entity(""tesisproject.backend.Data.Articles.Entities.DynamicFieldOption"", b =>"
migrations,tesisproject.backend/Migrations/Articles/20260905234648_ActualizarArticulos.Designer.cs,1164,tesisproject.backend.Data.Articles.Entities.FieldCatalogEntry,"b.HasOne(""tesisproject.backend.Data.Articles.Entities.FieldCatalogEntry"", ""Field"")"
migrations,tesisproject.backend/Migrations/Articles/20260905234648_ActualizarArticulos.Designer.cs,1173,tesisproject.backend.Data.Articles.Entities.DynamicFieldValue,"modelBuilder.Entity(""tesisproject.backend.Data.Articles.Entities.DynamicFieldValue"", b =>"
migrations,tesisproject.backend/Migrations/Articles/20260905234648_ActualizarArticulos.Designer.cs,1175,tesisproject.backend.Data.Articles.Entities.Article,"b.HasOne(""tesisproject.backend.Data.Articles.Entities.Article"", ""Article"")"
migrations,tesisproject.backend/Migrations/Articles/20260905234648_ActualizarArticulos.Designer.cs,1181,tesisproject.backend.Data.Articles.Entities.FieldCatalogEntry,"b.HasOne(""tesisproject.backend.Data.Articles.Entities.FieldCatalogEntry"", ""Field"")"
migrations,tesisproject.backend/Migrations/Articles/20260905234648_ActualizarArticulos.Designer.cs,1192,tesisproject.backend.Data.Articles.Entities.FormFieldDefinition,"modelBuilder.Entity(""tesisproject.backend.Data.Articles.Entities.FormFieldDefinition"", b =>"
migrations,tesisproject.backend/Migrations/Articles/20260905234648_ActualizarArticulos.Designer.cs,1194,tesisproject.backend.Data.Articles.Entities.FieldCatalogEntry,"b.HasOne(""tesisproject.backend.Data.Articles.Entities.FieldCatalogEntry"", ""Field"")"
migrations,tesisproject.backend/Migrations/Articles/20260905234648_ActualizarArticulos.Designer.cs,1200,tesisproject.backend.Data.Articles.Entities.FormDefinition,"b.HasOne(""tesisproject.backend.Data.Articles.Entities.FormDefinition"", ""Form"")"
migrations,tesisproject.backend/Migrations/Articles/20260905234648_ActualizarArticulos.Designer.cs,1211,tesisproject.backend.Data.Articles.Entities.RegistrationMatrixCell,"modelBuilder.Entity(""tesisproject.backend.Data.Articles.Entities.RegistrationMatrixCell"", b =>"
migrations,tesisproject.backend/Migrations/Articles/20260905234648_ActualizarArticulos.Designer.cs,1213,tesisproject.backend.Data.Articles.Entities.FieldCatalogEntry,"b.HasOne(""tesisproject.backend.Data.Articles.Entities.FieldCatalogEntry"", ""Field"")"
migrations,tesisproject.backend/Migrations/Articles/20260905234648_ActualizarArticulos.Designer.cs,1219,tesisproject.backend.Data.Articles.Entities.RegistrationMatrixRow,"b.HasOne(""tesisproject.backend.Data.Articles.Entities.RegistrationMatrixRow"", ""Row"")"
migrations,tesisproject.backend/Migrations/Articles/20260905234648_ActualizarArticulos.Designer.cs,1230,tesisproject.backend.Data.Articles.Entities.RegistrationMatrixColumn,"modelBuilder.Entity(""tesisproject.backend.Data.Articles.Entities.RegistrationMatrixColumn"", b =>"
migrations,tesisproject.backend/Migrations/Articles/20260905234648_ActualizarArticulos.Designer.cs,1232,tesisproject.backend.Data.Articles.Entities.FieldCatalogEntry,"b.HasOne(""tesisproject.backend.Data.Articles.Entities.FieldCatalogEntry"", ""Field"")"
migrations,tesisproject.backend/Migrations/Articles/20260905234648_ActualizarArticulos.Designer.cs,1238,tesisproject.backend.Data.Articles.Entities.RegistrationMatrix,"b.HasOne(""tesisproject.backend.Data.Articles.Entities.RegistrationMatrix"", ""Matrix"")"
migrations,tesisproject.backend/Migrations/Articles/20260905234648_ActualizarArticulos.Designer.cs,1249,tesisproject.backend.Data.Articles.Entities.RegistrationMatrixRow,"modelBuilder.Entity(""tesisproject.backend.Data.Articles.Entities.RegistrationMatrixRow"", b =>"
migrations,tesisproject.backend/Migrations/Articles/20260905234648_ActualizarArticulos.Designer.cs,1251,tesisproject.backend.Data.Articles.Entities.RegistrationMatrix,"b.HasOne(""tesisproject.backend.Data.Articles.Entities.RegistrationMatrix"", ""Matrix"")"
migrations,tesisproject.backend/Migrations/Articles/20260905234648_ActualizarArticulos.Designer.cs,1260,tesisproject.backend.Data.Articles.Entities.SpecificField,"modelBuilder.Entity(""tesisproject.backend.Data.Articles.Entities.SpecificField"", b =>"
migrations,tesisproject.backend/Migrations/Articles/20260905234648_ActualizarArticulos.Designer.cs,1262,tesisproject.backend.Data.Articles.Entities.BroadField,"b.HasOne(""tesisproject.backend.Data.Articles.Entities.BroadField"", ""BroadField"")"
migrations,tesisproject.backend/Migrations/Articles/20260905234648_ActualizarArticulos.Designer.cs,1271,tesisproject.backend.Data.Articles.Entities.VenueMetric,"modelBuilder.Entity(""tesisproject.backend.Data.Articles.Entities.VenueMetric"", b =>"
migrations,tesisproject.backend/Migrations/Articles/20260905234648_ActualizarArticulos.Designer.cs,1273,tesisproject.backend.Data.Articles.Entities.Venue,"b.HasOne(""tesisproject.backend.Data.Articles.Entities.Venue"", ""Venue"")"
migrations,tesisproject.backend/Migrations/Articles/20260905234648_ActualizarArticulos.Designer.cs,1282,tesisproject.backend.Data.Articles.Entities.AcademicTerm,"modelBuilder.Entity(""tesisproject.backend.Data.Articles.Entities.AcademicTerm"", b =>"
migrations,tesisproject.backend/Migrations/Articles/20260905234648_ActualizarArticulos.Designer.cs,1287,tesisproject.backend.Data.Articles.Entities.Article,"modelBuilder.Entity(""tesisproject.backend.Data.Articles.Entities.Article"", b =>"
migrations,tesisproject.backend/Migrations/Articles/20260905234648_ActualizarArticulos.Designer.cs,1298,tesisproject.backend.Data.Articles.Entities.ArticleParticipant,"modelBuilder.Entity(""tesisproject.backend.Data.Articles.Entities.ArticleParticipant"", b =>"
migrations,tesisproject.backend/Migrations/Articles/20260905234648_ActualizarArticulos.Designer.cs,1303,tesisproject.backend.Data.Articles.Entities.BroadField,"modelBuilder.Entity(""tesisproject.backend.Data.Articles.Entities.BroadField"", b =>"
migrations,tesisproject.backend/Migrations/Articles/20260905234648_ActualizarArticulos.Designer.cs,1308,tesisproject.backend.Data.Articles.Entities.Faculty,"modelBuilder.Entity(""tesisproject.backend.Data.Articles.Entities.Faculty"", b =>"
migrations,tesisproject.backend/Migrations/Articles/20260905234648_ActualizarArticulos.Designer.cs,1313,tesisproject.backend.Data.Articles.Entities.FieldCatalogEntry,"modelBuilder.Entity(""tesisproject.backend.Data.Articles.Entities.FieldCatalogEntry"", b =>"
migrations,tesisproject.backend/Migrations/Articles/20260905234648_ActualizarArticulos.Designer.cs,1320,tesisproject.backend.Data.Articles.Entities.FormDefinition,"modelBuilder.Entity(""tesisproject.backend.Data.Articles.Entities.FormDefinition"", b =>"
migrations,tesisproject.backend/Migrations/Articles/20260905234648_ActualizarArticulos.Designer.cs,1325,tesisproject.backend.Data.Articles.Entities.IndexingSource,"modelBuilder.Entity(""tesisproject.backend.Data.Articles.Entities.IndexingSource"", b =>"
migrations,tesisproject.backend/Migrations/Articles/20260905234648_ActualizarArticulos.Designer.cs,1330,tesisproject.backend.Data.Articles.Entities.PublicationStatus,"modelBuilder.Entity(""tesisproject.backend.Data.Articles.Entities.PublicationStatus"", b =>"
migrations,tesisproject.backend/Migrations/Articles/20260905234648_ActualizarArticulos.Designer.cs,1335,tesisproject.backend.Data.Articles.Entities.RegistrationMatrix,"modelBuilder.Entity(""tesisproject.backend.Data.Articles.Entities.RegistrationMatrix"", b =>"
migrations,tesisproject.backend/Migrations/Articles/20260905234648_ActualizarArticulos.Designer.cs,1342,tesisproject.backend.Data.Articles.Entities.RegistrationMatrixRow,"modelBuilder.Entity(""tesisproject.backend.Data.Articles.Entities.RegistrationMatrixRow"", b =>"
migrations,tesisproject.backend/Migrations/Articles/20260905234648_ActualizarArticulos.Designer.cs,1347,tesisproject.backend.Data.Articles.Entities.ResearchLine,"modelBuilder.Entity(""tesisproject.backend.Data.Articles.Entities.ResearchLine"", b =>"
migrations,tesisproject.backend/Migrations/Articles/20260905234648_ActualizarArticulos.Designer.cs,1352,tesisproject.backend.Data.Articles.Entities.SpecificField,"modelBuilder.Entity(""tesisproject.backend.Data.Articles.Entities.SpecificField"", b =>"
migrations,tesisproject.backend/Migrations/Articles/20260905234648_ActualizarArticulos.Designer.cs,1357,tesisproject.backend.Data.Articles.Entities.Venue,"modelBuilder.Entity(""tesisproject.backend.Data.Articles.Entities.Venue"", b =>"
migrations,tesisproject.backend/Migrations/Articles/ArticlesDbContextModelSnapshot.cs,7,tesisproject.backend.Data.Articles,using tesisproject.backend.Data.Articles;
migrations,tesisproject.backend/Migrations/Articles/ArticlesDbContextModelSnapshot.cs,13,ArticlesDbContext,[DbContext(typeof(ArticlesDbContext))]
migrations,tesisproject.backend/Migrations/Articles/ArticlesDbContextModelSnapshot.cs,14,ArticlesDbContext,partial class ArticlesDbContextModelSnapshot : ModelSnapshot
migrations,tesisproject.backend/Migrations/Articles/ArticlesDbContextModelSnapshot.cs,25,tesisproject.backend.Data.Articles.Entities.AcademicTerm,"modelBuilder.Entity(""tesisproject.backend.Data.Articles.Entities.AcademicTerm"", b =>"
migrations,tesisproject.backend/Migrations/Articles/ArticlesDbContextModelSnapshot.cs,46,tesisproject.backend.Data.Articles.Entities.Article,"modelBuilder.Entity(""tesisproject.backend.Data.Articles.Entities.Article"", b =>"
migrations,tesisproject.backend/Migrations/Articles/ArticlesDbContextModelSnapshot.cs,176,tesisproject.backend.Data.Articles.Entities.ArticleFile,"modelBuilder.Entity(""tesisproject.backend.Data.Articles.Entities.ArticleFile"", b =>"
migrations,tesisproject.backend/Migrations/Articles/ArticlesDbContextModelSnapshot.cs,210,tesisproject.backend.Data.Articles.Entities.ArticleIndexing,"modelBuilder.Entity(""tesisproject.backend.Data.Articles.Entities.ArticleIndexing"", b =>"
migrations,tesisproject.backend/Migrations/Articles/ArticlesDbContextModelSnapshot.cs,225,tesisproject.backend.Data.Articles.Entities.ArticleParticipant,"modelBuilder.Entity(""tesisproject.backend.Data.Articles.Entities.ArticleParticipant"", b =>"
migrations,tesisproject.backend/Migrations/Articles/ArticlesDbContextModelSnapshot.cs,291,ArticleParticipants,"b.ToTable(""ArticleParticipants"");"
migrations,tesisproject.backend/Migrations/Articles/ArticlesDbContextModelSnapshot.cs,294,tesisproject.backend.Data.Articles.Entities.ArticleParticipantDynamicFieldValue,"modelBuilder.Entity(""tesisproject.backend.Data.Articles.Entities.ArticleParticipantDynamicFieldValue"", b =>"
migrations,tesisproject.backend/Migrations/Articles/ArticlesDbContextModelSnapshot.cs,296,ArticleParticipantDynamicFieldValue,"b.Property<int>(""ArticleParticipantDynamicFieldValueId"")"
migrations,tesisproject.backend/Migrations/Articles/ArticlesDbContextModelSnapshot.cs,300,ArticleParticipantDynamicFieldValue,"SqlServerPropertyBuilderExtensions.UseIdentityColumn(b.Property<int>(""ArticleParticipantDynamicFieldValueId""));"
migrations,tesisproject.backend/Migrations/Articles/ArticlesDbContextModelSnapshot.cs,302,ArticleParticipant,"b.Property<int>(""ArticleParticipantId"")"
migrations,tesisproject.backend/Migrations/Articles/ArticlesDbContextModelSnapshot.cs,333,ArticleParticipantDynamicFieldValue,"b.HasKey(""ArticleParticipantDynamicFieldValueId"");"
migrations,tesisproject.backend/Migrations/Articles/ArticlesDbContextModelSnapshot.cs,335,ArticleParticipant,"b.HasIndex(""ArticleParticipantId"");"
migrations,tesisproject.backend/Migrations/Articles/ArticlesDbContextModelSnapshot.cs,339,ArticleParticipantDynamicFieldValues,"b.ToTable(""ArticleParticipantDynamicFieldValues"", (string)null);"
migrations,tesisproject.backend/Migrations/Articles/ArticlesDbContextModelSnapshot.cs,342,tesisproject.backend.Data.Articles.Entities.BroadField,"modelBuilder.Entity(""tesisproject.backend.Data.Articles.Entities.BroadField"", b =>"
migrations,tesisproject.backend/Migrations/Articles/ArticlesDbContextModelSnapshot.cs,363,tesisproject.backend.Data.Articles.Entities.DetailedField,"modelBuilder.Entity(""tesisproject.backend.Data.Articles.Entities.DetailedField"", b =>"
migrations,tesisproject.backend/Migrations/Articles/ArticlesDbContextModelSnapshot.cs,397,tesisproject.backend.Data.Articles.Entities.DynamicFieldOption,"modelBuilder.Entity(""tesisproject.backend.Data.Articles.Entities.DynamicFieldOption"", b =>"
migrations,tesisproject.backend/Migrations/Articles/ArticlesDbContextModelSnapshot.cs,437,tesisproject.backend.Data.Articles.Entities.DynamicFieldValue,"modelBuilder.Entity(""tesisproject.backend.Data.Articles.Entities.DynamicFieldValue"", b =>"
migrations,tesisproject.backend/Migrations/Articles/ArticlesDbContextModelSnapshot.cs,485,tesisproject.backend.Data.Articles.Entities.Faculty,"modelBuilder.Entity(""tesisproject.backend.Data.Articles.Entities.Faculty"", b =>"
migrations,tesisproject.backend/Migrations/Articles/ArticlesDbContextModelSnapshot.cs,524,tesisproject.backend.Data.Articles.Entities.FieldCatalogEntry,"modelBuilder.Entity(""tesisproject.backend.Data.Articles.Entities.FieldCatalogEntry"", b =>"
migrations,tesisproject.backend/Migrations/Articles/ArticlesDbContextModelSnapshot.cs,623,tesisproject.backend.Data.Articles.Entities.FormDefinition,"modelBuilder.Entity(""tesisproject.backend.Data.Articles.Entities.FormDefinition"", b =>"
migrations,tesisproject.backend/Migrations/Articles/ArticlesDbContextModelSnapshot.cs,664,tesisproject.backend.Data.Articles.Entities.FormFieldDefinition,"modelBuilder.Entity(""tesisproject.backend.Data.Articles.Entities.FormFieldDefinition"", b =>"
migrations,tesisproject.backend/Migrations/Articles/ArticlesDbContextModelSnapshot.cs,712,tesisproject.backend.Data.Articles.Entities.IndexingSource,"modelBuilder.Entity(""tesisproject.backend.Data.Articles.Entities.IndexingSource"", b =>"
migrations,tesisproject.backend/Migrations/Articles/ArticlesDbContextModelSnapshot.cs,740,tesisproject.backend.Data.Articles.Entities.PublicationStatus,"modelBuilder.Entity(""tesisproject.backend.Data.Articles.Entities.PublicationStatus"", b =>"
migrations,tesisproject.backend/Migrations/Articles/ArticlesDbContextModelSnapshot.cs,758,tesisproject.backend.Data.Articles.Entities.RegistrationMatrix,"modelBuilder.Entity(""tesisproject.backend.Data.Articles.Entities.RegistrationMatrix"", b =>"
migrations,tesisproject.backend/Migrations/Articles/ArticlesDbContextModelSnapshot.cs,805,tesisproject.backend.Data.Articles.Entities.RegistrationMatrixCell,"modelBuilder.Entity(""tesisproject.backend.Data.Articles.Entities.RegistrationMatrixCell"", b =>"
migrations,tesisproject.backend/Migrations/Articles/ArticlesDbContextModelSnapshot.cs,839,tesisproject.backend.Data.Articles.Entities.RegistrationMatrixColumn,"modelBuilder.Entity(""tesisproject.backend.Data.Articles.Entities.RegistrationMatrixColumn"", b =>"
migrations,tesisproject.backend/Migrations/Articles/ArticlesDbContextModelSnapshot.cs,874,tesisproject.backend.Data.Articles.Entities.RegistrationMatrixRow,"modelBuilder.Entity(""tesisproject.backend.Data.Articles.Entities.RegistrationMatrixRow"", b =>"
migrations,tesisproject.backend/Migrations/Articles/ArticlesDbContextModelSnapshot.cs,907,tesisproject.backend.Data.Articles.Entities.ResearchLine,"modelBuilder.Entity(""tesisproject.backend.Data.Articles.Entities.ResearchLine"", b =>"
migrations,tesisproject.backend/Migrations/Articles/ArticlesDbContextModelSnapshot.cs,928,tesisproject.backend.Data.Articles.Entities.SpecificField,"modelBuilder.Entity(""tesisproject.backend.Data.Articles.Entities.SpecificField"", b =>"
migrations,tesisproject.backend/Migrations/Articles/ArticlesDbContextModelSnapshot.cs,962,tesisproject.backend.Data.Articles.Entities.Venue,"modelBuilder.Entity(""tesisproject.backend.Data.Articles.Entities.Venue"", b =>"
migrations,tesisproject.backend/Migrations/Articles/ArticlesDbContextModelSnapshot.cs,1008,tesisproject.backend.Data.Articles.Entities.VenueMetric,"modelBuilder.Entity(""tesisproject.backend.Data.Articles.Entities.VenueMetric"", b =>"
migrations,tesisproject.backend/Migrations/Articles/ArticlesDbContextModelSnapshot.cs,1029,tesisproject.backend.Data.Articles.Entities.Article,"modelBuilder.Entity(""tesisproject.backend.Data.Articles.Entities.Article"", b =>"
migrations,tesisproject.backend/Migrations/Articles/ArticlesDbContextModelSnapshot.cs,1031,tesisproject.backend.Data.Articles.Entities.AcademicTerm,"b.HasOne(""tesisproject.backend.Data.Articles.Entities.AcademicTerm"", ""AcademicTerm"")"
migrations,tesisproject.backend/Migrations/Articles/ArticlesDbContextModelSnapshot.cs,1036,tesisproject.backend.Data.Articles.Entities.BroadField,"b.HasOne(""tesisproject.backend.Data.Articles.Entities.BroadField"", ""BroadField"")"
migrations,tesisproject.backend/Migrations/Articles/ArticlesDbContextModelSnapshot.cs,1041,tesisproject.backend.Data.Articles.Entities.DetailedField,"b.HasOne(""tesisproject.backend.Data.Articles.Entities.DetailedField"", ""DetailedField"")"
migrations,tesisproject.backend/Migrations/Articles/ArticlesDbContextModelSnapshot.cs,1046,tesisproject.backend.Data.Articles.Entities.Faculty,"b.HasOne(""tesisproject.backend.Data.Articles.Entities.Faculty"", ""Faculty"")"
migrations,tesisproject.backend/Migrations/Articles/ArticlesDbContextModelSnapshot.cs,1051,tesisproject.backend.Data.Articles.Entities.PublicationStatus,"b.HasOne(""tesisproject.backend.Data.Articles.Entities.PublicationStatus"", ""PublicationStatus"")"
migrations,tesisproject.backend/Migrations/Articles/ArticlesDbContextModelSnapshot.cs,1056,tesisproject.backend.Data.Articles.Entities.ResearchLine,"b.HasOne(""tesisproject.backend.Data.Articles.Entities.ResearchLine"", ""ResearchLine"")"
migrations,tesisproject.backend/Migrations/Articles/ArticlesDbContextModelSnapshot.cs,1061,tesisproject.backend.Data.Articles.Entities.SpecificField,"b.HasOne(""tesisproject.backend.Data.Articles.Entities.SpecificField"", ""SpecificField"")"
migrations,tesisproject.backend/Migrations/Articles/ArticlesDbContextModelSnapshot.cs,1066,tesisproject.backend.Data.Articles.Entities.Venue,"b.HasOne(""tesisproject.backend.Data.Articles.Entities.Venue"", ""Venue"")"
migrations,tesisproject.backend/Migrations/Articles/ArticlesDbContextModelSnapshot.cs,1088,tesisproject.backend.Data.Articles.Entities.ArticleFile,"modelBuilder.Entity(""tesisproject.backend.Data.Articles.Entities.ArticleFile"", b =>"
migrations,tesisproject.backend/Migrations/Articles/ArticlesDbContextModelSnapshot.cs,1090,tesisproject.backend.Data.Articles.Entities.Article,"b.HasOne(""tesisproject.backend.Data.Articles.Entities.Article"", ""Article"")"
migrations,tesisproject.backend/Migrations/Articles/ArticlesDbContextModelSnapshot.cs,1099,tesisproject.backend.Data.Articles.Entities.ArticleIndexing,"modelBuilder.Entity(""tesisproject.backend.Data.Articles.Entities.ArticleIndexing"", b =>"
migrations,tesisproject.backend/Migrations/Articles/ArticlesDbContextModelSnapshot.cs,1101,tesisproject.backend.Data.Articles.Entities.Article,"b.HasOne(""tesisproject.backend.Data.Articles.Entities.Article"", ""Article"")"
migrations,tesisproject.backend/Migrations/Articles/ArticlesDbContextModelSnapshot.cs,1107,tesisproject.backend.Data.Articles.Entities.IndexingSource,"b.HasOne(""tesisproject.backend.Data.Articles.Entities.IndexingSource"", ""IndexingSource"")"
migrations,tesisproject.backend/Migrations/Articles/ArticlesDbContextModelSnapshot.cs,1118,tesisproject.backend.Data.Articles.Entities.ArticleParticipant,"modelBuilder.Entity(""tesisproject.backend.Data.Articles.Entities.ArticleParticipant"", b =>"
migrations,tesisproject.backend/Migrations/Articles/ArticlesDbContextModelSnapshot.cs,1120,tesisproject.backend.Data.Articles.Entities.Article,"b.HasOne(""tesisproject.backend.Data.Articles.Entities.Article"", ""Article"")"
migrations,tesisproject.backend/Migrations/Articles/ArticlesDbContextModelSnapshot.cs,1129,tesisproject.backend.Data.Articles.Entities.ArticleParticipantDynamicFieldValue,"modelBuilder.Entity(""tesisproject.backend.Data.Articles.Entities.ArticleParticipantDynamicFieldValue"", b =>"
migrations,tesisproject.backend/Migrations/Articles/ArticlesDbContextModelSnapshot.cs,1131,tesisproject.backend.Data.Articles.Entities.ArticleParticipant,"b.HasOne(""tesisproject.backend.Data.Articles.Entities.ArticleParticipant"", ""ArticleParticipant"")"
migrations,tesisproject.backend/Migrations/Articles/ArticlesDbContextModelSnapshot.cs,1131,ArticleParticipant,"b.HasOne(""tesisproject.backend.Data.Articles.Entities.ArticleParticipant"", ""ArticleParticipant"")"
migrations,tesisproject.backend/Migrations/Articles/ArticlesDbContextModelSnapshot.cs,1133,ArticleParticipant,".HasForeignKey(""ArticleParticipantId"")"
migrations,tesisproject.backend/Migrations/Articles/ArticlesDbContextModelSnapshot.cs,1137,tesisproject.backend.Data.Articles.Entities.FieldCatalogEntry,"b.HasOne(""tesisproject.backend.Data.Articles.Entities.FieldCatalogEntry"", ""Field"")"
migrations,tesisproject.backend/Migrations/Articles/ArticlesDbContextModelSnapshot.cs,1143,ArticleParticipant,"b.Navigation(""ArticleParticipant"");"
migrations,tesisproject.backend/Migrations/Articles/ArticlesDbContextModelSnapshot.cs,1148,tesisproject.backend.Data.Articles.Entities.DetailedField,"modelBuilder.Entity(""tesisproject.backend.Data.Articles.Entities.DetailedField"", b =>"
migrations,tesisproject.backend/Migrations/Articles/ArticlesDbContextModelSnapshot.cs,1150,tesisproject.backend.Data.Articles.Entities.SpecificField,"b.HasOne(""tesisproject.backend.Data.Articles.Entities.SpecificField"", ""SpecificField"")"
migrations,tesisproject.backend/Migrations/Articles/ArticlesDbContextModelSnapshot.cs,1159,tesisproject.backend.Data.Articles.Entities.DynamicFieldOption,"modelBuilder.Entity(""tesisproject.backend.Data.Articles.Entities.DynamicFieldOption"", b =>"
migrations,tesisproject.backend/Migrations/Articles/ArticlesDbContextModelSnapshot.cs,1161,tesisproject.backend.Data.Articles.Entities.FieldCatalogEntry,"b.HasOne(""tesisproject.backend.Data.Articles.Entities.FieldCatalogEntry"", ""Field"")"
migrations,tesisproject.backend/Migrations/Articles/ArticlesDbContextModelSnapshot.cs,1170,tesisproject.backend.Data.Articles.Entities.DynamicFieldValue,"modelBuilder.Entity(""tesisproject.backend.Data.Articles.Entities.DynamicFieldValue"", b =>"
migrations,tesisproject.backend/Migrations/Articles/ArticlesDbContextModelSnapshot.cs,1172,tesisproject.backend.Data.Articles.Entities.Article,"b.HasOne(""tesisproject.backend.Data.Articles.Entities.Article"", ""Article"")"
migrations,tesisproject.backend/Migrations/Articles/ArticlesDbContextModelSnapshot.cs,1178,tesisproject.backend.Data.Articles.Entities.FieldCatalogEntry,"b.HasOne(""tesisproject.backend.Data.Articles.Entities.FieldCatalogEntry"", ""Field"")"
migrations,tesisproject.backend/Migrations/Articles/ArticlesDbContextModelSnapshot.cs,1189,tesisproject.backend.Data.Articles.Entities.FormFieldDefinition,"modelBuilder.Entity(""tesisproject.backend.Data.Articles.Entities.FormFieldDefinition"", b =>"
migrations,tesisproject.backend/Migrations/Articles/ArticlesDbContextModelSnapshot.cs,1191,tesisproject.backend.Data.Articles.Entities.FieldCatalogEntry,"b.HasOne(""tesisproject.backend.Data.Articles.Entities.FieldCatalogEntry"", ""Field"")"
migrations,tesisproject.backend/Migrations/Articles/ArticlesDbContextModelSnapshot.cs,1197,tesisproject.backend.Data.Articles.Entities.FormDefinition,"b.HasOne(""tesisproject.backend.Data.Articles.Entities.FormDefinition"", ""Form"")"
migrations,tesisproject.backend/Migrations/Articles/ArticlesDbContextModelSnapshot.cs,1208,tesisproject.backend.Data.Articles.Entities.RegistrationMatrixCell,"modelBuilder.Entity(""tesisproject.backend.Data.Articles.Entities.RegistrationMatrixCell"", b =>"
migrations,tesisproject.backend/Migrations/Articles/ArticlesDbContextModelSnapshot.cs,1210,tesisproject.backend.Data.Articles.Entities.FieldCatalogEntry,"b.HasOne(""tesisproject.backend.Data.Articles.Entities.FieldCatalogEntry"", ""Field"")"
migrations,tesisproject.backend/Migrations/Articles/ArticlesDbContextModelSnapshot.cs,1216,tesisproject.backend.Data.Articles.Entities.RegistrationMatrixRow,"b.HasOne(""tesisproject.backend.Data.Articles.Entities.RegistrationMatrixRow"", ""Row"")"
migrations,tesisproject.backend/Migrations/Articles/ArticlesDbContextModelSnapshot.cs,1227,tesisproject.backend.Data.Articles.Entities.RegistrationMatrixColumn,"modelBuilder.Entity(""tesisproject.backend.Data.Articles.Entities.RegistrationMatrixColumn"", b =>"
migrations,tesisproject.backend/Migrations/Articles/ArticlesDbContextModelSnapshot.cs,1229,tesisproject.backend.Data.Articles.Entities.FieldCatalogEntry,"b.HasOne(""tesisproject.backend.Data.Articles.Entities.FieldCatalogEntry"", ""Field"")"
migrations,tesisproject.backend/Migrations/Articles/ArticlesDbContextModelSnapshot.cs,1235,tesisproject.backend.Data.Articles.Entities.RegistrationMatrix,"b.HasOne(""tesisproject.backend.Data.Articles.Entities.RegistrationMatrix"", ""Matrix"")"
migrations,tesisproject.backend/Migrations/Articles/ArticlesDbContextModelSnapshot.cs,1246,tesisproject.backend.Data.Articles.Entities.RegistrationMatrixRow,"modelBuilder.Entity(""tesisproject.backend.Data.Articles.Entities.RegistrationMatrixRow"", b =>"
migrations,tesisproject.backend/Migrations/Articles/ArticlesDbContextModelSnapshot.cs,1248,tesisproject.backend.Data.Articles.Entities.RegistrationMatrix,"b.HasOne(""tesisproject.backend.Data.Articles.Entities.RegistrationMatrix"", ""Matrix"")"
migrations,tesisproject.backend/Migrations/Articles/ArticlesDbContextModelSnapshot.cs,1257,tesisproject.backend.Data.Articles.Entities.SpecificField,"modelBuilder.Entity(""tesisproject.backend.Data.Articles.Entities.SpecificField"", b =>"
migrations,tesisproject.backend/Migrations/Articles/ArticlesDbContextModelSnapshot.cs,1259,tesisproject.backend.Data.Articles.Entities.BroadField,"b.HasOne(""tesisproject.backend.Data.Articles.Entities.BroadField"", ""BroadField"")"
migrations,tesisproject.backend/Migrations/Articles/ArticlesDbContextModelSnapshot.cs,1268,tesisproject.backend.Data.Articles.Entities.VenueMetric,"modelBuilder.Entity(""tesisproject.backend.Data.Articles.Entities.VenueMetric"", b =>"
migrations,tesisproject.backend/Migrations/Articles/ArticlesDbContextModelSnapshot.cs,1270,tesisproject.backend.Data.Articles.Entities.Venue,"b.HasOne(""tesisproject.backend.Data.Articles.Entities.Venue"", ""Venue"")"
migrations,tesisproject.backend/Migrations/Articles/ArticlesDbContextModelSnapshot.cs,1279,tesisproject.backend.Data.Articles.Entities.AcademicTerm,"modelBuilder.Entity(""tesisproject.backend.Data.Articles.Entities.AcademicTerm"", b =>"
migrations,tesisproject.backend/Migrations/Articles/ArticlesDbContextModelSnapshot.cs,1284,tesisproject.backend.Data.Articles.Entities.Article,"modelBuilder.Entity(""tesisproject.backend.Data.Articles.Entities.Article"", b =>"
migrations,tesisproject.backend/Migrations/Articles/ArticlesDbContextModelSnapshot.cs,1295,tesisproject.backend.Data.Articles.Entities.ArticleParticipant,"modelBuilder.Entity(""tesisproject.backend.Data.Articles.Entities.ArticleParticipant"", b =>"
migrations,tesisproject.backend/Migrations/Articles/ArticlesDbContextModelSnapshot.cs,1300,tesisproject.backend.Data.Articles.Entities.BroadField,"modelBuilder.Entity(""tesisproject.backend.Data.Articles.Entities.BroadField"", b =>"
migrations,tesisproject.backend/Migrations/Articles/ArticlesDbContextModelSnapshot.cs,1305,tesisproject.backend.Data.Articles.Entities.Faculty,"modelBuilder.Entity(""tesisproject.backend.Data.Articles.Entities.Faculty"", b =>"
migrations,tesisproject.backend/Migrations/Articles/ArticlesDbContextModelSnapshot.cs,1310,tesisproject.backend.Data.Articles.Entities.FieldCatalogEntry,"modelBuilder.Entity(""tesisproject.backend.Data.Articles.Entities.FieldCatalogEntry"", b =>"
migrations,tesisproject.backend/Migrations/Articles/ArticlesDbContextModelSnapshot.cs,1317,tesisproject.backend.Data.Articles.Entities.FormDefinition,"modelBuilder.Entity(""tesisproject.backend.Data.Articles.Entities.FormDefinition"", b =>"
migrations,tesisproject.backend/Migrations/Articles/ArticlesDbContextModelSnapshot.cs,1322,tesisproject.backend.Data.Articles.Entities.IndexingSource,"modelBuilder.Entity(""tesisproject.backend.Data.Articles.Entities.IndexingSource"", b =>"
migrations,tesisproject.backend/Migrations/Articles/ArticlesDbContextModelSnapshot.cs,1327,tesisproject.backend.Data.Articles.Entities.PublicationStatus,"modelBuilder.Entity(""tesisproject.backend.Data.Articles.Entities.PublicationStatus"", b =>"
migrations,tesisproject.backend/Migrations/Articles/ArticlesDbContextModelSnapshot.cs,1332,tesisproject.backend.Data.Articles.Entities.RegistrationMatrix,"modelBuilder.Entity(""tesisproject.backend.Data.Articles.Entities.RegistrationMatrix"", b =>"
migrations,tesisproject.backend/Migrations/Articles/ArticlesDbContextModelSnapshot.cs,1339,tesisproject.backend.Data.Articles.Entities.RegistrationMatrixRow,"modelBuilder.Entity(""tesisproject.backend.Data.Articles.Entities.RegistrationMatrixRow"", b =>"
migrations,tesisproject.backend/Migrations/Articles/ArticlesDbContextModelSnapshot.cs,1344,tesisproject.backend.Data.Articles.Entities.ResearchLine,"modelBuilder.Entity(""tesisproject.backend.Data.Articles.Entities.ResearchLine"", b =>"
migrations,tesisproject.backend/Migrations/Articles/ArticlesDbContextModelSnapshot.cs,1349,tesisproject.backend.Data.Articles.Entities.SpecificField,"modelBuilder.Entity(""tesisproject.backend.Data.Articles.Entities.SpecificField"", b =>"
migrations,tesisproject.backend/Migrations/Articles/ArticlesDbContextModelSnapshot.cs,1354,tesisproject.backend.Data.Articles.Entities.Venue,"modelBuilder.Entity(""tesisproject.backend.Data.Articles.Entities.Venue"", b =>"
migrations,tesisproject.backend/Migrations/Dw/20260305180607_Dw_fix3.Designer.cs,29,tesisproject.shared.Entities.Analytics.Dw.Bridges.BridgeProjectResearchCategory,"modelBuilder.Entity(""tesisproject.shared.Entities.Analytics.Dw.Bridges.BridgeProjectResearchCategory"", b =>"
migrations,tesisproject.backend/Migrations/Dw/20260305180607_Dw_fix3.Designer.cs,55,tesisproject.shared.Entities.Analytics.Dw.Dimensions.DimDate,"modelBuilder.Entity(""tesisproject.shared.Entities.Analytics.Dw.Dimensions.DimDate"", b =>"
migrations,tesisproject.backend/Migrations/Dw/20260305180607_Dw_fix3.Designer.cs,84,tesisproject.shared.Entities.Analytics.Dw.Dimensions.DimFaculty,"modelBuilder.Entity(""tesisproject.shared.Entities.Analytics.Dw.Dimensions.DimFaculty"", b =>"
migrations,tesisproject.backend/Migrations/Dw/20260305180607_Dw_fix3.Designer.cs,112,tesisproject.shared.Entities.Analytics.Dw.Dimensions.DimFundingType,"modelBuilder.Entity(""tesisproject.shared.Entities.Analytics.Dw.Dimensions.DimFundingType"", b =>"
migrations,tesisproject.backend/Migrations/Dw/20260305180607_Dw_fix3.Designer.cs,139,tesisproject.shared.Entities.Analytics.Dw.Dimensions.DimIndexingDatabase,"modelBuilder.Entity(""tesisproject.shared.Entities.Analytics.Dw.Dimensions.DimIndexingDatabase"", b =>"
migrations,tesisproject.backend/Migrations/Dw/20260305180607_Dw_fix3.Designer.cs,158,tesisproject.shared.Entities.Analytics.Dw.Dimensions.DimProductType,"modelBuilder.Entity(""tesisproject.shared.Entities.Analytics.Dw.Dimensions.DimProductType"", b =>"
migrations,tesisproject.backend/Migrations/Dw/20260305180607_Dw_fix3.Designer.cs,185,tesisproject.shared.Entities.Analytics.Dw.Dimensions.DimProjectState,"modelBuilder.Entity(""tesisproject.shared.Entities.Analytics.Dw.Dimensions.DimProjectState"", b =>"
migrations,tesisproject.backend/Migrations/Dw/20260305180607_Dw_fix3.Designer.cs,212,tesisproject.shared.Entities.Analytics.Dw.Dimensions.DimQuartile,"modelBuilder.Entity(""tesisproject.shared.Entities.Analytics.Dw.Dimensions.DimQuartile"", b =>"
migrations,tesisproject.backend/Migrations/Dw/20260305180607_Dw_fix3.Designer.cs,236,tesisproject.shared.Entities.Analytics.Dw.Dimensions.DimResearchCategory,"modelBuilder.Entity(""tesisproject.shared.Entities.Analytics.Dw.Dimensions.DimResearchCategory"", b =>"
migrations,tesisproject.backend/Migrations/Dw/20260305180607_Dw_fix3.Designer.cs,287,tesisproject.shared.Entities.Analytics.Dw.Facts.FactBudget,"modelBuilder.Entity(""tesisproject.shared.Entities.Analytics.Dw.Facts.FactBudget"", b =>"
migrations,tesisproject.backend/Migrations/Dw/20260305180607_Dw_fix3.Designer.cs,334,tesisproject.shared.Entities.Analytics.Dw.Facts.FactProduct,"modelBuilder.Entity(""tesisproject.shared.Entities.Analytics.Dw.Facts.FactProduct"", b =>"
migrations,tesisproject.backend/Migrations/Dw/20260305180607_Dw_fix3.Designer.cs,390,tesisproject.shared.Entities.Analytics.Dw.Facts.FactProject,"modelBuilder.Entity(""tesisproject.shared.Entities.Analytics.Dw.Facts.FactProject"", b =>"
migrations,tesisproject.backend/Migrations/Dw/20260305180607_Dw_fix3.Designer.cs,442,tesisproject.shared.Entities.Analytics.Dw.Bridges.BridgeProjectResearchCategory,"modelBuilder.Entity(""tesisproject.shared.Entities.Analytics.Dw.Bridges.BridgeProjectResearchCategory"", b =>"
migrations,tesisproject.backend/Migrations/Dw/20260305180607_Dw_fix3.Designer.cs,444,tesisproject.shared.Entities.Analytics.Dw.Facts.FactProject,"b.HasOne(""tesisproject.shared.Entities.Analytics.Dw.Facts.FactProject"", ""Project"")"
migrations,tesisproject.backend/Migrations/Dw/20260305180607_Dw_fix3.Designer.cs,451,tesisproject.shared.Entities.Analytics.Dw.Dimensions.DimResearchCategory,"b.HasOne(""tesisproject.shared.Entities.Analytics.Dw.Dimensions.DimResearchCategory"", ""ResearchCategory"")"
migrations,tesisproject.backend/Migrations/Dw/20260305180607_Dw_fix3.Designer.cs,462,tesisproject.shared.Entities.Analytics.Dw.Facts.FactBudget,"modelBuilder.Entity(""tesisproject.shared.Entities.Analytics.Dw.Facts.FactBudget"", b =>"
migrations,tesisproject.backend/Migrations/Dw/20260305180607_Dw_fix3.Designer.cs,464,tesisproject.shared.Entities.Analytics.Dw.Dimensions.DimDate,"b.HasOne(""tesisproject.shared.Entities.Analytics.Dw.Dimensions.DimDate"", ""ApprovedDate"")"
migrations,tesisproject.backend/Migrations/Dw/20260305180607_Dw_fix3.Designer.cs,470,tesisproject.shared.Entities.Analytics.Dw.Dimensions.DimFaculty,"b.HasOne(""tesisproject.shared.Entities.Analytics.Dw.Dimensions.DimFaculty"", ""Faculty"")"
migrations,tesisproject.backend/Migrations/Dw/20260305180607_Dw_fix3.Designer.cs,476,tesisproject.shared.Entities.Analytics.Dw.Dimensions.DimFundingType,"b.HasOne(""tesisproject.shared.Entities.Analytics.Dw.Dimensions.DimFundingType"", ""FundingType"")"
migrations,tesisproject.backend/Migrations/Dw/20260305180607_Dw_fix3.Designer.cs,489,tesisproject.shared.Entities.Analytics.Dw.Facts.FactProduct,"modelBuilder.Entity(""tesisproject.shared.Entities.Analytics.Dw.Facts.FactProduct"", b =>"
migrations,tesisproject.backend/Migrations/Dw/20260305180607_Dw_fix3.Designer.cs,491,tesisproject.shared.Entities.Analytics.Dw.Dimensions.DimDate,"b.HasOne(""tesisproject.shared.Entities.Analytics.Dw.Dimensions.DimDate"", ""CreatedDate"")"
migrations,tesisproject.backend/Migrations/Dw/20260305180607_Dw_fix3.Designer.cs,497,tesisproject.shared.Entities.Analytics.Dw.Dimensions.DimFaculty,"b.HasOne(""tesisproject.shared.Entities.Analytics.Dw.Dimensions.DimFaculty"", ""Faculty"")"
migrations,tesisproject.backend/Migrations/Dw/20260305180607_Dw_fix3.Designer.cs,503,tesisproject.shared.Entities.Analytics.Dw.Dimensions.DimIndexingDatabase,"b.HasOne(""tesisproject.shared.Entities.Analytics.Dw.Dimensions.DimIndexingDatabase"", ""IndexingDatabase"")"
migrations,tesisproject.backend/Migrations/Dw/20260305180607_Dw_fix3.Designer.cs,508,tesisproject.shared.Entities.Analytics.Dw.Dimensions.DimProductType,"b.HasOne(""tesisproject.shared.Entities.Analytics.Dw.Dimensions.DimProductType"", ""ProductType"")"
migrations,tesisproject.backend/Migrations/Dw/20260305180607_Dw_fix3.Designer.cs,514,tesisproject.shared.Entities.Analytics.Dw.Dimensions.DimQuartile,"b.HasOne(""tesisproject.shared.Entities.Analytics.Dw.Dimensions.DimQuartile"", ""Quartile"")"
migrations,tesisproject.backend/Migrations/Dw/20260305180607_Dw_fix3.Designer.cs,530,tesisproject.shared.Entities.Analytics.Dw.Facts.FactProject,"modelBuilder.Entity(""tesisproject.shared.Entities.Analytics.Dw.Facts.FactProject"", b =>"
migrations,tesisproject.backend/Migrations/Dw/20260305180607_Dw_fix3.Designer.cs,532,tesisproject.shared.Entities.Analytics.Dw.Dimensions.DimDate,"b.HasOne(""tesisproject.shared.Entities.Analytics.Dw.Dimensions.DimDate"", ""ApprovalDate"")"
migrations,tesisproject.backend/Migrations/Dw/20260305180607_Dw_fix3.Designer.cs,538,tesisproject.shared.Entities.Analytics.Dw.Dimensions.DimDate,"b.HasOne(""tesisproject.shared.Entities.Analytics.Dw.Dimensions.DimDate"", ""EndDate"")"
migrations,tesisproject.backend/Migrations/Dw/20260305180607_Dw_fix3.Designer.cs,543,tesisproject.shared.Entities.Analytics.Dw.Dimensions.DimFaculty,"b.HasOne(""tesisproject.shared.Entities.Analytics.Dw.Dimensions.DimFaculty"", ""Faculty"")"
migrations,tesisproject.backend/Migrations/Dw/20260305180607_Dw_fix3.Designer.cs,549,tesisproject.shared.Entities.Analytics.Dw.Dimensions.DimProjectState,"b.HasOne(""tesisproject.shared.Entities.Analytics.Dw.Dimensions.DimProjectState"", ""ProjectState"")"
migrations,tesisproject.backend/Migrations/Dw/20260305180607_Dw_fix3.Designer.cs,555,tesisproject.shared.Entities.Analytics.Dw.Dimensions.DimDate,"b.HasOne(""tesisproject.shared.Entities.Analytics.Dw.Dimensions.DimDate"", ""StartDate"")"
migrations,tesisproject.backend/Migrations/Dw/20260305180607_Dw_fix3.Designer.cs,572,tesisproject.shared.Entities.Analytics.Dw.Dimensions.DimDate,"modelBuilder.Entity(""tesisproject.shared.Entities.Analytics.Dw.Dimensions.DimDate"", b =>"
migrations,tesisproject.backend/Migrations/Dw/20260305180607_Dw_fix3.Designer.cs,585,tesisproject.shared.Entities.Analytics.Dw.Dimensions.DimFaculty,"modelBuilder.Entity(""tesisproject.shared.Entities.Analytics.Dw.Dimensions.DimFaculty"", b =>"
migrations,tesisproject.backend/Migrations/Dw/20260305180607_Dw_fix3.Designer.cs,594,tesisproject.shared.Entities.Analytics.Dw.Dimensions.DimFundingType,"modelBuilder.Entity(""tesisproject.shared.Entities.Analytics.Dw.Dimensions.DimFundingType"", b =>"
migrations,tesisproject.backend/Migrations/Dw/20260305180607_Dw_fix3.Designer.cs,599,tesisproject.shared.Entities.Analytics.Dw.Dimensions.DimIndexingDatabase,"modelBuilder.Entity(""tesisproject.shared.Entities.Analytics.Dw.Dimensions.DimIndexingDatabase"", b =>"
migrations,tesisproject.backend/Migrations/Dw/20260305180607_Dw_fix3.Designer.cs,604,tesisproject.shared.Entities.Analytics.Dw.Dimensions.DimProductType,"modelBuilder.Entity(""tesisproject.shared.Entities.Analytics.Dw.Dimensions.DimProductType"", b =>"
migrations,tesisproject.backend/Migrations/Dw/20260305180607_Dw_fix3.Designer.cs,609,tesisproject.shared.Entities.Analytics.Dw.Dimensions.DimProjectState,"modelBuilder.Entity(""tesisproject.shared.Entities.Analytics.Dw.Dimensions.DimProjectState"", b =>"
migrations,tesisproject.backend/Migrations/Dw/20260305180607_Dw_fix3.Designer.cs,614,tesisproject.shared.Entities.Analytics.Dw.Dimensions.DimQuartile,"modelBuilder.Entity(""tesisproject.shared.Entities.Analytics.Dw.Dimensions.DimQuartile"", b =>"
migrations,tesisproject.backend/Migrations/Dw/20260305180607_Dw_fix3.Designer.cs,619,tesisproject.shared.Entities.Analytics.Dw.Dimensions.DimResearchCategory,"modelBuilder.Entity(""tesisproject.shared.Entities.Analytics.Dw.Dimensions.DimResearchCategory"", b =>"
migrations,tesisproject.backend/Migrations/Dw/DwContextModelSnapshot.cs,26,tesisproject.shared.Entities.Analytics.Dw.Bridges.BridgeProjectResearchCategory,"modelBuilder.Entity(""tesisproject.shared.Entities.Analytics.Dw.Bridges.BridgeProjectResearchCategory"", b =>"
migrations,tesisproject.backend/Migrations/Dw/DwContextModelSnapshot.cs,52,tesisproject.shared.Entities.Analytics.Dw.Dimensions.DimDate,"modelBuilder.Entity(""tesisproject.shared.Entities.Analytics.Dw.Dimensions.DimDate"", b =>"
migrations,tesisproject.backend/Migrations/Dw/DwContextModelSnapshot.cs,81,tesisproject.shared.Entities.Analytics.Dw.Dimensions.DimFaculty,"modelBuilder.Entity(""tesisproject.shared.Entities.Analytics.Dw.Dimensions.DimFaculty"", b =>"
migrations,tesisproject.backend/Migrations/Dw/DwContextModelSnapshot.cs,109,tesisproject.shared.Entities.Analytics.Dw.Dimensions.DimFundingType,"modelBuilder.Entity(""tesisproject.shared.Entities.Analytics.Dw.Dimensions.DimFundingType"", b =>"
migrations,tesisproject.backend/Migrations/Dw/DwContextModelSnapshot.cs,136,tesisproject.shared.Entities.Analytics.Dw.Dimensions.DimIndexingDatabase,"modelBuilder.Entity(""tesisproject.shared.Entities.Analytics.Dw.Dimensions.DimIndexingDatabase"", b =>"
migrations,tesisproject.backend/Migrations/Dw/DwContextModelSnapshot.cs,155,tesisproject.shared.Entities.Analytics.Dw.Dimensions.DimProductType,"modelBuilder.Entity(""tesisproject.shared.Entities.Analytics.Dw.Dimensions.DimProductType"", b =>"
migrations,tesisproject.backend/Migrations/Dw/DwContextModelSnapshot.cs,182,tesisproject.shared.Entities.Analytics.Dw.Dimensions.DimProjectState,"modelBuilder.Entity(""tesisproject.shared.Entities.Analytics.Dw.Dimensions.DimProjectState"", b =>"
migrations,tesisproject.backend/Migrations/Dw/DwContextModelSnapshot.cs,209,tesisproject.shared.Entities.Analytics.Dw.Dimensions.DimQuartile,"modelBuilder.Entity(""tesisproject.shared.Entities.Analytics.Dw.Dimensions.DimQuartile"", b =>"
migrations,tesisproject.backend/Migrations/Dw/DwContextModelSnapshot.cs,233,tesisproject.shared.Entities.Analytics.Dw.Dimensions.DimResearchCategory,"modelBuilder.Entity(""tesisproject.shared.Entities.Analytics.Dw.Dimensions.DimResearchCategory"", b =>"
migrations,tesisproject.backend/Migrations/Dw/DwContextModelSnapshot.cs,284,tesisproject.shared.Entities.Analytics.Dw.Facts.FactBudget,"modelBuilder.Entity(""tesisproject.shared.Entities.Analytics.Dw.Facts.FactBudget"", b =>"
migrations,tesisproject.backend/Migrations/Dw/DwContextModelSnapshot.cs,331,tesisproject.shared.Entities.Analytics.Dw.Facts.FactProduct,"modelBuilder.Entity(""tesisproject.shared.Entities.Analytics.Dw.Facts.FactProduct"", b =>"
migrations,tesisproject.backend/Migrations/Dw/DwContextModelSnapshot.cs,387,tesisproject.shared.Entities.Analytics.Dw.Facts.FactProject,"modelBuilder.Entity(""tesisproject.shared.Entities.Analytics.Dw.Facts.FactProject"", b =>"
migrations,tesisproject.backend/Migrations/Dw/DwContextModelSnapshot.cs,439,tesisproject.shared.Entities.Analytics.Dw.Bridges.BridgeProjectResearchCategory,"modelBuilder.Entity(""tesisproject.shared.Entities.Analytics.Dw.Bridges.BridgeProjectResearchCategory"", b =>"
migrations,tesisproject.backend/Migrations/Dw/DwContextModelSnapshot.cs,441,tesisproject.shared.Entities.Analytics.Dw.Facts.FactProject,"b.HasOne(""tesisproject.shared.Entities.Analytics.Dw.Facts.FactProject"", ""Project"")"
migrations,tesisproject.backend/Migrations/Dw/DwContextModelSnapshot.cs,448,tesisproject.shared.Entities.Analytics.Dw.Dimensions.DimResearchCategory,"b.HasOne(""tesisproject.shared.Entities.Analytics.Dw.Dimensions.DimResearchCategory"", ""ResearchCategory"")"
migrations,tesisproject.backend/Migrations/Dw/DwContextModelSnapshot.cs,459,tesisproject.shared.Entities.Analytics.Dw.Facts.FactBudget,"modelBuilder.Entity(""tesisproject.shared.Entities.Analytics.Dw.Facts.FactBudget"", b =>"
migrations,tesisproject.backend/Migrations/Dw/DwContextModelSnapshot.cs,461,tesisproject.shared.Entities.Analytics.Dw.Dimensions.DimDate,"b.HasOne(""tesisproject.shared.Entities.Analytics.Dw.Dimensions.DimDate"", ""ApprovedDate"")"
migrations,tesisproject.backend/Migrations/Dw/DwContextModelSnapshot.cs,467,tesisproject.shared.Entities.Analytics.Dw.Dimensions.DimFaculty,"b.HasOne(""tesisproject.shared.Entities.Analytics.Dw.Dimensions.DimFaculty"", ""Faculty"")"
migrations,tesisproject.backend/Migrations/Dw/DwContextModelSnapshot.cs,473,tesisproject.shared.Entities.Analytics.Dw.Dimensions.DimFundingType,"b.HasOne(""tesisproject.shared.Entities.Analytics.Dw.Dimensions.DimFundingType"", ""FundingType"")"
migrations,tesisproject.backend/Migrations/Dw/DwContextModelSnapshot.cs,486,tesisproject.shared.Entities.Analytics.Dw.Facts.FactProduct,"modelBuilder.Entity(""tesisproject.shared.Entities.Analytics.Dw.Facts.FactProduct"", b =>"
migrations,tesisproject.backend/Migrations/Dw/DwContextModelSnapshot.cs,488,tesisproject.shared.Entities.Analytics.Dw.Dimensions.DimDate,"b.HasOne(""tesisproject.shared.Entities.Analytics.Dw.Dimensions.DimDate"", ""CreatedDate"")"
migrations,tesisproject.backend/Migrations/Dw/DwContextModelSnapshot.cs,494,tesisproject.shared.Entities.Analytics.Dw.Dimensions.DimFaculty,"b.HasOne(""tesisproject.shared.Entities.Analytics.Dw.Dimensions.DimFaculty"", ""Faculty"")"
migrations,tesisproject.backend/Migrations/Dw/DwContextModelSnapshot.cs,500,tesisproject.shared.Entities.Analytics.Dw.Dimensions.DimIndexingDatabase,"b.HasOne(""tesisproject.shared.Entities.Analytics.Dw.Dimensions.DimIndexingDatabase"", ""IndexingDatabase"")"
migrations,tesisproject.backend/Migrations/Dw/DwContextModelSnapshot.cs,505,tesisproject.shared.Entities.Analytics.Dw.Dimensions.DimProductType,"b.HasOne(""tesisproject.shared.Entities.Analytics.Dw.Dimensions.DimProductType"", ""ProductType"")"
migrations,tesisproject.backend/Migrations/Dw/DwContextModelSnapshot.cs,511,tesisproject.shared.Entities.Analytics.Dw.Dimensions.DimQuartile,"b.HasOne(""tesisproject.shared.Entities.Analytics.Dw.Dimensions.DimQuartile"", ""Quartile"")"
migrations,tesisproject.backend/Migrations/Dw/DwContextModelSnapshot.cs,527,tesisproject.shared.Entities.Analytics.Dw.Facts.FactProject,"modelBuilder.Entity(""tesisproject.shared.Entities.Analytics.Dw.Facts.FactProject"", b =>"
migrations,tesisproject.backend/Migrations/Dw/DwContextModelSnapshot.cs,529,tesisproject.shared.Entities.Analytics.Dw.Dimensions.DimDate,"b.HasOne(""tesisproject.shared.Entities.Analytics.Dw.Dimensions.DimDate"", ""ApprovalDate"")"
migrations,tesisproject.backend/Migrations/Dw/DwContextModelSnapshot.cs,535,tesisproject.shared.Entities.Analytics.Dw.Dimensions.DimDate,"b.HasOne(""tesisproject.shared.Entities.Analytics.Dw.Dimensions.DimDate"", ""EndDate"")"
migrations,tesisproject.backend/Migrations/Dw/DwContextModelSnapshot.cs,540,tesisproject.shared.Entities.Analytics.Dw.Dimensions.DimFaculty,"b.HasOne(""tesisproject.shared.Entities.Analytics.Dw.Dimensions.DimFaculty"", ""Faculty"")"
migrations,tesisproject.backend/Migrations/Dw/DwContextModelSnapshot.cs,546,tesisproject.shared.Entities.Analytics.Dw.Dimensions.DimProjectState,"b.HasOne(""tesisproject.shared.Entities.Analytics.Dw.Dimensions.DimProjectState"", ""ProjectState"")"
migrations,tesisproject.backend/Migrations/Dw/DwContextModelSnapshot.cs,552,tesisproject.shared.Entities.Analytics.Dw.Dimensions.DimDate,"b.HasOne(""tesisproject.shared.Entities.Analytics.Dw.Dimensions.DimDate"", ""StartDate"")"
migrations,tesisproject.backend/Migrations/Dw/DwContextModelSnapshot.cs,569,tesisproject.shared.Entities.Analytics.Dw.Dimensions.DimDate,"modelBuilder.Entity(""tesisproject.shared.Entities.Analytics.Dw.Dimensions.DimDate"", b =>"
migrations,tesisproject.backend/Migrations/Dw/DwContextModelSnapshot.cs,582,tesisproject.shared.Entities.Analytics.Dw.Dimensions.DimFaculty,"modelBuilder.Entity(""tesisproject.shared.Entities.Analytics.Dw.Dimensions.DimFaculty"", b =>"
migrations,tesisproject.backend/Migrations/Dw/DwContextModelSnapshot.cs,591,tesisproject.shared.Entities.Analytics.Dw.Dimensions.DimFundingType,"modelBuilder.Entity(""tesisproject.shared.Entities.Analytics.Dw.Dimensions.DimFundingType"", b =>"
migrations,tesisproject.backend/Migrations/Dw/DwContextModelSnapshot.cs,596,tesisproject.shared.Entities.Analytics.Dw.Dimensions.DimIndexingDatabase,"modelBuilder.Entity(""tesisproject.shared.Entities.Analytics.Dw.Dimensions.DimIndexingDatabase"", b =>"
migrations,tesisproject.backend/Migrations/Dw/DwContextModelSnapshot.cs,601,tesisproject.shared.Entities.Analytics.Dw.Dimensions.DimProductType,"modelBuilder.Entity(""tesisproject.shared.Entities.Analytics.Dw.Dimensions.DimProductType"", b =>"
migrations,tesisproject.backend/Migrations/Dw/DwContextModelSnapshot.cs,606,tesisproject.shared.Entities.Analytics.Dw.Dimensions.DimProjectState,"modelBuilder.Entity(""tesisproject.shared.Entities.Analytics.Dw.Dimensions.DimProjectState"", b =>"
migrations,tesisproject.backend/Migrations/Dw/DwContextModelSnapshot.cs,611,tesisproject.shared.Entities.Analytics.Dw.Dimensions.DimQuartile,"modelBuilder.Entity(""tesisproject.shared.Entities.Analytics.Dw.Dimensions.DimQuartile"", b =>"
migrations,tesisproject.backend/Migrations/Dw/DwContextModelSnapshot.cs,616,tesisproject.shared.Entities.Analytics.Dw.Dimensions.DimResearchCategory,"modelBuilder.Entity(""tesisproject.shared.Entities.Analytics.Dw.Dimensions.DimResearchCategory"", b =>"
migrations,tesisproject.backend/Migrations/Unified/20260906042715_InitialUnifiedDide.Designer.cs,83,IdentityUser<int>,"modelBuilder.Entity(""Microsoft.AspNetCore.Identity.IdentityUser<int>"", b =>"
migrations,tesisproject.backend/Migrations/Unified/20260906042715_InitialUnifiedDide.Designer.cs,3012,IdentityUser<int>,"b.HasOne(""Microsoft.AspNetCore.Identity.IdentityUser<int>"", null)"
migrations,tesisproject.backend/Migrations/Unified/20260906042715_InitialUnifiedDide.Designer.cs,3021,IdentityUser<int>,"b.HasOne(""Microsoft.AspNetCore.Identity.IdentityUser<int>"", null)"
migrations,tesisproject.backend/Migrations/Unified/20260906042715_InitialUnifiedDide.Designer.cs,3036,IdentityUser<int>,"b.HasOne(""Microsoft.AspNetCore.Identity.IdentityUser<int>"", null)"
migrations,tesisproject.backend/Migrations/Unified/20260906042715_InitialUnifiedDide.Designer.cs,3045,IdentityUser<int>,"b.HasOne(""Microsoft.AspNetCore.Identity.IdentityUser<int>"", null)"
migrations,tesisproject.backend/Migrations/Unified/20260906042715_InitialUnifiedDide.Designer.cs,3301,IdentityUser<int>,"b.HasOne(""Microsoft.AspNetCore.Identity.IdentityUser<int>"", null)"
migrations,tesisproject.backend/Migrations/Unified/20260906042715_InitialUnifiedDide.Designer.cs,3309,IdentityUser<int>,"b.HasOne(""Microsoft.AspNetCore.Identity.IdentityUser<int>"", null)"
migrations,tesisproject.backend/Migrations/Unified/UnifiedDideDbContextModelSnapshot.cs,80,IdentityUser<int>,"modelBuilder.Entity(""Microsoft.AspNetCore.Identity.IdentityUser<int>"", b =>"
migrations,tesisproject.backend/Migrations/Unified/UnifiedDideDbContextModelSnapshot.cs,3009,IdentityUser<int>,"b.HasOne(""Microsoft.AspNetCore.Identity.IdentityUser<int>"", null)"
migrations,tesisproject.backend/Migrations/Unified/UnifiedDideDbContextModelSnapshot.cs,3018,IdentityUser<int>,"b.HasOne(""Microsoft.AspNetCore.Identity.IdentityUser<int>"", null)"
migrations,tesisproject.backend/Migrations/Unified/UnifiedDideDbContextModelSnapshot.cs,3033,IdentityUser<int>,"b.HasOne(""Microsoft.AspNetCore.Identity.IdentityUser<int>"", null)"
migrations,tesisproject.backend/Migrations/Unified/UnifiedDideDbContextModelSnapshot.cs,3042,IdentityUser<int>,"b.HasOne(""Microsoft.AspNetCore.Identity.IdentityUser<int>"", null)"
migrations,tesisproject.backend/Migrations/Unified/UnifiedDideDbContextModelSnapshot.cs,3298,IdentityUser<int>,"b.HasOne(""Microsoft.AspNetCore.Identity.IdentityUser<int>"", null)"
migrations,tesisproject.backend/Migrations/Unified/UnifiedDideDbContextModelSnapshot.cs,3306,IdentityUser<int>,"b.HasOne(""Microsoft.AspNetCore.Identity.IdentityUser<int>"", null)"
runtime,tesisproject.backend/Program.cs,14,tesisproject.backend.Data.Articles,using tesisproject.backend.Data.Articles;
runtime,tesisproject.backend/Program.cs,78,AppDbContext,// AppDbContext
runtime,tesisproject.backend/Program.cs,79,AppDbContext,var appDb = scope.ServiceProvider.GetRequiredService<AppDbContext>();
runtime,tesisproject.backend/Program.cs,80,AppDbContext,"logger.LogInformation(""Applying migrations for AppDbContext..."");"
runtime,tesisproject.backend/Program.cs,150,AppDbContext,builder.Services.AddDbContext<AppDbContext>(options =>
runtime,tesisproject.backend/Program.cs,163,ArticlesDbContext,builder.Services.AddDbContext<ArticlesDbContext>(options =>
runtime,tesisproject.backend/Program.cs,172,IdentityUser<int>,.AddIdentityCore<IdentityUser<int>>(options =>
runtime,tesisproject.backend/Program.cs,181,AppDbContext,.AddEntityFrameworkStores<AppDbContext>()
runtime,tesisproject.backend/Program.cs,182,IdentityUser<int>,.AddSignInManager<SignInManager<IdentityUser<int>>>()
runtime,tesisproject.backend/Repositories/Implementations/AppUserRepository.cs,4,tesisproject.shared.Entities.Auth,using tesisproject.shared.Entities.Auth;
runtime,tesisproject.backend/Repositories/Implementations/AppUserRepository.cs,10,AppDbContext,public AppUserRepository(AppDbContext ctx) : base(ctx)
runtime,tesisproject.backend/Repositories/Implementations/AppUserRepository.cs,23,IdentityUser<int>,// IdLocal apunta al IdentityUser<int>.Id del ASP local
runtime,tesisproject.backend/Repositories/Implementations/ArticleReadRepository.cs,2,tesisproject.backend.Data.Articles,using tesisproject.backend.Data.Articles;
runtime,tesisproject.backend/Repositories/Implementations/ArticleReadRepository.cs,3,tesisproject.backend.Data.Articles.Entities,using tesisproject.backend.Data.Articles.Entities;
runtime,tesisproject.backend/Repositories/Implementations/ArticleReadRepository.cs,11,ArticlesDbContext,private readonly ArticlesDbContext _ctx;
runtime,tesisproject.backend/Repositories/Implementations/ArticleReadRepository.cs,13,ArticlesDbContext,public ArticleReadRepository(ArticlesDbContext ctx)
runtime,tesisproject.backend/Repositories/Implementations/AspNetUserRepository.cs.cs,8,IdentityUser<int>,"public class AspNetUserRepository : GenericRepository<IdentityUser<int>>, IAspNetUserRepository"
runtime,tesisproject.backend/Repositories/Implementations/AspNetUserRepository.cs.cs,10,AppDbContext,private readonly AppDbContext _context;
runtime,tesisproject.backend/Repositories/Implementations/AspNetUserRepository.cs.cs,12,AppDbContext,public AspNetUserRepository(AppDbContext context) : base(context)
runtime,tesisproject.backend/Repositories/Implementations/BudgetRepository.cs,4,tesisproject.shared.Entities.Core,using tesisproject.shared.Entities.Core;
runtime,tesisproject.backend/Repositories/Implementations/BudgetRepository.cs,10,AppDbContext,private readonly AppDbContext _ctx;
runtime,tesisproject.backend/Repositories/Implementations/BudgetRepository.cs,13,AppDbContext,public BudgetRepository(AppDbContext ctx)
runtime,tesisproject.backend/Repositories/Implementations/CatalogRepository.cs,7,tesisproject.shared.Entities.Base,using tesisproject.shared.Entities.Base;
runtime,tesisproject.backend/Repositories/Implementations/CatalogRepository.cs,14,AppDbContext,public CatalogRepository(AppDbContext ctx) : base(ctx) { }
runtime,tesisproject.backend/Repositories/Implementations/DocumentRepository.cs,4,tesisproject.shared.Entities.Core,using tesisproject.shared.Entities.Core;
runtime,tesisproject.backend/Repositories/Implementations/DocumentRepository.cs,10,AppDbContext,public DocumentRepository(AppDbContext ctx) : base(ctx) { }
runtime,tesisproject.backend/Repositories/Implementations/ExternalResearcherProjectRepository.cs,4,tesisproject.shared.Entities.Core,using tesisproject.shared.Entities.Core;
runtime,tesisproject.backend/Repositories/Implementations/ExternalResearcherProjectRepository.cs,11,AppDbContext,public ExternalResearcherProjectRepository(AppDbContext ctx) : base(ctx) { }
runtime,tesisproject.backend/Repositories/Implementations/ExternalResearcherRepository.cs,4,tesisproject.shared.Entities.Core,using tesisproject.shared.Entities.Core;
runtime,tesisproject.backend/Repositories/Implementations/ExternalResearcherRepository.cs,11,AppDbContext,public ExternalResearcherRepository(AppDbContext ctx) : base(ctx) { }
runtime,tesisproject.backend/Repositories/Implementations/FacultyScopeFacultyRepository.cs,4,tesisproject.shared.Entities.Core,using tesisproject.shared.Entities.Core;
runtime,tesisproject.backend/Repositories/Implementations/FacultyScopeFacultyRepository.cs,10,AppDbContext,public FacultyScopeFacultyRepository(AppDbContext ctx) : base(ctx) { }
runtime,tesisproject.backend/Repositories/Implementations/FacultyScopeRepository.cs,4,tesisproject.shared.Entities.Core,using tesisproject.shared.Entities.Core;
runtime,tesisproject.backend/Repositories/Implementations/FacultyScopeRepository.cs,10,AppDbContext,public FacultyScopeRepository(AppDbContext ctx) : base(ctx) { }
runtime,tesisproject.backend/Repositories/Implementations/GenericRepository.cs,13,AppDbContext,public GenericRepository(AppDbContext ctx) : this((DbContext)ctx) { }
runtime,tesisproject.backend/Repositories/Implementations/GroupMemberRepository.cs,4,tesisproject.shared.Entities.Core,using tesisproject.shared.Entities.Core;
runtime,tesisproject.backend/Repositories/Implementations/GroupMemberRepository.cs,11,AppDbContext,public GroupMemberRepository(AppDbContext ctx) : base(ctx) { }
runtime,tesisproject.backend/Repositories/Implementations/GroupRepository.cs,4,tesisproject.shared.Entities.Core,using tesisproject.shared.Entities.Core;
runtime,tesisproject.backend/Repositories/Implementations/GroupRepository.cs,11,AppDbContext,public GroupRepository(AppDbContext ctx) : base(ctx) { }
runtime,tesisproject.backend/Repositories/Implementations/ObjectiveActivityRepository.cs,4,tesisproject.shared.Entities.Core,using tesisproject.shared.Entities.Core;
runtime,tesisproject.backend/Repositories/Implementations/ObjectiveActivityRepository.cs,11,AppDbContext,public ObjectiveActivityRepository(AppDbContext ctx) : base(ctx) { }
runtime,tesisproject.backend/Repositories/Implementations/ObjectiveActivityUserRepository.cs,4,tesisproject.shared.Entities.Core,using tesisproject.shared.Entities.Core;
runtime,tesisproject.backend/Repositories/Implementations/ProductAttributeDefinitionRepository.cs,4,tesisproject.shared.Entities.Core.Products,using tesisproject.shared.Entities.Core.Products;
runtime,tesisproject.backend/Repositories/Implementations/ProductAuthorRepository.cs,4,tesisproject.shared.Entities.Core.Products,using tesisproject.shared.Entities.Core.Products;
runtime,tesisproject.backend/Repositories/Implementations/ProductAuthorRepository.cs,10,AppDbContext,private readonly AppDbContext _ctx;
runtime,tesisproject.backend/Repositories/Implementations/ProductAuthorRepository.cs,11,AppDbContext,public ProductAuthorRepository(AppDbContext ctx) : base(ctx) => _ctx = ctx;
runtime,tesisproject.backend/Repositories/Implementations/ProductRepository.cs,4,tesisproject.shared.Entities.Core.Products,using tesisproject.shared.Entities.Core.Products;
runtime,tesisproject.backend/Repositories/Implementations/ProductRepository.cs,10,AppDbContext,private readonly AppDbContext _ctx;
runtime,tesisproject.backend/Repositories/Implementations/ProductRepository.cs,11,AppDbContext,public ProductRepository(AppDbContext ctx) : base(ctx) => _ctx = ctx;
runtime,tesisproject.backend/Repositories/Implementations/ProductValueRepository.cs,4,tesisproject.shared.Entities.Core.Products,using tesisproject.shared.Entities.Core.Products;
runtime,tesisproject.backend/Repositories/Implementations/ProductValueRepository.cs,10,AppDbContext,private readonly AppDbContext _ctx;
runtime,tesisproject.backend/Repositories/Implementations/ProductValueRepository.cs,11,AppDbContext,public ProductValueRepository(AppDbContext ctx) : base(ctx) => _ctx = ctx;
runtime,tesisproject.backend/Repositories/Implementations/ProjectDocumentRepository.cs,4,tesisproject.shared.Entities.Core,using tesisproject.shared.Entities.Core;
runtime,tesisproject.backend/Repositories/Implementations/ProjectDocumentRepository.cs,11,AppDbContext,private readonly AppDbContext _context;
runtime,tesisproject.backend/Repositories/Implementations/ProjectDocumentRepository.cs,13,AppDbContext,public ProjectDocumentRepository(AppDbContext context)
runtime,tesisproject.backend/Repositories/Implementations/ProjectExtensionRepository.cs,4,tesisproject.shared.Entities.Core,using tesisproject.shared.Entities.Core;
runtime,tesisproject.backend/Repositories/Implementations/ProjectExtensionRepository.cs,10,AppDbContext,public ProjectExtensionRepository(AppDbContext ctx) : base(ctx) { }
runtime,tesisproject.backend/Repositories/Implementations/ProjectObjectiveRepository.cs,4,tesisproject.shared.Entities.Core,using tesisproject.shared.Entities.Core;
runtime,tesisproject.backend/Repositories/Implementations/ProjectObjectiveRepository.cs,11,AppDbContext,public ProjectObjectiveRepository(AppDbContext ctx) : base(ctx) { }
runtime,tesisproject.backend/Repositories/Implementations/ProjectRepository.cs,9,tesisproject.shared.Entities.Core,using tesisproject.shared.Entities.Core;
runtime,tesisproject.backend/Repositories/Implementations/ProjectRepository.cs,15,AppDbContext,public ProjectRepository(AppDbContext ctx) : base(ctx) { }
runtime,tesisproject.backend/Repositories/Implementations/ProjectResearchCategoryRepository.cs,3,tesisproject.shared.Entities.Core,using tesisproject.shared.Entities.Core;
runtime,tesisproject.backend/Repositories/Implementations/ProjectResearchCategoryRepository.cs,10,AppDbContext,public ProjectResearchCategoryRepository(AppDbContext context) : base(context)
runtime,tesisproject.backend/Repositories/Implementations/ResearchCategoryRepository.cs,4,tesisproject.shared.Entities.Catalogs,using tesisproject.shared.Entities.Catalogs;
runtime,tesisproject.backend/Repositories/Implementations/ResearchCategoryRepository.cs,11,AppDbContext,public ResearchCategoryRepository(AppDbContext ctx) : base(ctx)
runtime,tesisproject.backend/Repositories/Implementations/UserFacultyScopeAssignmentRepository.cs,4,tesisproject.shared.Entities.Core,using tesisproject.shared.Entities.Core;
runtime,tesisproject.backend/Repositories/Implementations/UserFacultyScopeAssignmentRepository.cs,11,AppDbContext,public UserFacultyScopeAssignmentRepository(AppDbContext ctx) : base(ctx) { }
runtime,tesisproject.backend/Repositories/Implementations/VisitIssueRepository.cs,4,tesisproject.shared.Entities.Core,using tesisproject.shared.Entities.Core;
runtime,tesisproject.backend/Repositories/Implementations/VisitObjectiveActivityProgressRepository.cs,5,tesisproject.shared.Entities.Core,using tesisproject.shared.Entities.Core;
runtime,tesisproject.backend/Repositories/Implementations/VisitRepository.cs,9,tesisproject.shared.Entities.Core,using tesisproject.shared.Entities.Core;
runtime,tesisproject.backend/Repositories/Implementations/VisitRepository.cs,16,AppDbContext,public VisitRepository(AppDbContext ctx) : base(ctx) { }
runtime,tesisproject.backend/Repositories/Interfaces/IAppUserRepository.cs,1,tesisproject.shared.Entities.Auth,using tesisproject.shared.Entities.Auth;
runtime,tesisproject.backend/Repositories/Interfaces/IArticleReadRepository.cs,1,tesisproject.backend.Data.Articles.Entities,using tesisproject.backend.Data.Articles.Entities;
runtime,tesisproject.backend/Repositories/Interfaces/IAspNetUserRepository.cs,9,IdentityUser<int>,public interface IAspNetUserRepository : IGenericRepository<IdentityUser<int>>
runtime,tesisproject.backend/Repositories/Interfaces/IBudgetRepository.cs,1,tesisproject.shared.Entities.Core,using tesisproject.shared.Entities.Core;
runtime,tesisproject.backend/Repositories/Interfaces/ICatalogRepository.cs,3,tesisproject.shared.Entities.Base,using tesisproject.shared.Entities.Base;
runtime,tesisproject.backend/Repositories/Interfaces/IDocumentRepository.cs,1,tesisproject.shared.Entities.Core,using tesisproject.shared.Entities.Core;
runtime,tesisproject.backend/Repositories/Interfaces/IExternalResearcherProjectRepository.cs,1,tesisproject.shared.Entities.Core,using tesisproject.shared.Entities.Core;
runtime,tesisproject.backend/Repositories/Interfaces/IExternalResearcherRepository.cs,1,tesisproject.shared.Entities.Core,using tesisproject.shared.Entities.Core;
runtime,tesisproject.backend/Repositories/Interfaces/IFacultyScopeFacultyRepository.cs,1,tesisproject.shared.Entities.Core,using tesisproject.shared.Entities.Core;
runtime,tesisproject.backend/Repositories/Interfaces/IFacultyScopeRepository.cs,1,tesisproject.shared.Entities.Core,using tesisproject.shared.Entities.Core;
runtime,tesisproject.backend/Repositories/Interfaces/IGroupMemberRepository.cs,1,tesisproject.shared.Entities.Core,using tesisproject.shared.Entities.Core;
runtime,tesisproject.backend/Repositories/Interfaces/IGroupRepository.cs,1,tesisproject.shared.Entities.Core,using tesisproject.shared.Entities.Core;
runtime,tesisproject.backend/Repositories/Interfaces/IObjectiveActivityRepository.cs,1,tesisproject.shared.Entities.Core,using tesisproject.shared.Entities.Core;
runtime,tesisproject.backend/Repositories/Interfaces/IProductAuthorRepository.cs,1,tesisproject.shared.Entities.Core.Products,using tesisproject.shared.Entities.Core.Products;
runtime,tesisproject.backend/Repositories/Interfaces/IProductRepository.cs,1,tesisproject.shared.Entities.Core.Products,using tesisproject.shared.Entities.Core.Products;
runtime,tesisproject.backend/Repositories/Interfaces/IProductValueRepository.cs,1,tesisproject.shared.Entities.Core.Products,using tesisproject.shared.Entities.Core.Products;
runtime,tesisproject.backend/Repositories/Interfaces/IProjectDocumentRepository.cs,1,tesisproject.shared.Entities.Core,using tesisproject.shared.Entities.Core;
runtime,tesisproject.backend/Repositories/Interfaces/IProjectExtensionRepository.cs,1,tesisproject.shared.Entities.Core,using tesisproject.shared.Entities.Core;
runtime,tesisproject.backend/Repositories/Interfaces/IProjectObjectiveRepository.cs,1,tesisproject.shared.Entities.Core,using tesisproject.shared.Entities.Core;
runtime,tesisproject.backend/Repositories/Interfaces/IProjectRepository.cs,6,tesisproject.shared.Entities.Core,using tesisproject.shared.Entities.Core;
runtime,tesisproject.backend/Repositories/Interfaces/IProjectResearchCategoryRepository.cs,1,tesisproject.shared.Entities.Core,using tesisproject.shared.Entities.Core;
runtime,tesisproject.backend/Repositories/Interfaces/IResearchCategoryRepository.cs,1,tesisproject.shared.Entities.Catalogs,using tesisproject.shared.Entities.Catalogs;
runtime,tesisproject.backend/Repositories/Interfaces/IUserFacultyScopeAssignmentRepository.cs,1,tesisproject.shared.Entities.Core,using tesisproject.shared.Entities.Core;
runtime,tesisproject.backend/Repositories/Interfaces/IVisitRepository.cs,6,tesisproject.shared.Entities.Core,using tesisproject.shared.Entities.Core;
runtime,tesisproject.backend/Services/Analytic/Implementations/DwEtlService.cs.cs,5,tesisproject.shared.Entities.Analytics.Dw.Bridges,using tesisproject.shared.Entities.Analytics.Dw.Bridges;
runtime,tesisproject.backend/Services/Analytic/Implementations/DwEtlService.cs.cs,6,tesisproject.shared.Entities.Analytics.Dw.Dimensions,using tesisproject.shared.Entities.Analytics.Dw.Dimensions;
runtime,tesisproject.backend/Services/Analytic/Implementations/DwEtlService.cs.cs,7,tesisproject.shared.Entities.Analytics.Dw.Facts,using tesisproject.shared.Entities.Analytics.Dw.Facts;
runtime,tesisproject.backend/Services/Analytic/Implementations/DwEtlService.cs.cs,8,tesisproject.shared.Entities.External,using tesisproject.shared.Entities.External;
runtime,tesisproject.backend/Services/Analytic/Implementations/DwEtlService.cs.cs,15,AppDbContext,/// Reads from AppDbContext (operational) and writes into DwContext (DW).
runtime,tesisproject.backend/Services/Analytic/Implementations/DwEtlService.cs.cs,19,AppDbContext,private readonly AppDbContext _appDb;
runtime,tesisproject.backend/Services/Analytic/Implementations/DwEtlService.cs.cs,26,AppDbContext,"AppDbContext appDb,"
runtime,tesisproject.backend/Services/Implementations/AppUserService.cs,10,tesisproject.shared.Entities.Auth,using tesisproject.shared.Entities.Auth;
runtime,tesisproject.backend/Services/Implementations/AppUserService.cs,22,IdentityUser<int>,private readonly UserManager<IdentityUser<int>> _userManager;
runtime,tesisproject.backend/Services/Implementations/AppUserService.cs,28,IdentityUser<int>,"UserManager<IdentityUser<int>> userManager,"
runtime,tesisproject.backend/Services/Implementations/AppUserService.cs,155,IdentityUser<int>,user = new IdentityUser<int>
runtime,tesisproject.backend/Services/Implementations/ArticleQueryService.cs,1,tesisproject.backend.Data.Articles.Entities,using tesisproject.backend.Data.Articles.Entities;
runtime,tesisproject.backend/Services/Implementations/ArticleQueryService.cs,177,ArticleParticipant,private static ArticleParticipantDto MapParticipant(ArticleParticipant participant)
runtime,tesisproject.backend/Services/Implementations/ArticleQueryService.cs,177,ArticleParticipant,private static ArticleParticipantDto MapParticipant(ArticleParticipant participant)
runtime,tesisproject.backend/Services/Implementations/ArticleRegistrationCommandService.cs,3,tesisproject.backend.Data.Articles,using tesisproject.backend.Data.Articles;
runtime,tesisproject.backend/Services/Implementations/ArticleRegistrationCommandService.cs,4,tesisproject.backend.Data.Articles.Entities,using tesisproject.backend.Data.Articles.Entities;
runtime,tesisproject.backend/Services/Implementations/ArticleRegistrationCommandService.cs,14,ArticlesDbContext,private readonly ArticlesDbContext _ctx;
runtime,tesisproject.backend/Services/Implementations/ArticleRegistrationCommandService.cs,17,ArticlesDbContext,"public ArticleRegistrationCommandService(ArticlesDbContext ctx, ILogger<ArticleRegistrationCommandService> logger)"
runtime,tesisproject.backend/Services/Implementations/ArticleRegistrationCommandService.cs,70,ArticleParticipant,article.Participants.Add(new ArticleParticipant
runtime,tesisproject.backend/Services/Implementations/ArticleRegistrationCommandService.cs,125,ArticleParticipant,"var participantFields = await ResolveValidationFieldsAsync(""ArticleParticipant"", ""ArticleParticipantForm"", ct);"
runtime,tesisproject.backend/Services/Implementations/ArticleRegistrationCommandService.cs,125,ArticleParticipant,"var participantFields = await ResolveValidationFieldsAsync(""ArticleParticipant"", ""ArticleParticipantForm"", ct);"
runtime,tesisproject.backend/Services/Implementations/ArticleRegistrationCommandService.cs,396,ArticleParticipant,private static string? ValidateParticipantBusinessRules(List<ArticleParticipantAggregateDto> participants)
runtime,tesisproject.backend/Services/Implementations/ArticleRegistrationCommandService.cs,487,ArticleParticipant,"ArticleParticipantAggregateDto participant,"
runtime,tesisproject.backend/Services/Implementations/ArticleRegistrationCommandService.cs,542,ArticleParticipant,"private static bool HasParticipantPhysicalValue(ArticleParticipantAggregateDto participant, FieldCatalogEntry field)"
runtime,tesisproject.backend/Services/Implementations/AuthService.cs,21,IdentityUser<int>,private readonly UserManager<IdentityUser<int>> _userManager;
runtime,tesisproject.backend/Services/Implementations/AuthService.cs,22,IdentityUser<int>,private readonly SignInManager<IdentityUser<int>> _signInManager;
runtime,tesisproject.backend/Services/Implementations/AuthService.cs,28,IdentityUser<int>,"UserManager<IdentityUser<int>> userManager,"
runtime,tesisproject.backend/Services/Implementations/AuthService.cs,29,IdentityUser<int>,"SignInManager<IdentityUser<int>> signInManager,"
runtime,tesisproject.backend/Services/Implementations/BudgetService.cs,5,tesisproject.shared.Entities.Core,using tesisproject.shared.Entities.Core;
runtime,tesisproject.backend/Services/Implementations/CatalogCrudService.cs,8,tesisproject.shared.Entities.Base,using tesisproject.shared.Entities.Base;
runtime,tesisproject.backend/Services/Implementations/CatalogQueryService.cs,12,tesisproject.shared.Entities.Base,using tesisproject.shared.Entities.Base;
runtime,tesisproject.backend/Services/Implementations/CountryService.cs,7,tesisproject.shared.Entities.Catalogs,using tesisproject.shared.Entities.Catalogs;
runtime,tesisproject.backend/Services/Implementations/DocumentRecognitionService.cs,11,tesisproject.shared.Entities.Catalogs,using tesisproject.shared.Entities.Catalogs;
runtime,tesisproject.backend/Services/Implementations/DocumentRecognitionService.cs,12,tesisproject.shared.Entities.External,using tesisproject.shared.Entities.External;
runtime,tesisproject.backend/Services/Implementations/DocumentService.cs,9,tesisproject.shared.Entities.Core,using tesisproject.shared.Entities.Core;
runtime,tesisproject.backend/Services/Implementations/ExternalAcademicsService.cs,9,tesisproject.shared.Entities.External,using tesisproject.shared.Entities.External;
runtime,tesisproject.backend/Services/Implementations/ExternalDirectoryClient.cs,7,tesisproject.shared.Entities.External,using tesisproject.shared.Entities.External;
runtime,tesisproject.backend/Services/Implementations/ExternalDistributivosService.cs,8,tesisproject.shared.Entities.External,using tesisproject.shared.Entities.External;
runtime,tesisproject.backend/Services/Implementations/ExternalPeriodsClient.cs,7,tesisproject.shared.Entities.External,using tesisproject.shared.Entities.External;
runtime,tesisproject.backend/Services/Implementations/ExternalResearcherProjectService.cs,5,tesisproject.shared.Entities.Core,using tesisproject.shared.Entities.Core;
runtime,tesisproject.backend/Services/Implementations/ExternalResearcherService.cs,7,tesisproject.shared.Entities.Core,using tesisproject.shared.Entities.Core;
runtime,tesisproject.backend/Services/Implementations/FacultyScopeService.cs,8,tesisproject.shared.Entities.Auth,using tesisproject.shared.Entities.Auth;
runtime,tesisproject.backend/Services/Implementations/FacultyScopeService.cs,9,tesisproject.shared.Entities.Core,using tesisproject.shared.Entities.Core;
runtime,tesisproject.backend/Services/Implementations/GroupService.cs,11,tesisproject.shared.Entities.Core,using tesisproject.shared.Entities.Core;
runtime,tesisproject.backend/Services/Implementations/GroupService.cs,12,tesisproject.shared.Entities.External,using tesisproject.shared.Entities.External;
runtime,tesisproject.backend/Services/Implementations/IndexingSourceService.cs,6,tesisproject.shared.Entities.Catalogs,using tesisproject.shared.Entities.Catalogs;
runtime,tesisproject.backend/Services/Implementations/InstitutionService.cs,7,tesisproject.shared.Entities.Catalogs,using tesisproject.shared.Entities.Catalogs;
runtime,tesisproject.backend/Services/Implementations/MemberRoleTypeService.cs,6,tesisproject.shared.Entities.Catalogs,using tesisproject.shared.Entities.Catalogs;
runtime,tesisproject.backend/Services/Implementations/ObjectiveActivityService.cs,6,tesisproject.shared.Entities.Core,using tesisproject.shared.Entities.Core;
runtime,tesisproject.backend/Services/Implementations/ObjectiveActivityUserService.cs,5,tesisproject.shared.Entities.Core,using tesisproject.shared.Entities.Core;
runtime,tesisproject.backend/Services/Implementations/ProductAttributeService.cs,5,tesisproject.shared.Entities.Catalogs,using tesisproject.shared.Entities.Catalogs;
runtime,tesisproject.backend/Services/Implementations/ProductService.cs,10,tesisproject.shared.Entities.Core.Products,using tesisproject.shared.Entities.Core.Products;
runtime,tesisproject.backend/Services/Implementations/ProductTypeDesignService.cs,12,tesisproject.shared.Entities.Catalogs,using tesisproject.shared.Entities.Catalogs;
runtime,tesisproject.backend/Services/Implementations/ProductTypeDesignService.cs,13,tesisproject.shared.Entities.Core.Products,using tesisproject.shared.Entities.Core.Products;
runtime,tesisproject.backend/Services/Implementations/ProjectExtensionService.cs,8,tesisproject.shared.Entities.Core,using tesisproject.shared.Entities.Core;
runtime,tesisproject.backend/Services/Implementations/ProjectExtensionService.cs,118,AcademicPeriodId,"AcademicPeriodId = null,"
runtime,tesisproject.backend/Services/Implementations/ProjectFlatReportService.cs,11,tesisproject.shared.Entities.Core.Products,using tesisproject.shared.Entities.Core.Products;
runtime,tesisproject.backend/Services/Implementations/ProjectFlatReportService.cs,12,tesisproject.shared.Entities.External,using tesisproject.shared.Entities.External;
runtime,tesisproject.backend/Services/Implementations/ProjectFlatReportService.cs,20,AppDbContext,private readonly AppDbContext _db;
runtime,tesisproject.backend/Services/Implementations/ProjectFlatReportService.cs,26,AppDbContext,"AppDbContext db,"
runtime,tesisproject.backend/Services/Implementations/ProjectObjectiveService.cs,6,tesisproject.shared.Entities.Core,using tesisproject.shared.Entities.Core;
runtime,tesisproject.backend/Services/Implementations/ProjectResearchCategoryService.cs,5,tesisproject.shared.Entities.Core,using tesisproject.shared.Entities.Core;
runtime,tesisproject.backend/Services/Implementations/ProjectService.cs,16,tesisproject.shared.Entities.Catalogs,using tesisproject.shared.Entities.Catalogs;
runtime,tesisproject.backend/Services/Implementations/ProjectService.cs,17,tesisproject.shared.Entities.Core,using tesisproject.shared.Entities.Core;
runtime,tesisproject.backend/Services/Implementations/ProjectService.cs,19,tesisproject.shared.Entities.External,using tesisproject.shared.Entities.External;
runtime,tesisproject.backend/Services/Implementations/ProjectService.cs,1615,AcademicPeriodId,var defaultAcademicPeriodId = academicPeriodsCache
runtime,tesisproject.backend/Services/Implementations/ProjectService.cs,1658,AcademicPeriodId,if (defaultAcademicPeriodId <= 0)
runtime,tesisproject.backend/Services/Implementations/ProjectService.cs,1687,AcademicPeriodId,"var academicPeriodId = ResolveAcademicPeriodId(academicPeriodsCache, x.vp.PeriodLabel)"
runtime,tesisproject.backend/Services/Implementations/ProjectService.cs,1688,AcademicPeriodId,?? defaultAcademicPeriodId;
runtime,tesisproject.backend/Services/Implementations/ProjectService.cs,1706,AcademicPeriodId,"AcademicPeriodId = academicPeriodId,"
runtime,tesisproject.backend/Services/Implementations/ProjectService.cs,2064,AcademicPeriodId,private static int? ResolveAcademicPeriodId(
runtime,tesisproject.backend/Services/Implementations/ProjectsFiltersService.cs,5,tesisproject.shared.Entities.Catalogs,using tesisproject.shared.Entities.Catalogs;
runtime,tesisproject.backend/Services/Implementations/RefreshTokenService.cs,6,tesisproject.shared.Entities.Auth,using tesisproject.shared.Entities.Auth;
runtime,tesisproject.backend/Services/Implementations/RefreshTokenService.cs,12,AppDbContext,private readonly AppDbContext _db;
runtime,tesisproject.backend/Services/Implementations/RefreshTokenService.cs,15,AppDbContext,public RefreshTokenService(AppDbContext db)
runtime,tesisproject.backend/Services/Implementations/RegistrationMatrixService.cs,2,tesisproject.backend.Data.Articles,using tesisproject.backend.Data.Articles;
runtime,tesisproject.backend/Services/Implementations/RegistrationMatrixService.cs,3,tesisproject.backend.Data.Articles.Entities,using tesisproject.backend.Data.Articles.Entities;
runtime,tesisproject.backend/Services/Implementations/RegistrationMatrixService.cs,12,ArticlesDbContext,private readonly ArticlesDbContext _db;
runtime,tesisproject.backend/Services/Implementations/RegistrationMatrixService.cs,14,ArticlesDbContext,public RegistrationMatrixService(ArticlesDbContext db) => _db = db;
runtime,tesisproject.backend/Services/Implementations/RegistrationMatrixService.cs,166,ArticleParticipant,".Where(x => x.EntityName == ""Article"" || x.EntityName == ""ArticleParticipant"")"
runtime,tesisproject.backend/Services/Implementations/ResearchCategoryService.cs,6,tesisproject.shared.Entities.Catalogs,using tesisproject.shared.Entities.Catalogs;
runtime,tesisproject.backend/Services/Implementations/ResearchCategoryTypeService.cs,6,tesisproject.shared.Entities.Catalogs,using tesisproject.shared.Entities.Catalogs;
runtime,tesisproject.backend/Services/Implementations/UserRoleService.cs,8,IdentityUser<int>,private readonly UserManager<IdentityUser<int>> _userManager;
runtime,tesisproject.backend/Services/Implementations/UserRoleService.cs,24,IdentityUser<int>,"UserManager<IdentityUser<int>> userManager,"
runtime,tesisproject.backend/Services/Implementations/UserRoleService.cs,32,IdentityUser<int>,"IdentityUser<int> user,"
runtime,tesisproject.backend/Services/Implementations/VisitIssueService.cs,6,tesisproject.shared.Entities.Core,using tesisproject.shared.Entities.Core;
runtime,tesisproject.backend/Services/Implementations/VisitObjectiveActivityProgressService.cs,6,tesisproject.shared.Entities.Core,using tesisproject.shared.Entities.Core;
runtime,tesisproject.backend/Services/Implementations/VisitService.cs,6,tesisproject.shared.Entities.Core,using tesisproject.shared.Entities.Core;
runtime,tesisproject.backend/Services/Interfaces/ICatalogCrudService.cs,3,tesisproject.shared.Entities.Base,using tesisproject.shared.Entities.Base;
runtime,tesisproject.backend/Services/Interfaces/ICatalogQueryService.cs,2,tesisproject.shared.Entities.Base,using tesisproject.shared.Entities.Base;
runtime,tesisproject.backend/Services/Interfaces/IExternalDirectoryClient.cs,1,tesisproject.shared.Entities.External,using tesisproject.shared.Entities.External;
runtime,tesisproject.backend/Services/Interfaces/IExternalDistributivosService.cs,2,tesisproject.shared.Entities.External,using tesisproject.shared.Entities.External;
runtime,tesisproject.backend/Services/Interfaces/IExternalPeriodsClient.cs,1,tesisproject.shared.Entities.External,using tesisproject.shared.Entities.External;
runtime,tesisproject.backend/Services/Interfaces/IRefreshTokenService.cs,1,tesisproject.shared.Entities.Auth,using tesisproject.shared.Entities.Auth;
runtime,tesisproject.backend/Services/Interfaces/IUserRoleService.cs,7,IdentityUser<int>,"Task AssignRoleAsync(IdentityUser<int> user, string? requestedRole, CancellationToken ct = default);"
runtime,tesisproject.backend/Services/Interfaces/IUserRoleService.cs,9,IdentityUser<int>,"//Task RemoveRoleAsync(IdentityUser<int> user, string role, CancellationToken ct = default);"
runtime,tesisproject.backend/Services/Interfaces/IUserRoleService.cs,11,IdentityUser<int>,"//Task<IList<string>> GetRolesAsync(IdentityUser<int> user, CancellationToken ct = default);"
runtime,tesisproject.backend/Services/Interfaces/IUserRoleService.cs,16,IdentityUser<int>,"//Task SetRolesAsync(IdentityUser<int> user, IEnumerable<string> roles, CancellationToken ct = default);"
runtime,tesisproject.backend/Services/Interfaces/IUserRoleService.cs,21,IdentityUser<int>,"//Task ReplaceSingleRoleAsync(IdentityUser<int> user, string role, CancellationToken ct = default);"
runtime,tesisproject.backend/UnitOfWork/Implementations/UnitOfWork.cs,5,tesisproject.shared.Entities.Catalogs,using tesisproject.shared.Entities.Catalogs;
runtime,tesisproject.backend/UnitOfWork/Implementations/UnitOfWork.cs,11,AppDbContext,private readonly AppDbContext _ctx;
runtime,tesisproject.backend/UnitOfWork/Implementations/UnitOfWork.cs,63,AppDbContext,"AppDbContext ctx,"
runtime,tesisproject.backend/UnitOfWork/Interfaces/IUnitOfWork.cs,4,tesisproject.shared.Entities.Analytics.Dw.Dimensions,using tesisproject.shared.Entities.Analytics.Dw.Dimensions;
runtime,tesisproject.backend/UnitOfWork/Interfaces/IUnitOfWork.cs,5,tesisproject.shared.Entities.Catalogs,using tesisproject.shared.Entities.Catalogs;
runtime,tesisproject.backend/UnitOfWork/Interfaces/IUnitOfWork.cs,6,tesisproject.shared.Entities.Core,using tesisproject.shared.Entities.Core;
legacy no usado (excluido del backend),tesisproject.shared/ArticlesMigration/DTOs/Articles/ArticleDtos.cs,36,ArticleParticipant,public List<ArticleParticipantDto>? Participants { get; set; }
legacy no usado (excluido del backend),tesisproject.shared/ArticlesMigration/DTOs/Articles/ArticleDtos.cs,81,ArticleParticipant,public List<ArticleParticipantDto>? Participants { get; set; }
legacy no usado (excluido del backend),tesisproject.shared/ArticlesMigration/DTOs/Articles/ArticleDtos.cs,97,ArticleParticipant,public class ArticleParticipantDto
legacy no usado (excluido del backend),tesisproject.shared/ArticlesMigration/DTOs/Articles/ArticleParticipantRequest.cs,3,ArticleParticipant,public class ArticleParticipantRequest
legacy no usado (excluido del backend),tesisproject.shared/ArticlesMigration/DTOs/Articles/CreateArticleRequest.cs,39,ArticleParticipant,public List<ArticleParticipantRequest> Participants { get; set; } = new();
legacy no usado (excluido del backend),tesisproject.shared/ArticlesMigration/DTOs/Articles/RegisterArticleAggregateDtos.cs,10,ArticleParticipant,public List<ArticleParticipantAggregateDto> Participants { get; set; } = new();
legacy no usado (excluido del backend),tesisproject.shared/ArticlesMigration/DTOs/Articles/RegisterArticleAggregateDtos.cs,58,ArticleParticipant,public class ArticleParticipantAggregateDto
shared protegido,tesisproject.shared/Common/External/ExternalCareerSelector.cs,4,tesisproject.shared.Entities.External,using tesisproject.shared.Entities.External;
shared protegido,tesisproject.shared/DTOs/Articles/ArticleDtos.cs,36,ArticleParticipant,public List<ArticleParticipantDto>? Participants { get; set; }
shared protegido,tesisproject.shared/DTOs/Articles/ArticleDtos.cs,81,ArticleParticipant,public List<ArticleParticipantDto>? Participants { get; set; }
shared protegido,tesisproject.shared/DTOs/Articles/ArticleDtos.cs,97,ArticleParticipant,public class ArticleParticipantDto
shared protegido,tesisproject.shared/DTOs/Articles/ArticleParticipantRequest.cs,3,ArticleParticipant,public class ArticleParticipantRequest
shared protegido,tesisproject.shared/DTOs/Articles/CreateArticleRequest.cs,39,ArticleParticipant,public List<ArticleParticipantRequest> Participants { get; set; } = new();
shared protegido,tesisproject.shared/DTOs/Articles/RegisterArticleAggregateDtos.cs,10,ArticleParticipant,public List<ArticleParticipantAggregateDto> Participants { get; set; } = new();
shared protegido,tesisproject.shared/DTOs/Articles/RegisterArticleAggregateDtos.cs,58,ArticleParticipant,public class ArticleParticipantAggregateDto
shared protegido,tesisproject.shared/DTOs/Project/Request/UpdateProjectRequestDTO.cs,4,tesisproject.shared.Entities.Catalogs,using tesisproject.shared.Entities.Catalogs;
shared protegido,tesisproject.shared/Entities/Analytics/Dw/Bridges/BridgeProjectResearchCategory.cs,7,tesisproject.shared.Entities.Analytics.Dw.Dimensions,using tesisproject.shared.Entities.Analytics.Dw.Dimensions;
shared protegido,tesisproject.shared/Entities/Analytics/Dw/Bridges/BridgeProjectResearchCategory.cs,8,tesisproject.shared.Entities.Analytics.Dw.Facts,using tesisproject.shared.Entities.Analytics.Dw.Facts;
shared protegido,tesisproject.shared/Entities/Analytics/Dw/Bridges/BridgeProjectResearchCategory.cs,10,tesisproject.shared.Entities.Analytics.Dw.Bridges,namespace tesisproject.shared.Entities.Analytics.Dw.Bridges
shared protegido,tesisproject.shared/Entities/Analytics/Dw/Dimensions/DimDate.cs,8,tesisproject.shared.Entities.Analytics.Dw.Facts,using tesisproject.shared.Entities.Analytics.Dw.Facts;
shared protegido,tesisproject.shared/Entities/Analytics/Dw/Dimensions/DimDate.cs,10,tesisproject.shared.Entities.Analytics.Dw.Dimensions,namespace tesisproject.shared.Entities.Analytics.Dw.Dimensions
shared protegido,tesisproject.shared/Entities/Analytics/Dw/Dimensions/DimFaculty.cs,7,tesisproject.shared.Entities.Analytics.Dw.Facts,using tesisproject.shared.Entities.Analytics.Dw.Facts;
shared protegido,tesisproject.shared/Entities/Analytics/Dw/Dimensions/DimFaculty.cs,9,tesisproject.shared.Entities.Analytics.Dw.Dimensions,namespace tesisproject.shared.Entities.Analytics.Dw.Dimensions
shared protegido,tesisproject.shared/Entities/Analytics/Dw/Dimensions/DimFundingType.cs,7,tesisproject.shared.Entities.Analytics.Dw.Facts,using tesisproject.shared.Entities.Analytics.Dw.Facts;
shared protegido,tesisproject.shared/Entities/Analytics/Dw/Dimensions/DimFundingType.cs,9,tesisproject.shared.Entities.Analytics.Dw.Dimensions,namespace tesisproject.shared.Entities.Analytics.Dw.Dimensions
shared protegido,tesisproject.shared/Entities/Analytics/Dw/Dimensions/DimIndexingDatabase.cs,7,tesisproject.shared.Entities.Analytics.Dw.Facts,using tesisproject.shared.Entities.Analytics.Dw.Facts;
shared protegido,tesisproject.shared/Entities/Analytics/Dw/Dimensions/DimIndexingDatabase.cs,9,tesisproject.shared.Entities.Analytics.Dw.Dimensions,namespace tesisproject.shared.Entities.Analytics.Dw.Dimensions
shared protegido,tesisproject.shared/Entities/Analytics/Dw/Dimensions/DimProductType.cs,7,tesisproject.shared.Entities.Analytics.Dw.Facts,using tesisproject.shared.Entities.Analytics.Dw.Facts;
shared protegido,tesisproject.shared/Entities/Analytics/Dw/Dimensions/DimProductType.cs,9,tesisproject.shared.Entities.Analytics.Dw.Dimensions,namespace tesisproject.shared.Entities.Analytics.Dw.Dimensions
shared protegido,tesisproject.shared/Entities/Analytics/Dw/Dimensions/DimProjectState.cs,7,tesisproject.shared.Entities.Analytics.Dw.Facts,using tesisproject.shared.Entities.Analytics.Dw.Facts;
shared protegido,tesisproject.shared/Entities/Analytics/Dw/Dimensions/DimProjectState.cs,9,tesisproject.shared.Entities.Analytics.Dw.Dimensions,namespace tesisproject.shared.Entities.Analytics.Dw.Dimensions
shared protegido,tesisproject.shared/Entities/Analytics/Dw/Dimensions/DimQuartile.cs,7,tesisproject.shared.Entities.Analytics.Dw.Facts,using tesisproject.shared.Entities.Analytics.Dw.Facts;
shared protegido,tesisproject.shared/Entities/Analytics/Dw/Dimensions/DimQuartile.cs,9,tesisproject.shared.Entities.Analytics.Dw.Dimensions,namespace tesisproject.shared.Entities.Analytics.Dw.Dimensions
shared protegido,tesisproject.shared/Entities/Analytics/Dw/Dimensions/DimResearchCategory.cs,7,tesisproject.shared.Entities.Analytics.Dw.Bridges,using tesisproject.shared.Entities.Analytics.Dw.Bridges;
shared protegido,tesisproject.shared/Entities/Analytics/Dw/Dimensions/DimResearchCategory.cs,9,tesisproject.shared.Entities.Analytics.Dw.Dimensions,namespace tesisproject.shared.Entities.Analytics.Dw.Dimensions
shared protegido,tesisproject.shared/Entities/Analytics/Dw/Facts/FactBudget.cs,8,tesisproject.shared.Entities.Analytics.Dw.Dimensions,using tesisproject.shared.Entities.Analytics.Dw.Dimensions;
shared protegido,tesisproject.shared/Entities/Analytics/Dw/Facts/FactBudget.cs,10,tesisproject.shared.Entities.Analytics.Dw.Facts,namespace tesisproject.shared.Entities.Analytics.Dw.Facts
shared protegido,tesisproject.shared/Entities/Analytics/Dw/Facts/FactProduct.cs,8,tesisproject.shared.Entities.Analytics.Dw.Bridges,using tesisproject.shared.Entities.Analytics.Dw.Bridges;
shared protegido,tesisproject.shared/Entities/Analytics/Dw/Facts/FactProduct.cs,9,tesisproject.shared.Entities.Analytics.Dw.Dimensions,using tesisproject.shared.Entities.Analytics.Dw.Dimensions;
shared protegido,tesisproject.shared/Entities/Analytics/Dw/Facts/FactProduct.cs,11,tesisproject.shared.Entities.Analytics.Dw.Facts,namespace tesisproject.shared.Entities.Analytics.Dw.Facts
shared protegido,tesisproject.shared/Entities/Analytics/Dw/Facts/FactProject.cs,8,tesisproject.shared.Entities.Analytics.Dw.Dimensions,using tesisproject.shared.Entities.Analytics.Dw.Dimensions;
shared protegido,tesisproject.shared/Entities/Analytics/Dw/Facts/FactProject.cs,10,tesisproject.shared.Entities.Analytics.Dw.Facts,namespace tesisproject.shared.Entities.Analytics.Dw.Facts
shared protegido,tesisproject.shared/Entities/Auth/AppUser.cs,7,tesisproject.shared.Entities.Auth,namespace tesisproject.shared.Entities.Auth
shared protegido,tesisproject.shared/Entities/Auth/AppUser.cs,24,IdentityUser<int>,/// Local ASP.NET Identity user id (IdentityUser<int>.Id) while using local ASP.
shared protegido,tesisproject.shared/Entities/Auth/RefreshToken.cs,1,tesisproject.shared.Entities.Auth,namespace tesisproject.shared.Entities.Auth
shared protegido,tesisproject.shared/Entities/Auth/RefreshToken.cs,7,IdentityUser<int>,// FK to AspNetUsers (IdentityUser<int>)
shared protegido,tesisproject.shared/Entities/Base/CatalogEntityBase.cs,9,tesisproject.shared.Entities.Base,namespace tesisproject.shared.Entities.Base
shared protegido,tesisproject.shared/Entities/Catalogs/Country.cs,6,tesisproject.shared.Entities.Base,using tesisproject.shared.Entities.Base;
shared protegido,tesisproject.shared/Entities/Catalogs/Country.cs,8,tesisproject.shared.Entities.Catalogs,namespace tesisproject.shared.Entities.Catalogs
shared protegido,tesisproject.shared/Entities/Catalogs/DocumentType.cs,6,tesisproject.shared.Entities.Base,using tesisproject.shared.Entities.Base;
shared protegido,tesisproject.shared/Entities/Catalogs/DocumentType.cs,8,tesisproject.shared.Entities.Catalogs,namespace tesisproject.shared.Entities.Catalogs
shared protegido,tesisproject.shared/Entities/Catalogs/FundingType.cs,6,tesisproject.shared.Entities.Base,using tesisproject.shared.Entities.Base;
shared protegido,tesisproject.shared/Entities/Catalogs/FundingType.cs,8,tesisproject.shared.Entities.Catalogs,namespace tesisproject.shared.Entities.Catalogs
shared protegido,tesisproject.shared/Entities/Catalogs/GroupType.cs,6,tesisproject.shared.Entities.Base,using tesisproject.shared.Entities.Base;
shared protegido,tesisproject.shared/Entities/Catalogs/GroupType.cs,8,tesisproject.shared.Entities.Catalogs,namespace tesisproject.shared.Entities.Catalogs
shared protegido,tesisproject.shared/Entities/Catalogs/IndexingSource.cs,6,tesisproject.shared.Entities.Base,using tesisproject.shared.Entities.Base;
shared protegido,tesisproject.shared/Entities/Catalogs/IndexingSource.cs,8,tesisproject.shared.Entities.Catalogs,namespace tesisproject.shared.Entities.Catalogs
shared protegido,tesisproject.shared/Entities/Catalogs/Institution.cs,6,tesisproject.shared.Entities.Base,using tesisproject.shared.Entities.Base;
shared protegido,tesisproject.shared/Entities/Catalogs/Institution.cs,8,tesisproject.shared.Entities.Catalogs,namespace tesisproject.shared.Entities.Catalogs
shared protegido,tesisproject.shared/Entities/Catalogs/MemberRoleType.cs,6,tesisproject.shared.Entities.Base,using tesisproject.shared.Entities.Base;
shared protegido,tesisproject.shared/Entities/Catalogs/MemberRoleType.cs,8,tesisproject.shared.Entities.Catalogs,namespace tesisproject.shared.Entities.Catalogs
shared protegido,tesisproject.shared/Entities/Catalogs/ObjectiveType.cs,6,tesisproject.shared.Entities.Base,using tesisproject.shared.Entities.Base;
shared protegido,tesisproject.shared/Entities/Catalogs/ObjectiveType.cs,8,tesisproject.shared.Entities.Catalogs,namespace tesisproject.shared.Entities.Catalogs
shared protegido,tesisproject.shared/Entities/Catalogs/ProductAttribute.cs,7,tesisproject.shared.Entities.Base,using tesisproject.shared.Entities.Base;
shared protegido,tesisproject.shared/Entities/Catalogs/ProductAttribute.cs,8,tesisproject.shared.Entities.Core.Products,using tesisproject.shared.Entities.Core.Products;
shared protegido,tesisproject.shared/Entities/Catalogs/ProductAttribute.cs,11,tesisproject.shared.Entities.Catalogs,namespace tesisproject.shared.Entities.Catalogs
shared protegido,tesisproject.shared/Entities/Catalogs/ProductType.cs,6,tesisproject.shared.Entities.Base,using tesisproject.shared.Entities.Base;
shared protegido,tesisproject.shared/Entities/Catalogs/ProductType.cs,8,tesisproject.shared.Entities.Catalogs,namespace tesisproject.shared.Entities.Catalogs
shared protegido,tesisproject.shared/Entities/Catalogs/ProjectExtensionType.cs,6,tesisproject.shared.Entities.Base,using tesisproject.shared.Entities.Base;
shared protegido,tesisproject.shared/Entities/Catalogs/ProjectExtensionType.cs,7,tesisproject.shared.Entities.Core,using tesisproject.shared.Entities.Core;
shared protegido,tesisproject.shared/Entities/Catalogs/ProjectExtensionType.cs,9,tesisproject.shared.Entities.Catalogs,namespace tesisproject.shared.Entities.Catalogs
shared protegido,tesisproject.shared/Entities/Catalogs/ProjectOriginType.cs,6,tesisproject.shared.Entities.Base,using tesisproject.shared.Entities.Base;
shared protegido,tesisproject.shared/Entities/Catalogs/ProjectOriginType.cs,8,tesisproject.shared.Entities.Catalogs,namespace tesisproject.shared.Entities.Catalogs
shared protegido,tesisproject.shared/Entities/Catalogs/ProjectState.cs,6,tesisproject.shared.Entities.Base,using tesisproject.shared.Entities.Base;
shared protegido,tesisproject.shared/Entities/Catalogs/ProjectState.cs,8,tesisproject.shared.Entities.Catalogs,namespace tesisproject.shared.Entities.Catalogs
shared protegido,tesisproject.shared/Entities/Catalogs/ProjectType.cs,6,tesisproject.shared.Entities.Base,using tesisproject.shared.Entities.Base;
shared protegido,tesisproject.shared/Entities/Catalogs/ProjectType.cs,8,tesisproject.shared.Entities.Catalogs,namespace tesisproject.shared.Entities.Catalogs
shared protegido,tesisproject.shared/Entities/Catalogs/ResearchCategory.cs,2,tesisproject.shared.Entities.Base,using tesisproject.shared.Entities.Base;
shared protegido,tesisproject.shared/Entities/Catalogs/ResearchCategory.cs,3,tesisproject.shared.Entities.Core,using tesisproject.shared.Entities.Core;
shared protegido,tesisproject.shared/Entities/Catalogs/ResearchCategory.cs,5,tesisproject.shared.Entities.Catalogs,namespace tesisproject.shared.Entities.Catalogs
shared protegido,tesisproject.shared/Entities/Catalogs/ResearchCategoryGroup.cs,6,tesisproject.shared.Entities.Base,using tesisproject.shared.Entities.Base;
shared protegido,tesisproject.shared/Entities/Catalogs/ResearchCategoryGroup.cs,8,tesisproject.shared.Entities.Catalogs,namespace tesisproject.shared.Entities.Catalogs
shared protegido,tesisproject.shared/Entities/Catalogs/ResearchCategoryType.cs,6,tesisproject.shared.Entities.Base,using tesisproject.shared.Entities.Base;
shared protegido,tesisproject.shared/Entities/Catalogs/ResearchCategoryType.cs,8,tesisproject.shared.Entities.Catalogs,namespace tesisproject.shared.Entities.Catalogs
shared protegido,tesisproject.shared/Entities/Catalogs/TransactionType.cs,6,tesisproject.shared.Entities.Base,using tesisproject.shared.Entities.Base;
shared protegido,tesisproject.shared/Entities/Catalogs/TransactionType.cs,8,tesisproject.shared.Entities.Catalogs,namespace tesisproject.shared.Entities.Catalogs
shared protegido,tesisproject.shared/Entities/Catalogs/VisitState.cs,6,tesisproject.shared.Entities.Base,using tesisproject.shared.Entities.Base;
shared protegido,tesisproject.shared/Entities/Catalogs/VisitState.cs,8,tesisproject.shared.Entities.Catalogs,namespace tesisproject.shared.Entities.Catalogs
shared protegido,tesisproject.shared/Entities/Core/AppConfiguration.cs,5,tesisproject.shared.Entities.Core,namespace tesisproject.shared.Entities.Core
shared protegido,tesisproject.shared/Entities/Core/Budget.cs,4,tesisproject.shared.Entities.Catalogs,using tesisproject.shared.Entities.Catalogs;
shared protegido,tesisproject.shared/Entities/Core/Budget.cs,6,tesisproject.shared.Entities.Core,namespace tesisproject.shared.Entities.Core
shared protegido,tesisproject.shared/Entities/Core/BudgetTransaction.cs,8,tesisproject.shared.Entities.Catalogs,using tesisproject.shared.Entities.Catalogs;
shared protegido,tesisproject.shared/Entities/Core/BudgetTransaction.cs,10,tesisproject.shared.Entities.Core,namespace tesisproject.shared.Entities.Core
shared protegido,tesisproject.shared/Entities/Core/Convocation.cs,7,tesisproject.shared.Entities.Base,using tesisproject.shared.Entities.Base;
shared protegido,tesisproject.shared/Entities/Core/Convocation.cs,9,tesisproject.shared.Entities.Core,namespace tesisproject.shared.Entities.Core
shared protegido,tesisproject.shared/Entities/Core/ConvocationRule.cs,7,tesisproject.shared.Entities.Catalogs,using tesisproject.shared.Entities.Catalogs;
shared protegido,tesisproject.shared/Entities/Core/ConvocationRule.cs,10,tesisproject.shared.Entities.Core,namespace tesisproject.shared.Entities.Core
shared protegido,tesisproject.shared/Entities/Core/ConvocationRuleIndexing.cs,8,tesisproject.shared.Entities.Catalogs,using tesisproject.shared.Entities.Catalogs;
shared protegido,tesisproject.shared/Entities/Core/ConvocationRuleIndexing.cs,10,tesisproject.shared.Entities.Core,namespace tesisproject.shared.Entities.Core
shared protegido,tesisproject.shared/Entities/Core/Document.cs,4,tesisproject.shared.Entities.Catalogs,using tesisproject.shared.Entities.Catalogs;
shared protegido,tesisproject.shared/Entities/Core/Document.cs,6,tesisproject.shared.Entities.Core,namespace tesisproject.shared.Entities.Core
shared protegido,tesisproject.shared/Entities/Core/ExternalResearcher.cs,7,tesisproject.shared.Entities.Catalogs,using tesisproject.shared.Entities.Catalogs;
shared protegido,tesisproject.shared/Entities/Core/ExternalResearcher.cs,9,tesisproject.shared.Entities.Core,namespace tesisproject.shared.Entities.Core
shared protegido,tesisproject.shared/Entities/Core/ExternalResearcherProject.cs,8,tesisproject.shared.Entities.Core,namespace tesisproject.shared.Entities.Core
shared protegido,tesisproject.shared/Entities/Core/FacultyScope.cs,7,tesisproject.shared.Entities.Core,namespace tesisproject.shared.Entities.Core
shared protegido,tesisproject.shared/Entities/Core/FacultyScopeFaculty.cs,7,tesisproject.shared.Entities.Core,namespace tesisproject.shared.Entities.Core
shared protegido,tesisproject.shared/Entities/Core/Group.cs,7,tesisproject.shared.Entities.Catalogs,using tesisproject.shared.Entities.Catalogs;
shared protegido,tesisproject.shared/Entities/Core/Group.cs,9,tesisproject.shared.Entities.Core,namespace tesisproject.shared.Entities.Core
shared protegido,tesisproject.shared/Entities/Core/GroupMember.cs,7,tesisproject.shared.Entities.Catalogs,using tesisproject.shared.Entities.Catalogs;
shared protegido,tesisproject.shared/Entities/Core/GroupMember.cs,9,tesisproject.shared.Entities.Core,namespace tesisproject.shared.Entities.Core
shared protegido,tesisproject.shared/Entities/Core/ObjectiveActivity.cs,6,tesisproject.shared.Entities.Core,namespace tesisproject.shared.Entities.Core
shared protegido,tesisproject.shared/Entities/Core/ObjectiveActivityUser.cs,8,tesisproject.shared.Entities.Core,namespace tesisproject.shared.Entities.Core
shared protegido,tesisproject.shared/Entities/Core/ObjectiveActivityUser.cs,24,IdentityUser<int>,public int UserId { get; set; }                // FK → IdentityUser<int>
shared protegido,tesisproject.shared/Entities/Core/Products/Product.cs,7,tesisproject.shared.Entities.Catalogs,using tesisproject.shared.Entities.Catalogs;
shared protegido,tesisproject.shared/Entities/Core/Products/Product.cs,9,tesisproject.shared.Entities.Core.Products,namespace tesisproject.shared.Entities.Core.Products
shared protegido,tesisproject.shared/Entities/Core/Products/ProductAttributeDefinition.cs,7,tesisproject.shared.Entities.Catalogs,using tesisproject.shared.Entities.Catalogs;
shared protegido,tesisproject.shared/Entities/Core/Products/ProductAttributeDefinition.cs,10,tesisproject.shared.Entities.Core.Products,namespace tesisproject.shared.Entities.Core.Products
shared protegido,tesisproject.shared/Entities/Core/Products/ProductAuthor.cs,9,tesisproject.shared.Entities.Core.Products,namespace tesisproject.shared.Entities.Core.Products
shared protegido,tesisproject.shared/Entities/Core/Products/ProductValue.cs,9,tesisproject.shared.Entities.Core.Products,namespace tesisproject.shared.Entities.Core.Products
shared protegido,tesisproject.shared/Entities/Core/Project.cs,5,tesisproject.shared.Entities.Catalogs,using tesisproject.shared.Entities.Catalogs;
shared protegido,tesisproject.shared/Entities/Core/Project.cs,6,tesisproject.shared.Entities.Core.Products,using tesisproject.shared.Entities.Core.Products;
shared protegido,tesisproject.shared/Entities/Core/Project.cs,8,tesisproject.shared.Entities.Core,namespace tesisproject.shared.Entities.Core
shared protegido,tesisproject.shared/Entities/Core/ProjectDocument.cs,8,tesisproject.shared.Entities.Catalogs,using tesisproject.shared.Entities.Catalogs;
shared protegido,tesisproject.shared/Entities/Core/ProjectDocument.cs,10,tesisproject.shared.Entities.Core,namespace tesisproject.shared.Entities.Core
shared protegido,tesisproject.shared/Entities/Core/ProjectExtension.cs,7,tesisproject.shared.Entities.Catalogs,using tesisproject.shared.Entities.Catalogs;
shared protegido,tesisproject.shared/Entities/Core/ProjectExtension.cs,9,tesisproject.shared.Entities.Core,namespace tesisproject.shared.Entities.Core
shared protegido,tesisproject.shared/Entities/Core/ProjectObjective.cs,4,tesisproject.shared.Entities.Catalogs,using tesisproject.shared.Entities.Catalogs;
shared protegido,tesisproject.shared/Entities/Core/ProjectObjective.cs,6,tesisproject.shared.Entities.Core,namespace tesisproject.shared.Entities.Core
shared protegido,tesisproject.shared/Entities/Core/ProjectResearchCategory.cs,6,tesisproject.shared.Entities.Catalogs,using tesisproject.shared.Entities.Catalogs;
shared protegido,tesisproject.shared/Entities/Core/ProjectResearchCategory.cs,8,tesisproject.shared.Entities.Core,namespace tesisproject.shared.Entities.Core
shared protegido,tesisproject.shared/Entities/Core/UserFacultyScopeAssignment.cs,6,tesisproject.shared.Entities.Auth,using tesisproject.shared.Entities.Auth;
shared protegido,tesisproject.shared/Entities/Core/UserFacultyScopeAssignment.cs,8,tesisproject.shared.Entities.Core,namespace tesisproject.shared.Entities.Core
shared protegido,tesisproject.shared/Entities/Core/Visit.cs,4,tesisproject.shared.Entities.Catalogs,using tesisproject.shared.Entities.Catalogs;
shared protegido,tesisproject.shared/Entities/Core/Visit.cs,5,tesisproject.shared.Entities.Core.Products,using tesisproject.shared.Entities.Core.Products;
shared protegido,tesisproject.shared/Entities/Core/Visit.cs,7,tesisproject.shared.Entities.Core,namespace tesisproject.shared.Entities.Core
shared protegido,tesisproject.shared/Entities/Core/Visit.cs,25,AcademicPeriodId,public int? AcademicPeriodId { get; set; }        // id_periodo_academico (FK -> AcademicPeriod catálogo)
shared protegido,tesisproject.shared/Entities/Core/VisitIssue.cs,9,tesisproject.shared.Entities.Core,namespace tesisproject.shared.Entities.Core
shared protegido,tesisproject.shared/Entities/Core/VisitObjectiveActivityProgress.cs,8,tesisproject.shared.Entities.Core,namespace tesisproject.shared.Entities.Core
shared protegido,tesisproject.shared/Entities/Export/ExportField.cs,8,tesisproject.shared.Entities.Export,namespace tesisproject.shared.Entities.Export
shared protegido,tesisproject.shared/Entities/Export/ExportTemplate.cs,8,tesisproject.shared.Entities.Export,namespace tesisproject.shared.Entities.Export
shared protegido,tesisproject.shared/Entities/Export/ExportTemplateColumn.cs,9,tesisproject.shared.Entities.Export,namespace tesisproject.shared.Entities.Export
shared protegido,tesisproject.shared/Entities/External/ExternalAcademicPeriodModel.cs,8,tesisproject.shared.Entities.External,namespace tesisproject.shared.Entities.External
shared protegido,tesisproject.shared/Entities/External/ExternalFacultyCareerFlatModel.cs,3,tesisproject.shared.Entities.External,namespace tesisproject.shared.Entities.External
shared protegido,tesisproject.shared/Entities/External/ExternalTeacherDistributivoModel.cs,8,tesisproject.shared.Entities.External,namespace tesisproject.shared.Entities.External
shared protegido,tesisproject.shared/Entities/External/ExternalTeacherFacultyCareerModel.cs,8,tesisproject.shared.Entities.External,namespace tesisproject.shared.Entities.External
shared protegido,tesisproject.shared/Entities/External/ExternalUserProfileModel.cs,9,tesisproject.shared.Entities.External,namespace tesisproject.shared.Entities.External
tests,tests/tesisproject.unifiedmodeltests/DatabaseValidation.cs,114,IdentityUser<int>,"var identity = new IdentityUser<int> { UserName = $""unified-{suffix}"", NormalizedUserName = $""UNIFIED-{suffix}"", SecurityStamp = Guid.NewGuid().ToString() };"
tests,tests/tesisproject.unifiedmodeltests/Program.cs,35,ArticleParticipant,"Check(!entities.Any(e => e.ClrType.Name.Contains(""ArticleParticipant"")), ""Legacy participant/authentication model leaked"");"
tests,tests/tesisproject.unifiedmodeltests/Program.cs,63,AppDbContext,using var originalProjects = new AppDbContext(new DbContextOptionsBuilder<AppDbContext>()
tests,tests/tesisproject.unifiedmodeltests/Program.cs,63,AppDbContext,using var originalProjects = new AppDbContext(new DbContextOptionsBuilder<AppDbContext>()
tests,tests/tesisproject.unifiedmodeltests/Program.cs,65,tesisproject.backend.Data.Articles.ArticlesDbContext,using var originalArticles = new tesisproject.backend.Data.Articles.ArticlesDbContext(
tests,tests/tesisproject.unifiedmodeltests/Program.cs,66,tesisproject.backend.Data.Articles.ArticlesDbContext,new DbContextOptionsBuilder<tesisproject.backend.Data.Articles.ArticlesDbContext>()
tests,tests/tesisproject.unifiedmodeltests/Program.cs,71,tesisproject.backend.Data.Articles.Entities.ArticleParticipant,"Check(originalArticles.Model.FindEntityType(typeof(tesisproject.backend.Data.Articles.Entities.ArticleParticipant)) != null,"
tests,tests/tesisproject.unifiedmodeltests/Program.cs,72,ArticleParticipants,"""Existing ArticleParticipants must remain available"");"
tests,tests/tesisproject.unifiedmodeltests/Program.cs,78,ArticleParticipant,"""ArticleParticipant"" => ""ProductAuthor"","
tests,tests/tesisproject.unifiedmodeltests/Program.cs,79,ArticleParticipantDynamicFieldValue,"""ArticleParticipantDynamicFieldValue"" => ""ProductAuthorDynamicFieldValue"","
tests,tests/tesisproject.unifiedmodeltests/Program.cs,117,IdentityUser<int>,"Check(Entity<IdentityUser<int>>().GetTableName() == ""AspNetUsers"", ""Identity is missing"");"
tests,tests/tesisproject.unifiedmodeltests/Program.cs,118,IdentityUser<int>,"Check(Fk<AppUser, IdentityUser<int>>(""IdLocal"") is { IsRequired: false }, ""Local identity bridge FK missing"");"
tests,tests/tesisproject.unifiedmodeltests/Program.cs,119,IdentityUser<int>,"Check(Fk<RefreshToken, IdentityUser<int>>(""UserId"").IsRequired, ""Refresh token FK missing"");"
