controller,unified,endpoint,route,verb,requestLegacy,requestUnified,responseLegacy,responseUnified,authorization,metadata,legacyService,unifiedService,statusCodes,classification,compatibility,note
AcademicPeriodsController,UnifiedAcademicPeriodsController,List,api/academicperiods,GET,Boolean onlyActives default=True [Microsoft.AspNetCore.Mvc.FromQueryAttribute()];CancellationToken ct default= ,Boolean onlyActives default=True [Microsoft.AspNetCore.Mvc.FromQueryAttribute()];CancellationToken ct default= ,Task<ActionResult<ServiceResult<IReadOnlyList<AcademicPeriodListItemDTO>>>>,Task<ActionResult<ServiceResult<IReadOnlyList<AcademicPeriodListItemDTO>>>>,"roles=superadmin,policy=,schemes=;","HttpGetAttribute:HttpMethods=GET,Template=,Order=0,Name=",IExternalPeriodsClient.GetAllAsync,IExternalPeriodsClient.GetAllAsync,200;400;401;403;404;409;500 (ServiceResult),DIRECT,COMPATIBLE,"DTO, route, verb, binding, authorization and ServiceResult mapping preserved."
AcademicPeriodsController,UnifiedAcademicPeriodsController,GetById,api/academicperiods/{id:int},GET,Int32 id default= ;CancellationToken ct default= ,Int32 id default= ;CancellationToken ct default= ,Task<ActionResult<ServiceResult<AcademicPeriodListItemDTO>>>,Task<ActionResult<ServiceResult<AcademicPeriodListItemDTO>>>,"roles=superadmin,policy=,schemes=;","HttpGetAttribute:HttpMethods=GET,Template={id:int},Order=0,Name=",IExternalPeriodsClient.GetByIdAsync,IExternalPeriodsClient.GetByIdAsync,200;400;401;403;404;409;500 (ServiceResult),DIRECT,COMPATIBLE,"DTO, route, verb, binding, authorization and ServiceResult mapping preserved."
AcademicPeriodsController,UnifiedAcademicPeriodsController,GetKeyValues,api/academicperiods/keyvalues,GET,String term default= [Microsoft.AspNetCore.Mvc.FromQueryAttribute()];Nullable<Int32> take default= [Microsoft.AspNetCore.Mvc.FromQueryAttribute()];CancellationToken ct default= ,String term default= [Microsoft.AspNetCore.Mvc.FromQueryAttribute()];Nullable<Int32> take default= [Microsoft.AspNetCore.Mvc.FromQueryAttribute()];CancellationToken ct default= ,Task<ActionResult<ServiceResult<List<KeyValueItemDTO>>>>,Task<ActionResult<ServiceResult<List<KeyValueItemDTO>>>>,"roles=superadmin,policy=,schemes=;","HttpGetAttribute:HttpMethods=GET,Template=keyvalues,Order=0,Name=",IExternalPeriodsClient.GetAllAsync,IExternalPeriodsClient.GetAllAsync,200;400;401;403;404;409;500 (ServiceResult),DIRECT,COMPATIBLE,"DTO, route, verb, binding, authorization and ServiceResult mapping preserved."
AcademicPeriodsController,UnifiedAcademicPeriodsController,Create,api/academicperiods,POST,AcademicPeriodCreateRequestDTO body default= ;CancellationToken ct default= ,AcademicPeriodCreateRequestDTO body default= ;CancellationToken ct default= ,Task<ActionResult<ServiceResult<AcademicPeriodListItemDTO>>>,Task<ActionResult<ServiceResult<AcademicPeriodListItemDTO>>>,"roles=superadmin,policy=,schemes=;","HttpPostAttribute:HttpMethods=POST,Template=,Order=0,Name=",,,500 unsupported;401/403 authorization,DIRECT,COMPATIBLE,"DTO, route, verb, binding, authorization and ServiceResult mapping preserved."
AcademicPeriodsController,UnifiedAcademicPeriodsController,Update,api/academicperiods/{id:int},PUT,Int32 id default= ;AcademicPeriodUpdateRequestDTO body default= ;CancellationToken ct default= ,Int32 id default= ;AcademicPeriodUpdateRequestDTO body default= ;CancellationToken ct default= ,Task<ActionResult<ServiceResult<AcademicPeriodListItemDTO>>>,Task<ActionResult<ServiceResult<AcademicPeriodListItemDTO>>>,"roles=superadmin,policy=,schemes=;","HttpPutAttribute:HttpMethods=PUT,Template={id:int},Order=0,Name=",,,500 unsupported;401/403 authorization,DIRECT,COMPATIBLE,"DTO, route, verb, binding, authorization and ServiceResult mapping preserved."
AuthController,UnifiedAuthController,Register,api/auth/register,POST,RegisterRequest dto default= [Microsoft.AspNetCore.Mvc.FromBodyAttribute()];CancellationToken ct default= ,RegisterRequest dto default= [Microsoft.AspNetCore.Mvc.FromBodyAttribute()];CancellationToken ct default= ,Task<ActionResult<ServiceResult<AuthResponse>>>,Task<ActionResult<ServiceResult<AuthResponse>>>,;,"HttpPostAttribute:HttpMethods=POST,Template=register,Order=0,Name=;ProducesResponseTypeAttribute:Type=tesisproject.shared.Responses.ServiceResult`1[tesisproject.shared.DTOs.Auth.AuthResponse],StatusCode=200;ProducesResponseTypeAttribute:Type=tesisproject.shared.Responses.ServiceResult`1[tesisproject.shared.DTOs.Auth.AuthResponse],StatusCode=400",IAuthService.RegisterAsync,IUnifiedAuthService.RegisterAsync,200;400;401;403;404;409;500 (ServiceResult),IDENTITY_BOUNDARY,INTENTIONAL_CHANGE,Unified Identity boundary may return explicit mapping/role/pending-change failures using unchanged ServiceResult error contract.
AuthController,UnifiedAuthController,Login,api/auth/login,POST,LoginRequest dto default= [Microsoft.AspNetCore.Mvc.FromBodyAttribute()];CancellationToken ct default= ,LoginRequest dto default= [Microsoft.AspNetCore.Mvc.FromBodyAttribute()];CancellationToken ct default= ,Task<ActionResult<ServiceResult<AuthResponse>>>,Task<ActionResult<ServiceResult<AuthResponse>>>,;;anonymous,"AllowAnonymousAttribute:;HttpPostAttribute:HttpMethods=POST,Template=login,Order=0,Name=;ProducesResponseTypeAttribute:Type=tesisproject.shared.Responses.ServiceResult`1[tesisproject.shared.DTOs.Auth.AuthResponse],StatusCode=200;ProducesResponseTypeAttribute:Type=tesisproject.shared.Responses.ServiceResult`1[tesisproject.shared.DTOs.Auth.AuthResponse],StatusCode=400;ProducesResponseTypeAttribute:Type=tesisproject.shared.Responses.ServiceResult`1[tesisproject.shared.DTOs.Auth.AuthResponse],StatusCode=401",IAuthService.LoginAsync,IUnifiedAuthService.LoginAsync,200;400;401;403;404;409;500 (ServiceResult),IDENTITY_BOUNDARY,COMPATIBLE,"DTO, route, verb, binding, authorization and ServiceResult mapping preserved."
AuthController,UnifiedAuthController,Refresh,api/auth/refresh,POST,CancellationToken ct default= ,CancellationToken ct default= ,Task<ActionResult<ServiceResult<AuthResponse>>>,Task<ActionResult<ServiceResult<AuthResponse>>>,;;anonymous,"AllowAnonymousAttribute:;HttpPostAttribute:HttpMethods=POST,Template=refresh,Order=0,Name=;ProducesResponseTypeAttribute:Type=tesisproject.shared.Responses.ServiceResult`1[tesisproject.shared.DTOs.Auth.AuthResponse],StatusCode=200;ProducesResponseTypeAttribute:Type=tesisproject.shared.Responses.ServiceResult`1[tesisproject.shared.DTOs.Auth.AuthResponse],StatusCode=401",IAuthService.RefreshAsync,IUnifiedAuthService.RefreshAsync,200;400;401;403;404;409;500 (ServiceResult),IDENTITY_BOUNDARY,COMPATIBLE,"DTO, route, verb, binding, authorization and ServiceResult mapping preserved."
AuthController,UnifiedAuthController,Logout,api/auth/logout,POST,CancellationToken ct default= ,CancellationToken ct default= ,Task<ActionResult<ServiceResult<NoContent>>>,Task<ActionResult<ServiceResult<NoContent>>>,";roles=,policy=,schemes=","AuthorizeAttribute:Policy=,Roles=,AuthenticationSchemes=;HttpPostAttribute:HttpMethods=POST,Template=logout,Order=0,Name=;ProducesResponseTypeAttribute:Type=tesisproject.shared.Responses.ServiceResult`1[tesisproject.shared.Responses.NoContent],StatusCode=200;ProducesResponseTypeAttribute:Type=tesisproject.shared.Responses.ServiceResult`1[tesisproject.shared.Responses.NoContent],StatusCode=401",IAuthService.RevokeAsync,IUnifiedAuthService.RevokeAsync,200;400;401;403;404;409;500 (ServiceResult),IDENTITY_BOUNDARY,COMPATIBLE,"DTO, route, verb, binding, authorization and ServiceResult mapping preserved."
BudgetsController,UnifiedBudgetsController,Create,api/budgets,POST,CreateBudgetRequestDTO request default= [Microsoft.AspNetCore.Mvc.FromBodyAttribute()];CancellationToken ct default= ,CreateBudgetRequestDTO request default= [Microsoft.AspNetCore.Mvc.FromBodyAttribute()];CancellationToken ct default= ,Task<ActionResult<ServiceResult<BudgetDTO>>>,Task<ActionResult<ServiceResult<BudgetDTO>>>,"roles=superadmin,policy=,schemes=;","HttpPostAttribute:HttpMethods=POST,Template=,Order=0,Name=",IBudgetService.CreateAsync,IUnifiedBudgetService.CreateAsync,200;400;401;403;404;409;500 (ServiceResult),DIRECT,COMPATIBLE,"DTO, route, verb, binding, authorization and ServiceResult mapping preserved."
BudgetsController,UnifiedBudgetsController,GetById,api/budgets/{id:int},GET,Int32 id default= ;CancellationToken ct default= ,Int32 id default= ;CancellationToken ct default= ,Task<ActionResult<ServiceResult<BudgetDTO>>>,Task<ActionResult<ServiceResult<BudgetDTO>>>,"roles=superadmin,policy=,schemes=;","HttpGetAttribute:HttpMethods=GET,Template={id:int},Order=0,Name=",IBudgetService.GetByIdAsync,IUnifiedBudgetService.GetByIdAsync,200;400;401;403;404;409;500 (ServiceResult),DIRECT,COMPATIBLE,"DTO, route, verb, binding, authorization and ServiceResult mapping preserved."
BudgetsController,UnifiedBudgetsController,List,api/budgets,GET,CancellationToken ct default= ,CancellationToken ct default= ,Task<ActionResult<ServiceResult<List<BudgetListItemDTO>>>>,Task<ActionResult<ServiceResult<List<BudgetListItemDTO>>>>,"roles=superadmin,policy=,schemes=;","HttpGetAttribute:HttpMethods=GET,Template=,Order=0,Name=",IBudgetService.GetAllAsync,IUnifiedBudgetService.GetAllAsync,200;400;401;403;404;409;500 (ServiceResult),DIRECT,COMPATIBLE,"DTO, route, verb, binding, authorization and ServiceResult mapping preserved."
BudgetsController,UnifiedBudgetsController,GetByProjectId,api/budgets/project/{projectId:int},GET,Int32 projectId default= ;CancellationToken ct default= ,Int32 projectId default= ;CancellationToken ct default= ,Task<ActionResult<ServiceResult<List<BudgetDTO>>>>,Task<ActionResult<ServiceResult<List<BudgetDTO>>>>,"roles=superadmin,policy=,schemes=;","HttpGetAttribute:HttpMethods=GET,Template=project/{projectId:int},Order=0,Name=",IBudgetService.GetByProjectIdAsync,IUnifiedBudgetService.GetByProjectIdAsync,200;400;401;403;404;409;500 (ServiceResult),DIRECT,COMPATIBLE,"DTO, route, verb, binding, authorization and ServiceResult mapping preserved."
BudgetsController,UnifiedBudgetsController,Update,api/budgets/{id:int},PUT,Int32 id default= ;UpdateBudgetRequestDTO request default= [Microsoft.AspNetCore.Mvc.FromBodyAttribute()];CancellationToken ct default= ,Int32 id default= ;UpdateBudgetRequestDTO request default= [Microsoft.AspNetCore.Mvc.FromBodyAttribute()];CancellationToken ct default= ,Task<ActionResult<ServiceResult<BudgetDTO>>>,Task<ActionResult<ServiceResult<BudgetDTO>>>,"roles=superadmin,policy=,schemes=;","HttpPutAttribute:HttpMethods=PUT,Template={id:int},Order=0,Name=",IBudgetService.UpdateAsync,IUnifiedBudgetService.UpdateAsync,200;400;401;403;404;409;500 (ServiceResult),DIRECT,COMPATIBLE,"DTO, route, verb, binding, authorization and ServiceResult mapping preserved."
BudgetsController,UnifiedBudgetsController,Delete,api/budgets/{id:int},DELETE,Int32 id default= ;CancellationToken ct default= ,Int32 id default= ;CancellationToken ct default= ,Task<ActionResult<ServiceResult<NoContent>>>,Task<ActionResult<ServiceResult<NoContent>>>,"roles=superadmin,policy=,schemes=;","HttpDeleteAttribute:HttpMethods=DELETE,Template={id:int},Order=0,Name=",IBudgetService.DeleteAsync,IUnifiedBudgetService.DeleteAsync,200;400;401;403;404;409;500 (ServiceResult),DIRECT,COMPATIBLE,"DTO, route, verb, binding, authorization and ServiceResult mapping preserved."
BudgetsController,UnifiedBudgetsController,AddCertification,api/budgets/{budgetId:int}/certifications,POST,Int32 budgetId default= ;AddCertificationRequestDTO request default= [Microsoft.AspNetCore.Mvc.FromBodyAttribute()];CancellationToken ct default= ,Int32 budgetId default= ;AddCertificationRequestDTO request default= [Microsoft.AspNetCore.Mvc.FromBodyAttribute()];CancellationToken ct default= ,Task<ActionResult<ServiceResult<BudgetTransactionDTO>>>,Task<ActionResult<ServiceResult<BudgetTransactionDTO>>>,"roles=superadmin,policy=,schemes=;","HttpPostAttribute:HttpMethods=POST,Template={budgetId:int}/certifications,Order=0,Name=",IBudgetService.AddCertificationAsync,IUnifiedBudgetService.AddCertificationAsync,200;400;401;403;404;409;500 (ServiceResult),DIRECT,COMPATIBLE,"DTO, route, verb, binding, authorization and ServiceResult mapping preserved."
BudgetsController,UnifiedBudgetsController,ExecuteDevengado,api/budgets/transactions/{transactionId:int}/devengar,POST,Int32 transactionId default= ;ExecuteDevengadoRequestDTO request default= [Microsoft.AspNetCore.Mvc.FromBodyAttribute()];CancellationToken ct default= ,Int32 transactionId default= ;ExecuteDevengadoRequestDTO request default= [Microsoft.AspNetCore.Mvc.FromBodyAttribute()];CancellationToken ct default= ,Task<ActionResult<ServiceResult<BudgetTransactionDTO>>>,Task<ActionResult<ServiceResult<BudgetTransactionDTO>>>,"roles=superadmin,policy=,schemes=;","HttpPostAttribute:HttpMethods=POST,Template=transactions/{transactionId:int}/devengar,Order=0,Name=",IBudgetService.ExecuteDevengadoAsync,IUnifiedBudgetService.ExecuteDevengadoAsync,200;400;401;403;404;409;500 (ServiceResult),DIRECT,COMPATIBLE,"DTO, route, verb, binding, authorization and ServiceResult mapping preserved."
BudgetsController,UnifiedBudgetsController,GetTransactions,api/budgets/{budgetId:int}/transactions,GET,Int32 budgetId default= ;CancellationToken ct default= ,Int32 budgetId default= ;CancellationToken ct default= ,Task<ActionResult<ServiceResult<List<BudgetTransactionDTO>>>>,Task<ActionResult<ServiceResult<List<BudgetTransactionDTO>>>>,"roles=superadmin,policy=,schemes=;","HttpGetAttribute:HttpMethods=GET,Template={budgetId:int}/transactions,Order=0,Name=",IBudgetService.GetTransactionsAsync,IUnifiedBudgetService.GetTransactionsAsync,200;400;401;403;404;409;500 (ServiceResult),DIRECT,COMPATIBLE,"DTO, route, verb, binding, authorization and ServiceResult mapping preserved."
BudgetsController,UnifiedBudgetsController,CancelTransaction,api/budgets/transactions/{transactionId:int}/cancel,PUT,Int32 transactionId default= ;CancellationToken ct default= ,Int32 transactionId default= ;CancellationToken ct default= ,Task<ActionResult<ServiceResult<BudgetTransactionDTO>>>,Task<ActionResult<ServiceResult<BudgetTransactionDTO>>>,"roles=superadmin,policy=,schemes=;","HttpPutAttribute:HttpMethods=PUT,Template=transactions/{transactionId:int}/cancel,Order=0,Name=",IBudgetService.CancelTransactionAsync,IUnifiedBudgetService.CancelTransactionAsync,200;400;401;403;404;409;500 (ServiceResult),DIRECT,COMPATIBLE,"DTO, route, verb, binding, authorization and ServiceResult mapping preserved."
BudgetsController,UnifiedBudgetsController,UpdateTransaction,api/budgets/transactions/{transactionId:int},PUT,Int32 transactionId default= ;UpdateBudgetTransactionRequestDTO request default= [Microsoft.AspNetCore.Mvc.FromBodyAttribute()];CancellationToken ct default= ,Int32 transactionId default= ;UpdateBudgetTransactionRequestDTO request default= [Microsoft.AspNetCore.Mvc.FromBodyAttribute()];CancellationToken ct default= ,Task<ActionResult<ServiceResult<BudgetTransactionDTO>>>,Task<ActionResult<ServiceResult<BudgetTransactionDTO>>>,"roles=superadmin,policy=,schemes=;","HttpPutAttribute:HttpMethods=PUT,Template=transactions/{transactionId:int},Order=0,Name=",IBudgetService.UpdateTransactionAsync,IUnifiedBudgetService.UpdateTransactionAsync,200;400;401;403;404;409;500 (ServiceResult),DIRECT,COMPATIBLE,"DTO, route, verb, binding, authorization and ServiceResult mapping preserved."
ConvocationsController,UnifiedConvocationsController,GetAll,api/convocations,GET,CancellationToken ct default= ,CancellationToken ct default= ,Task<ActionResult<ServiceResult<IReadOnlyList<ConvocationListItemResponseDTO>>>>,Task<ActionResult<ServiceResult<IReadOnlyList<ConvocationListItemResponseDTO>>>>,"roles=superadmin,policy=,schemes=;","HttpGetAttribute:HttpMethods=GET,Template=,Order=0,Name=",IConvocationService.ListAsync,IUnifiedConvocationService.ListAsync,200;400;401;403;404;409;500 (ServiceResult),DIRECT,COMPATIBLE,"DTO, route, verb, binding, authorization and ServiceResult mapping preserved."
ConvocationsController,UnifiedConvocationsController,GetById,api/convocations/{id:int},GET,Int32 id default= ;CancellationToken ct default= ,Int32 id default= ;CancellationToken ct default= ,Task<ActionResult<ServiceResult<ConvocationDetailResponseDTO>>>,Task<ActionResult<ServiceResult<ConvocationDetailResponseDTO>>>,"roles=superadmin,policy=,schemes=;","HttpGetAttribute:HttpMethods=GET,Template={id:int},Order=0,Name=",IConvocationService.GetByIdAsync,IUnifiedConvocationService.GetByIdAsync,200;400;401;403;404;409;500 (ServiceResult),DIRECT,COMPATIBLE,"DTO, route, verb, binding, authorization and ServiceResult mapping preserved."
ConvocationsController,UnifiedConvocationsController,Create,api/convocations,POST,ConvocationCreateRequestDTO body default= [Microsoft.AspNetCore.Mvc.FromBodyAttribute()];CancellationToken ct default= ,ConvocationCreateRequestDTO body default= [Microsoft.AspNetCore.Mvc.FromBodyAttribute()];CancellationToken ct default= ,Task<ActionResult<ServiceResult<ConvocationDetailResponseDTO>>>,Task<ActionResult<ServiceResult<ConvocationDetailResponseDTO>>>,"roles=superadmin,policy=,schemes=;","HttpPostAttribute:HttpMethods=POST,Template=,Order=0,Name=",IConvocationService.CreateAsync,IUnifiedConvocationService.CreateAsync,200;400;401;403;404;409;500 (ServiceResult),DIRECT,COMPATIBLE,"DTO, route, verb, binding, authorization and ServiceResult mapping preserved."
ConvocationsController,UnifiedConvocationsController,Update,api/convocations/{id:int},PUT,Int32 id default= ;ConvocationUpdateRequestDTO body default= [Microsoft.AspNetCore.Mvc.FromBodyAttribute()];CancellationToken ct default= ,Int32 id default= ;ConvocationUpdateRequestDTO body default= [Microsoft.AspNetCore.Mvc.FromBodyAttribute()];CancellationToken ct default= ,Task<ActionResult<ServiceResult<ConvocationDetailResponseDTO>>>,Task<ActionResult<ServiceResult<ConvocationDetailResponseDTO>>>,"roles=superadmin,policy=,schemes=;","HttpPutAttribute:HttpMethods=PUT,Template={id:int},Order=0,Name=",IConvocationService.UpdateAsync,IUnifiedConvocationService.UpdateAsync,200;400;401;403;404;409;500 (ServiceResult),DIRECT,COMPATIBLE,"DTO, route, verb, binding, authorization and ServiceResult mapping preserved."
ConvocationsController,UnifiedConvocationsController,ActivateExclusive,api/convocations/{id:int}/activate,POST,Int32 id default= ;CancellationToken ct default= ,Int32 id default= ;CancellationToken ct default= ,Task<ActionResult<ServiceResult<NoContent>>>,Task<ActionResult<ServiceResult<NoContent>>>,"roles=superadmin,policy=,schemes=;","HttpPostAttribute:HttpMethods=POST,Template={id:int}/activate,Order=0,Name=",IConvocationService.ActivateExclusiveAsync,IUnifiedConvocationService.ActivateExclusiveAsync,200;400;401;403;404;409;500 (ServiceResult),DIRECT,COMPATIBLE,"DTO, route, verb, binding, authorization and ServiceResult mapping preserved."
ConvocationsController,UnifiedConvocationsController,AddRule,api/convocations/{id:int}/rules,POST,Int32 id default= ;ConvocationRuleCreateRequestDTO body default= [Microsoft.AspNetCore.Mvc.FromBodyAttribute()];CancellationToken ct default= ,Int32 id default= ;ConvocationRuleCreateRequestDTO body default= [Microsoft.AspNetCore.Mvc.FromBodyAttribute()];CancellationToken ct default= ,Task<ActionResult<ServiceResult<ConvocationRuleResponseDTO>>>,Task<ActionResult<ServiceResult<ConvocationRuleResponseDTO>>>,"roles=superadmin,policy=,schemes=;","HttpPostAttribute:HttpMethods=POST,Template={id:int}/rules,Order=0,Name=",IConvocationService.AddRuleAsync,IUnifiedConvocationService.AddRuleAsync,200;400;401;403;404;409;500 (ServiceResult),DIRECT,COMPATIBLE,"DTO, route, verb, binding, authorization and ServiceResult mapping preserved."
ConvocationsController,UnifiedConvocationsController,UpdateRule,api/convocations/{id:int}/rules/{ruleId:int},PUT,Int32 id default= ;Int32 ruleId default= ;ConvocationRuleUpdateRequestDTO body default= [Microsoft.AspNetCore.Mvc.FromBodyAttribute()];CancellationToken ct default= ,Int32 id default= ;Int32 ruleId default= ;ConvocationRuleUpdateRequestDTO body default= [Microsoft.AspNetCore.Mvc.FromBodyAttribute()];CancellationToken ct default= ,Task<ActionResult<ServiceResult<ConvocationRuleResponseDTO>>>,Task<ActionResult<ServiceResult<ConvocationRuleResponseDTO>>>,"roles=superadmin,policy=,schemes=;","HttpPutAttribute:HttpMethods=PUT,Template={id:int}/rules/{ruleId:int},Order=0,Name=",IConvocationService.UpdateRuleAsync,IUnifiedConvocationService.UpdateRuleAsync,200;400;401;403;404;409;500 (ServiceResult),DIRECT,COMPATIBLE,"DTO, route, verb, binding, authorization and ServiceResult mapping preserved."
ConvocationsController,UnifiedConvocationsController,RemoveRule,api/convocations/{id:int}/rules/{ruleId:int},DELETE,Int32 id default= ;Int32 ruleId default= ;CancellationToken ct default= ,Int32 id default= ;Int32 ruleId default= ;CancellationToken ct default= ,Task<ActionResult<ServiceResult<NoContent>>>,Task<ActionResult<ServiceResult<NoContent>>>,"roles=superadmin,policy=,schemes=;","HttpDeleteAttribute:HttpMethods=DELETE,Template={id:int}/rules/{ruleId:int},Order=0,Name=",IConvocationService.RemoveRuleAsync,IUnifiedConvocationService.RemoveRuleAsync,200;400;401;403;404;409;500 (ServiceResult),DIRECT,COMPATIBLE,"DTO, route, verb, binding, authorization and ServiceResult mapping preserved."
CountriesController,UnifiedCountriesController,List,api/countries,GET,Boolean onlyActives default=True [Microsoft.AspNetCore.Mvc.FromQueryAttribute()];CancellationToken ct default= ,Boolean onlyActives default=True [Microsoft.AspNetCore.Mvc.FromQueryAttribute()];CancellationToken ct default= ,Task<ActionResult<ServiceResult<IReadOnlyList<CountryListItemDTO>>>>,Task<ActionResult<ServiceResult<IReadOnlyList<CountryListItemDTO>>>>,"roles=superadmin,policy=,schemes=;","HttpGetAttribute:HttpMethods=GET,Template=,Order=0,Name=",ICountryService.ListAsync,IUnifiedCountryService.ListAsync,200;400;401;403;404;409;500 (ServiceResult),DIRECT,COMPATIBLE,"DTO, route, verb, binding, authorization and ServiceResult mapping preserved."
CountriesController,UnifiedCountriesController,GetById,api/countries/{id:int},GET,Int32 id default= ;CancellationToken ct default= ,Int32 id default= ;CancellationToken ct default= ,Task<ActionResult<ServiceResult<CountryDetailDTO>>>,Task<ActionResult<ServiceResult<CountryDetailDTO>>>,"roles=superadmin,policy=,schemes=;","HttpGetAttribute:HttpMethods=GET,Template={id:int},Order=0,Name=",ICountryService.GetByIdAsync,IUnifiedCountryService.GetByIdAsync,200;400;401;403;404;409;500 (ServiceResult),DIRECT,COMPATIBLE,"DTO, route, verb, binding, authorization and ServiceResult mapping preserved."
CountriesController,UnifiedCountriesController,GetKeyValues,api/countries/keyvalues,GET,String term default= [Microsoft.AspNetCore.Mvc.FromQueryAttribute()];Nullable<Int32> take default= [Microsoft.AspNetCore.Mvc.FromQueryAttribute()];CancellationToken ct default= ,String term default= [Microsoft.AspNetCore.Mvc.FromQueryAttribute()];Nullable<Int32> take default= [Microsoft.AspNetCore.Mvc.FromQueryAttribute()];CancellationToken ct default= ,Task<ActionResult<ServiceResult<List<KeyValueItemDTO>>>>,Task<ActionResult<ServiceResult<List<KeyValueItemDTO>>>>,"roles=superadmin,policy=,schemes=;","HttpGetAttribute:HttpMethods=GET,Template=keyvalues,Order=0,Name=",ICountryService.GetKeyValuesAsync,IUnifiedCountryService.GetKeyValuesAsync,200;400;401;403;404;409;500 (ServiceResult),DIRECT,COMPATIBLE,"DTO, route, verb, binding, authorization and ServiceResult mapping preserved."
CountriesController,UnifiedCountriesController,Create,api/countries,POST,AddCountryRequestDTO body default= ;CancellationToken ct default= ,AddCountryRequestDTO body default= ;CancellationToken ct default= ,Task<ActionResult<ServiceResult<CountryDetailDTO>>>,Task<ActionResult<ServiceResult<CountryDetailDTO>>>,"roles=superadmin,policy=,schemes=;","HttpPostAttribute:HttpMethods=POST,Template=,Order=0,Name=",ICountryService.CreateAsync,IUnifiedCountryService.CreateAsync,200;400;401;403;404;409;500 (ServiceResult),DIRECT,COMPATIBLE,"DTO, route, verb, binding, authorization and ServiceResult mapping preserved."
CountriesController,UnifiedCountriesController,Update,api/countries/{id:int},PUT,Int32 id default= ;UpdateCountryRequestDTO body default= ;CancellationToken ct default= ,Int32 id default= ;UpdateCountryRequestDTO body default= ;CancellationToken ct default= ,Task<ActionResult<ServiceResult<CountryDetailDTO>>>,Task<ActionResult<ServiceResult<CountryDetailDTO>>>,"roles=superadmin,policy=,schemes=;","HttpPutAttribute:HttpMethods=PUT,Template={id:int},Order=0,Name=",ICountryService.UpdateAsync,IUnifiedCountryService.UpdateAsync,200;400;401;403;404;409;500 (ServiceResult),DIRECT,COMPATIBLE,"DTO, route, verb, binding, authorization and ServiceResult mapping preserved."
DocumentRecognitionController,UnifiedDocumentRecognitionController,AnalyzeResolution,api/documentrecognition/analyze-resolution,POST,IFormFile file default= ;CancellationToken ct default= ,IFormFile file default= ;CancellationToken ct default= ,Task<ActionResult<ServiceResult<ResolutionInfo>>>,Task<ActionResult<ServiceResult<ResolutionInfo>>>,"roles=superadmin,policy=,schemes=;","HttpPostAttribute:HttpMethods=POST,Template=analyze-resolution,Order=0,Name=",IDocumentRecognitionService.RecognizeResolutionAsync,IUnifiedDocumentRecognitionService.RecognizeResolutionAsync,200;400;401;403;404;409;500 (ServiceResult),DIRECT,COMPATIBLE,"DTO, route, verb, binding, authorization and ServiceResult mapping preserved."
DocumentRecognitionController,UnifiedDocumentRecognitionController,AnalyzeDideProject,api/documentrecognition/analyze-dide-project,POST,IFormFile file default= ;CancellationToken ct default= ,IFormFile file default= ;CancellationToken ct default= ,Task<ActionResult<ServiceResult<DideProjectFormInfo>>>,Task<ActionResult<ServiceResult<DideProjectFormInfo>>>,"roles=superadmin,policy=,schemes=;","HttpPostAttribute:HttpMethods=POST,Template=analyze-dide-project,Order=0,Name=",IDocumentRecognitionService.RecognizeDideProjectAsync,IUnifiedDocumentRecognitionService.RecognizeDideProjectAsync,200;400;401;403;404;409;500 (ServiceResult),DIRECT,COMPATIBLE,"DTO, route, verb, binding, authorization and ServiceResult mapping preserved."
DocumentsController,UnifiedDocumentsController,Create,api/documents,POST,UploadDocumentRequestDTO request default= [Microsoft.AspNetCore.Mvc.FromFormAttribute()];CancellationToken ct default= ,UploadDocumentRequestDTO request default= [Microsoft.AspNetCore.Mvc.FromFormAttribute()];CancellationToken ct default= ,Task<ActionResult<ServiceResult<DocumentResponseDTO>>>,Task<ActionResult<ServiceResult<DocumentResponseDTO>>>,"roles=superadmin,policy=,schemes=;","ConsumesAttribute:ContentTypes=multipart/form-data,IsOptional=False;HttpPostAttribute:HttpMethods=POST,Template=,Order=0,Name=",IDocumentService.UploadAsync,IUnifiedDocumentService.UploadAsync,200;400;401;403;404;409;500 (ServiceResult),DIRECT,COMPATIBLE,"DTO, route, verb, binding, authorization and ServiceResult mapping preserved."
DocumentsController,UnifiedDocumentsController,GetById,api/documents/{id:int},GET,Int32 id default= ;CancellationToken ct default= ,Int32 id default= ;CancellationToken ct default= ,Task<ActionResult<ServiceResult<DocumentResponseDTO>>>,Task<ActionResult<ServiceResult<DocumentResponseDTO>>>,"roles=superadmin,policy=,schemes=;","HttpGetAttribute:HttpMethods=GET,Template={id:int},Order=0,Name=",IDocumentService.GetByIdAsync,IUnifiedDocumentService.GetByIdAsync,200;400;401;403;404;409;500 (ServiceResult),DIRECT,COMPATIBLE,"DTO, route, verb, binding, authorization and ServiceResult mapping preserved."
DocumentsController,UnifiedDocumentsController,Update,api/documents/{id:int},PUT,Int32 id default= ;UpdateDocumentRequestDTO request default= [Microsoft.AspNetCore.Mvc.FromBodyAttribute()];CancellationToken ct default= ,Int32 id default= ;UpdateDocumentRequestDTO request default= [Microsoft.AspNetCore.Mvc.FromBodyAttribute()];CancellationToken ct default= ,Task<ActionResult<ServiceResult<DocumentResponseDTO>>>,Task<ActionResult<ServiceResult<DocumentResponseDTO>>>,"roles=superadmin,policy=,schemes=;","HttpPutAttribute:HttpMethods=PUT,Template={id:int},Order=0,Name=",IDocumentService.UpdateAsync,IUnifiedDocumentService.UpdateAsync,200;400;401;403;404;409;500 (ServiceResult),DIRECT,COMPATIBLE,"DTO, route, verb, binding, authorization and ServiceResult mapping preserved."
DocumentsController,UnifiedDocumentsController,ReplaceFile,api/documents/{id:int}/file,POST,Int32 id default= ;ReplaceDocumentFileRequestDTO request default= [Microsoft.AspNetCore.Mvc.FromFormAttribute()];CancellationToken ct default= ,Int32 id default= ;ReplaceDocumentFileRequestDTO request default= [Microsoft.AspNetCore.Mvc.FromFormAttribute()];CancellationToken ct default= ,Task<ActionResult<ServiceResult<DocumentResponseDTO>>>,Task<ActionResult<ServiceResult<DocumentResponseDTO>>>,"roles=superadmin,policy=,schemes=;","ConsumesAttribute:ContentTypes=multipart/form-data,IsOptional=False;HttpPostAttribute:HttpMethods=POST,Template={id:int}/file,Order=0,Name=",IDocumentService.ReplaceFileAsync,IUnifiedDocumentService.ReplaceFileAsync,200;400;401;403;404;409;500 (ServiceResult),DIRECT,COMPATIBLE,"DTO, route, verb, binding, authorization and ServiceResult mapping preserved."
DocumentsController,UnifiedDocumentsController,Delete,api/documents/{id:int},DELETE,Int32 id default= ;CancellationToken ct default= ,Int32 id default= ;CancellationToken ct default= ,Task<ActionResult<ServiceResult<Boolean>>>,Task<ActionResult<ServiceResult<Boolean>>>,"roles=superadmin,policy=,schemes=;","HttpDeleteAttribute:HttpMethods=DELETE,Template={id:int},Order=0,Name=",IDocumentService.DeleteAsync,IUnifiedDocumentService.DeleteAsync,200;400;401;403;404;409;500 (ServiceResult),DIRECT,COMPATIBLE,"DTO, route, verb, binding, authorization and ServiceResult mapping preserved."
DocumentsController,UnifiedDocumentsController,ViewContent,api/documents/{id:int}/content,GET,Int32 id default= ;CancellationToken ct default= ,Int32 id default= ;CancellationToken ct default= ,Task<ActionResult>,Task<ActionResult>,"roles=superadmin,policy=,schemes=;","HttpGetAttribute:HttpMethods=GET,Template={id:int}/content,Order=0,Name=",IDocumentService.GetContentAsync,IUnifiedDocumentService.GetContentAsync,200 binary;400;401;403;404;409;500,DIRECT,COMPATIBLE,"DTO, route, verb, binding, authorization and ServiceResult mapping preserved."
DocumentsController,UnifiedDocumentsController,Download,api/documents/{id:int}/download,GET,Int32 id default= ;CancellationToken ct default= ,Int32 id default= ;CancellationToken ct default= ,Task<ActionResult>,Task<ActionResult>,"roles=superadmin,policy=,schemes=;","HttpGetAttribute:HttpMethods=GET,Template={id:int}/download,Order=0,Name=",IDocumentService.GetContentAsync,IUnifiedDocumentService.GetContentAsync,200 binary;400;401;403;404;409;500,DIRECT,COMPATIBLE,"DTO, route, verb, binding, authorization and ServiceResult mapping preserved."
DocumentTypesController,UnifiedDocumentTypesController,List,api/documenttypes,GET,CancellationToken ct default= ,CancellationToken ct default= ,Task<ActionResult<ServiceResult<IReadOnlyList<CatalogListItemDTO>>>>,Task<ActionResult<ServiceResult<IReadOnlyList<CatalogListItemDTO>>>>,"roles=,policy=,schemes=;","HttpGetAttribute:HttpMethods=GET,Template=,Order=0,Name=",ICatalogCrudService<TEntity>.ListAsync,IUnifiedCatalogCrudService<TEntity>.ListAsync,200;400;401;403;404;409;500 (ServiceResult),ADAPTABLE,COMPATIBLE,"DTO, route, verb, binding, authorization and ServiceResult mapping preserved."
DocumentTypesController,UnifiedDocumentTypesController,GetById,api/documenttypes/{id:int},GET,Int32 id default= ;CancellationToken ct default= ,Int32 id default= ;CancellationToken ct default= ,Task<ActionResult<ServiceResult<CatalogDetailDTO>>>,Task<ActionResult<ServiceResult<CatalogDetailDTO>>>,"roles=,policy=,schemes=;","HttpGetAttribute:HttpMethods=GET,Template={id:int},Order=0,Name=",ICatalogCrudService<TEntity>.GetByIdAsync,IUnifiedCatalogCrudService<TEntity>.GetByIdAsync,200;400;401;403;404;409;500 (ServiceResult),ADAPTABLE,COMPATIBLE,"DTO, route, verb, binding, authorization and ServiceResult mapping preserved."
DocumentTypesController,UnifiedDocumentTypesController,Create,api/documenttypes,POST,AddCatalogRequestDTO request default= [Microsoft.AspNetCore.Mvc.FromBodyAttribute()];CancellationToken ct default= ,AddCatalogRequestDTO request default= [Microsoft.AspNetCore.Mvc.FromBodyAttribute()];CancellationToken ct default= ,Task<ActionResult<ServiceResult<CatalogDetailDTO>>>,Task<ActionResult<ServiceResult<CatalogDetailDTO>>>,"roles=,policy=,schemes=;","HttpPostAttribute:HttpMethods=POST,Template=,Order=0,Name=",ICatalogCrudService<TEntity>.CreateAsync,IUnifiedCatalogCrudService<TEntity>.CreateAsync,200;400;401;403;404;409;500 (ServiceResult),ADAPTABLE,COMPATIBLE,"DTO, route, verb, binding, authorization and ServiceResult mapping preserved."
DocumentTypesController,UnifiedDocumentTypesController,Update,api/documenttypes/{id:int},PUT,Int32 id default= ;UpdateCatalogRequestDTO request default= [Microsoft.AspNetCore.Mvc.FromBodyAttribute()];CancellationToken ct default= ,Int32 id default= ;UpdateCatalogRequestDTO request default= [Microsoft.AspNetCore.Mvc.FromBodyAttribute()];CancellationToken ct default= ,Task<ActionResult<ServiceResult<CatalogDetailDTO>>>,Task<ActionResult<ServiceResult<CatalogDetailDTO>>>,"roles=,policy=,schemes=;","HttpPutAttribute:HttpMethods=PUT,Template={id:int},Order=0,Name=",ICatalogCrudService<TEntity>.UpdateAsync,IUnifiedCatalogCrudService<TEntity>.UpdateAsync,200;400;401;403;404;409;500 (ServiceResult),ADAPTABLE,COMPATIBLE,"DTO, route, verb, binding, authorization and ServiceResult mapping preserved."
DocumentTypesController,UnifiedDocumentTypesController,Delete,api/documenttypes/{id:int},DELETE,Int32 id default= ;CancellationToken ct default= ,Int32 id default= ;CancellationToken ct default= ,Task<ActionResult<ServiceResult<NoContent>>>,Task<ActionResult<ServiceResult<NoContent>>>,"roles=,policy=,schemes=;","HttpDeleteAttribute:HttpMethods=DELETE,Template={id:int},Order=0,Name=",ICatalogCrudService<TEntity>.DeleteAsync,IUnifiedCatalogCrudService<TEntity>.DeleteAsync,200;400;401;403;404;409;500 (ServiceResult),ADAPTABLE,COMPATIBLE,"DTO, route, verb, binding, authorization and ServiceResult mapping preserved."
ExportTemplatesController,UnifiedExportTemplatesController,GetFields,api/exporttemplates/fields,GET,CancellationToken ct default= ,CancellationToken ct default= ,Task<ActionResult<ServiceResult<IReadOnlyList<ExportFieldListItemDTO>>>>,Task<ActionResult<ServiceResult<IReadOnlyList<ExportFieldListItemDTO>>>>,"roles=superadmin,policy=,schemes=;","HttpGetAttribute:HttpMethods=GET,Template=fields,Order=0,Name=",IExportTemplateService.ListFieldsAsync,IUnifiedExportTemplateService.ListFieldsAsync,200;400;401;403;404;409;500 (ServiceResult),DIRECT,COMPATIBLE,"DTO, route, verb, binding, authorization and ServiceResult mapping preserved."
ExportTemplatesController,UnifiedExportTemplatesController,GetTemplates,api/exporttemplates,GET,CancellationToken ct default= ,CancellationToken ct default= ,Task<ActionResult<ServiceResult<IReadOnlyList<ExportTemplateListItemDTO>>>>,Task<ActionResult<ServiceResult<IReadOnlyList<ExportTemplateListItemDTO>>>>,"roles=superadmin,policy=,schemes=;","HttpGetAttribute:HttpMethods=GET,Template=,Order=0,Name=",IExportTemplateService.ListTemplatesAsync,IUnifiedExportTemplateService.ListTemplatesAsync,200;400;401;403;404;409;500 (ServiceResult),DIRECT,COMPATIBLE,"DTO, route, verb, binding, authorization and ServiceResult mapping preserved."
ExportTemplatesController,UnifiedExportTemplatesController,GetTemplate,api/exporttemplates/{id:int},GET,Int32 id default= ;CancellationToken ct default= ,Int32 id default= ;CancellationToken ct default= ,Task<ActionResult<ServiceResult<ExportTemplateDetailDTO>>>,Task<ActionResult<ServiceResult<ExportTemplateDetailDTO>>>,"roles=superadmin,policy=,schemes=;","HttpGetAttribute:HttpMethods=GET,Template={id:int},Order=0,Name=",IExportTemplateService.GetTemplateAsync,IUnifiedExportTemplateService.GetTemplateAsync,200;400;401;403;404;409;500 (ServiceResult),DIRECT,COMPATIBLE,"DTO, route, verb, binding, authorization and ServiceResult mapping preserved."
ExportTemplatesController,UnifiedExportTemplatesController,CreateTemplate,api/exporttemplates,POST,ExportTemplateCreateRequestDTO body default= [Microsoft.AspNetCore.Mvc.FromBodyAttribute()];CancellationToken ct default= ,ExportTemplateCreateRequestDTO body default= [Microsoft.AspNetCore.Mvc.FromBodyAttribute()];CancellationToken ct default= ,Task<ActionResult<ServiceResult<ExportTemplateDetailDTO>>>,Task<ActionResult<ServiceResult<ExportTemplateDetailDTO>>>,"roles=superadmin,policy=,schemes=;","HttpPostAttribute:HttpMethods=POST,Template=,Order=0,Name=",IExportTemplateService.CreateTemplateAsync,IUnifiedExportTemplateService.CreateTemplateAsync,201 success;400;401;403;404;409;500 failure,DIRECT,COMPATIBLE,"DTO, route, verb, binding, authorization and ServiceResult mapping preserved."
ExportTemplatesController,UnifiedExportTemplatesController,UpdateTemplate,api/exporttemplates/{id:int},PUT,Int32 id default= ;ExportTemplateUpdateRequestDTO body default= [Microsoft.AspNetCore.Mvc.FromBodyAttribute()];CancellationToken ct default= ,Int32 id default= ;ExportTemplateUpdateRequestDTO body default= [Microsoft.AspNetCore.Mvc.FromBodyAttribute()];CancellationToken ct default= ,Task<ActionResult<ServiceResult<ExportTemplateDetailDTO>>>,Task<ActionResult<ServiceResult<ExportTemplateDetailDTO>>>,"roles=superadmin,policy=,schemes=;","HttpPutAttribute:HttpMethods=PUT,Template={id:int},Order=0,Name=",IExportTemplateService.UpdateTemplateAsync,IUnifiedExportTemplateService.UpdateTemplateAsync,200;400;401;403;404;409;500 (ServiceResult),DIRECT,COMPATIBLE,"DTO, route, verb, binding, authorization and ServiceResult mapping preserved."
ExportTemplatesController,UnifiedExportTemplatesController,DeleteTemplate,api/exporttemplates/{id:int},DELETE,Int32 id default= ;CancellationToken ct default= ,Int32 id default= ;CancellationToken ct default= ,Task<ActionResult<ServiceResult<NoContent>>>,Task<ActionResult<ServiceResult<NoContent>>>,"roles=superadmin,policy=,schemes=;","HttpDeleteAttribute:HttpMethods=DELETE,Template={id:int},Order=0,Name=",IExportTemplateService.DeleteTemplateAsync,IUnifiedExportTemplateService.DeleteTemplateAsync,200;400;401;403;404;409;500 (ServiceResult),DIRECT,COMPATIBLE,"DTO, route, verb, binding, authorization and ServiceResult mapping preserved."
ExportTemplatesController,UnifiedExportTemplatesController,ExportMatrixToExcel,api/exporttemplates/matrix-excel,POST,ExportByTemplateRequestDTO request default= [Microsoft.AspNetCore.Mvc.FromBodyAttribute()];CancellationToken ct default= ,ExportByTemplateRequestDTO request default= [Microsoft.AspNetCore.Mvc.FromBodyAttribute()];CancellationToken ct default= ,Task<IActionResult>,Task<IActionResult>,"roles=superadmin,policy=,schemes=;","HttpPostAttribute:HttpMethods=POST,Template=matrix-excel,Order=0,Name=",IMatrixTemplateExcelExportService.GenerateExcelAsync,IUnifiedMatrixTemplateExcelExportService.GenerateExcelAsync,200 binary;400 (including unexpected);401;403;404;409,DIRECT,COMPATIBLE,"DTO, route, verb, binding, authorization and ServiceResult mapping preserved."
ExternalAcademicsController,UnifiedExternalAcademicsController,GetFacultiesWithPrograms,api/external/externalacademics/faculties,GET,CancellationToken ct default= ,CancellationToken ct default= ,Task<ActionResult<ServiceResult<List<ExternalFacultyDTO>>>>,Task<ActionResult<ServiceResult<List<ExternalFacultyDTO>>>>,"roles=superadmin,policy=,schemes=;","HttpGetAttribute:HttpMethods=GET,Template=faculties,Order=0,Name=",IExternalAcademicsService.GetFacultiesWithProgramsAsync,IExternalAcademicsService.GetFacultiesWithProgramsAsync,200;400;401;403;404;409;500 (ServiceResult),DIRECT,COMPATIBLE,"DTO, route, verb, binding, authorization and ServiceResult mapping preserved."
ExternalPeriodsController,UnifiedExternalPeriodsController,GetAll,api/external/externalperiods,GET,CancellationToken ct default= ,CancellationToken ct default= ,Task<ActionResult<ServiceResult<IReadOnlyList<ExternalAcademicPeriodModel>>>>,Task<ActionResult<ServiceResult<IReadOnlyList<ExternalAcademicPeriodModel>>>>,"roles=superadmin,policy=,schemes=;","HttpGetAttribute:HttpMethods=GET,Template=,Order=0,Name=",IExternalPeriodsClient.GetAllAsync,IExternalPeriodsClient.GetAllAsync,200;400;401;403;404;409;500 (ServiceResult),DIRECT,COMPATIBLE,"DTO, route, verb, binding, authorization and ServiceResult mapping preserved."
ExternalResearcherProjectsController,UnifiedExternalResearcherProjectsController,GetByProject,api/externalresearcherprojects/by-project/{projectId:int},GET,Int32 projectId default= ;CancellationToken ct default= ,Int32 projectId default= ;CancellationToken ct default= ,Task<ActionResult<ServiceResult<IReadOnlyList<ExternalResearcherProjectListItemDTO>>>>,Task<ActionResult<ServiceResult<IReadOnlyList<ExternalResearcherProjectListItemDTO>>>>,;,"HttpGetAttribute:HttpMethods=GET,Template=by-project/{projectId:int},Order=0,Name=",IExternalResearcherProjectService.ListByProjectAsync,IExternalResearcherProjectService.ListByProjectAsync,200;400;401;403;404;409;500 (ServiceResult),DIRECT,COMPATIBLE,"DTO, route, verb, binding, authorization and ServiceResult mapping preserved."
ExternalResearcherProjectsController,UnifiedExternalResearcherProjectsController,GetById,api/externalresearcherprojects/{id:int},GET,Int32 id default= ;CancellationToken ct default= ,Int32 id default= ;CancellationToken ct default= ,Task<ActionResult<ServiceResult<ExternalResearcherProjectDetailDTO>>>,Task<ActionResult<ServiceResult<ExternalResearcherProjectDetailDTO>>>,;,"HttpGetAttribute:HttpMethods=GET,Template={id:int},Order=0,Name=",IExternalResearcherProjectService.GetByIdAsync,IExternalResearcherProjectService.GetByIdAsync,200;400;401;403;404;409;500 (ServiceResult),DIRECT,COMPATIBLE,"DTO, route, verb, binding, authorization and ServiceResult mapping preserved."
ExternalResearcherProjectsController,UnifiedExternalResearcherProjectsController,Create,api/externalresearcherprojects,POST,ExternalResearcherProjectCreateRequestDTO body default= [Microsoft.AspNetCore.Mvc.FromBodyAttribute()];CancellationToken ct default= ,ExternalResearcherProjectCreateRequestDTO body default= [Microsoft.AspNetCore.Mvc.FromBodyAttribute()];CancellationToken ct default= ,Task<ActionResult<ServiceResult<ExternalResearcherProjectDetailDTO>>>,Task<ActionResult<ServiceResult<ExternalResearcherProjectDetailDTO>>>,;,"HttpPostAttribute:HttpMethods=POST,Template=,Order=0,Name=",IExternalResearcherProjectService.CreateAsync,IExternalResearcherProjectService.CreateAsync,200;400;401;403;404;409;500 (ServiceResult),DIRECT,COMPATIBLE,"DTO, route, verb, binding, authorization and ServiceResult mapping preserved."
ExternalResearcherProjectsController,UnifiedExternalResearcherProjectsController,Update,api/externalresearcherprojects/{id:int},PUT,Int32 id default= ;ExternalResearcherProjectUpdateRequestDTO body default= [Microsoft.AspNetCore.Mvc.FromBodyAttribute()];CancellationToken ct default= ,Int32 id default= ;ExternalResearcherProjectUpdateRequestDTO body default= [Microsoft.AspNetCore.Mvc.FromBodyAttribute()];CancellationToken ct default= ,Task<ActionResult<ServiceResult<ExternalResearcherProjectDetailDTO>>>,Task<ActionResult<ServiceResult<ExternalResearcherProjectDetailDTO>>>,;,"HttpPutAttribute:HttpMethods=PUT,Template={id:int},Order=0,Name=",IExternalResearcherProjectService.UpdateAsync,IExternalResearcherProjectService.UpdateAsync,200;400;401;403;404;409;500 (ServiceResult),DIRECT,COMPATIBLE,"DTO, route, verb, binding, authorization and ServiceResult mapping preserved."
ExternalResearchersController,UnifiedExternalResearchersController,List,api/externalresearchers,GET,String term default= [Microsoft.AspNetCore.Mvc.FromQueryAttribute()];Nullable<Int32> institutionId default= [Microsoft.AspNetCore.Mvc.FromQueryAttribute()];CancellationToken ct default= ,String term default= [Microsoft.AspNetCore.Mvc.FromQueryAttribute()];Nullable<Int32> institutionId default= [Microsoft.AspNetCore.Mvc.FromQueryAttribute()];CancellationToken ct default= ,Task<ActionResult<ServiceResult<IReadOnlyList<ExternalResearcherListItemDTO>>>>,Task<ActionResult<ServiceResult<IReadOnlyList<ExternalResearcherListItemDTO>>>>,"roles=superadmin,policy=,schemes=;","HttpGetAttribute:HttpMethods=GET,Template=,Order=0,Name=",IExternalResearcherService.ListAsync,IExternalResearcherService.ListAsync,200;400;401;403;404;409;500 (ServiceResult),DIRECT,COMPATIBLE,"DTO, route, verb, binding, authorization and ServiceResult mapping preserved."
ExternalResearchersController,UnifiedExternalResearchersController,GetById,api/externalresearchers/{id:int},GET,Int32 id default= ;CancellationToken ct default= ,Int32 id default= ;CancellationToken ct default= ,Task<ActionResult<ServiceResult<ExternalResearcherDetailDTO>>>,Task<ActionResult<ServiceResult<ExternalResearcherDetailDTO>>>,"roles=superadmin,policy=,schemes=;","HttpGetAttribute:HttpMethods=GET,Template={id:int},Order=0,Name=",IExternalResearcherService.GetByIdAsync,IExternalResearcherService.GetByIdAsync,200;400;401;403;404;409;500 (ServiceResult),DIRECT,COMPATIBLE,"DTO, route, verb, binding, authorization and ServiceResult mapping preserved."
ExternalResearchersController,UnifiedExternalResearchersController,GetKeyValues,api/externalresearchers/keyvalues,GET,String term default= [Microsoft.AspNetCore.Mvc.FromQueryAttribute()];Nullable<Int32> institutionId default= [Microsoft.AspNetCore.Mvc.FromQueryAttribute()];Nullable<Int32> take default= [Microsoft.AspNetCore.Mvc.FromQueryAttribute()];CancellationToken ct default= ,String term default= [Microsoft.AspNetCore.Mvc.FromQueryAttribute()];Nullable<Int32> institutionId default= [Microsoft.AspNetCore.Mvc.FromQueryAttribute()];Nullable<Int32> take default= [Microsoft.AspNetCore.Mvc.FromQueryAttribute()];CancellationToken ct default= ,Task<ActionResult<ServiceResult<List<KeyValueItemDTO>>>>,Task<ActionResult<ServiceResult<List<KeyValueItemDTO>>>>,"roles=superadmin,policy=,schemes=;","HttpGetAttribute:HttpMethods=GET,Template=keyvalues,Order=0,Name=",IExternalResearcherService.GetKeyValuesAsync,IExternalResearcherService.GetKeyValuesAsync,200;400;401;403;404;409;500 (ServiceResult),DIRECT,COMPATIBLE,"DTO, route, verb, binding, authorization and ServiceResult mapping preserved."
ExternalResearchersController,UnifiedExternalResearchersController,Create,api/externalresearchers,POST,ExternalResearcherCreateRequestDTO body default= ;CancellationToken ct default= ,ExternalResearcherCreateRequestDTO body default= ;CancellationToken ct default= ,Task<ActionResult<ServiceResult<ExternalResearcherDetailDTO>>>,Task<ActionResult<ServiceResult<ExternalResearcherDetailDTO>>>,"roles=superadmin,policy=,schemes=;","HttpPostAttribute:HttpMethods=POST,Template=,Order=0,Name=",IExternalResearcherService.CreateAsync,IExternalResearcherService.CreateAsync,200;400;401;403;404;409;500 (ServiceResult),DIRECT,COMPATIBLE,"DTO, route, verb, binding, authorization and ServiceResult mapping preserved."
ExternalResearchersController,UnifiedExternalResearchersController,Update,api/externalresearchers/{id:int},PUT,Int32 id default= ;ExternalResearcherUpdateRequestDTO body default= ;CancellationToken ct default= ,Int32 id default= ;ExternalResearcherUpdateRequestDTO body default= ;CancellationToken ct default= ,Task<ActionResult<ServiceResult<ExternalResearcherDetailDTO>>>,Task<ActionResult<ServiceResult<ExternalResearcherDetailDTO>>>,"roles=superadmin,policy=,schemes=;","HttpPutAttribute:HttpMethods=PUT,Template={id:int},Order=0,Name=",IExternalResearcherService.UpdateAsync,IExternalResearcherService.UpdateAsync,200;400;401;403;404;409;500 (ServiceResult),DIRECT,COMPATIBLE,"DTO, route, verb, binding, authorization and ServiceResult mapping preserved."
FacultyScopesController,UnifiedFacultyScopesController,GetAll,api/facultyscopes,GET,Boolean includeAssignments default=False [Microsoft.AspNetCore.Mvc.FromQueryAttribute()];CancellationToken ct default= ,Boolean includeAssignments default=False [Microsoft.AspNetCore.Mvc.FromQueryAttribute()];CancellationToken ct default= ,Task<ActionResult<ServiceResult<IReadOnlyList<FacultyScopeResponseDTO>>>>,Task<ActionResult<ServiceResult<IReadOnlyList<FacultyScopeResponseDTO>>>>,"roles=superadmin,policy=,schemes=;","HttpGetAttribute:HttpMethods=GET,Template=,Order=0,Name=",IFacultyScopeService.GetAllAsync,IUnifiedFacultyScopeService.GetAllAsync,200;400;401;403;404;409;500 (ServiceResult),CONTRACT_CHANGE,FRONTEND_IMPACT,FacultyId/allowed IDs now local. External selections must use ExternalFacultyId from shared response; never send a local FacultyId as external. Existing DTO is sufficient.
FacultyScopesController,UnifiedFacultyScopesController,GetById,api/facultyscopes/{id:int},GET,Int32 id default= ;Boolean includeAssignments default=False [Microsoft.AspNetCore.Mvc.FromQueryAttribute()];CancellationToken ct default= ,Int32 id default= ;Boolean includeAssignments default=False [Microsoft.AspNetCore.Mvc.FromQueryAttribute()];CancellationToken ct default= ,Task<ActionResult<ServiceResult<FacultyScopeResponseDTO>>>,Task<ActionResult<ServiceResult<FacultyScopeResponseDTO>>>,"roles=superadmin,policy=,schemes=;","HttpGetAttribute:HttpMethods=GET,Template={id:int},Order=0,Name=",IFacultyScopeService.GetByIdAsync,IUnifiedFacultyScopeService.GetByIdAsync,200;400;401;403;404;409;500 (ServiceResult),CONTRACT_CHANGE,FRONTEND_IMPACT,FacultyId/allowed IDs now local. External selections must use ExternalFacultyId from shared response; never send a local FacultyId as external. Existing DTO is sufficient.
FacultyScopesController,UnifiedFacultyScopesController,Create,api/facultyscopes,POST,CreateFacultyScopeRequestDTO request default= [Microsoft.AspNetCore.Mvc.FromBodyAttribute()];CancellationToken ct default= ,CreateFacultyScopeRequestDTO request default= [Microsoft.AspNetCore.Mvc.FromBodyAttribute()];CancellationToken ct default= ,Task<ActionResult<ServiceResult<FacultyScopeResponseDTO>>>,Task<ActionResult<ServiceResult<FacultyScopeResponseDTO>>>,"roles=superadmin,policy=,schemes=;","HttpPostAttribute:HttpMethods=POST,Template=,Order=0,Name=",IFacultyScopeService.CreateAsync,IUnifiedFacultyScopeService.CreateAsync,200;400;401;403;404;409;500 (ServiceResult),CONTRACT_CHANGE,FRONTEND_IMPACT,FacultyId/allowed IDs now local. External selections must use ExternalFacultyId from shared response; never send a local FacultyId as external. Existing DTO is sufficient.
FacultyScopesController,UnifiedFacultyScopesController,Update,api/facultyscopes/{id:int},PUT,Int32 id default= ;UpdateFacultyScopeRequestDTO request default= [Microsoft.AspNetCore.Mvc.FromBodyAttribute()];CancellationToken ct default= ,Int32 id default= ;UpdateFacultyScopeRequestDTO request default= [Microsoft.AspNetCore.Mvc.FromBodyAttribute()];CancellationToken ct default= ,Task<ActionResult<ServiceResult<FacultyScopeResponseDTO>>>,Task<ActionResult<ServiceResult<FacultyScopeResponseDTO>>>,"roles=superadmin,policy=,schemes=;","HttpPutAttribute:HttpMethods=PUT,Template={id:int},Order=0,Name=",IFacultyScopeService.UpdateAsync,IUnifiedFacultyScopeService.UpdateAsync,200;400;401;403;404;409;500 (ServiceResult),CONTRACT_CHANGE,FRONTEND_IMPACT,FacultyId/allowed IDs now local. External selections must use ExternalFacultyId from shared response; never send a local FacultyId as external. Existing DTO is sufficient.
FacultyScopesController,UnifiedFacultyScopesController,SetFaculties,api/facultyscopes/{id:int}/faculties,PUT,Int32 id default= ;SetFacultyScopeFacultiesRequestDTO request default= [Microsoft.AspNetCore.Mvc.FromBodyAttribute()];CancellationToken ct default= ,Int32 id default= ;SetFacultyScopeFacultiesRequestDTO request default= [Microsoft.AspNetCore.Mvc.FromBodyAttribute()];CancellationToken ct default= ,Task<ActionResult<ServiceResult<FacultyScopeResponseDTO>>>,Task<ActionResult<ServiceResult<FacultyScopeResponseDTO>>>,"roles=superadmin,policy=,schemes=;","HttpPutAttribute:HttpMethods=PUT,Template={id:int}/faculties,Order=0,Name=",IFacultyScopeService.SetFacultiesAsync,IUnifiedFacultyScopeService.SetFacultiesAsync,200;400;401;403;404;409;500 (ServiceResult),CONTRACT_CHANGE,FRONTEND_IMPACT,FacultyId/allowed IDs now local. External selections must use ExternalFacultyId from shared response; never send a local FacultyId as external. Existing DTO is sufficient.
FacultyScopesController,UnifiedFacultyScopesController,Assign,api/facultyscopes/{facultyScopeId:int}/assign,POST,Int32 facultyScopeId default= ;AssignFacultyScopeUserRequestDTO request default= [Microsoft.AspNetCore.Mvc.FromBodyAttribute()];CancellationToken ct default= ,Int32 facultyScopeId default= ;AssignFacultyScopeUserRequestDTO request default= [Microsoft.AspNetCore.Mvc.FromBodyAttribute()];CancellationToken ct default= ,Task<ActionResult<ServiceResult<Boolean>>>,Task<ActionResult<ServiceResult<Boolean>>>,"roles=superadmin,policy=,schemes=;","HttpPostAttribute:HttpMethods=POST,Template={facultyScopeId:int}/assign,Order=0,Name=",IFacultyScopeService.AssignScopeToUserAsync,IUnifiedFacultyScopeService.AssignScopeToUserAsync,200;400;401;403;404;409;500 (ServiceResult),IDENTITY_BOUNDARY,INTENTIONAL_CHANGE,Unified Identity boundary may return explicit mapping/role/pending-change failures using unchanged ServiceResult error contract.
FacultyScopesController,UnifiedFacultyScopesController,UnassignScopeFromUser,api/facultyscopes/{id:int}/assign/{userId:int},DELETE,Int32 id default= ;Int32 userId default= ;CancellationToken ct default= ,Int32 id default= ;Int32 userId default= ;CancellationToken ct default= ,Task<ActionResult<ServiceResult<Boolean>>>,Task<ActionResult<ServiceResult<Boolean>>>,"roles=superadmin,policy=,schemes=;","HttpDeleteAttribute:HttpMethods=DELETE,Template={id:int}/assign/{userId:int},Order=0,Name=",IFacultyScopeService.UnassignScopeFromUserAsync,IUnifiedFacultyScopeService.UnassignScopeFromUserAsync,200;400;401;403;404;409;500 (ServiceResult),ADAPTABLE,COMPATIBLE,"DTO, route, verb, binding, authorization and ServiceResult mapping preserved."
FacultyScopesController,UnifiedFacultyScopesController,GetAllowedFacultiesForUser,api/facultyscopes/users/{userId:int}/allowed-faculties,GET,Int32 userId default= ;CancellationToken ct default= ,Int32 userId default= ;CancellationToken ct default= ,Task<ActionResult<ServiceResult<IReadOnlyList<Int32>>>>,Task<ActionResult<ServiceResult<IReadOnlyList<Int32>>>>,"roles=superadmin,policy=,schemes=;","HttpGetAttribute:HttpMethods=GET,Template=users/{userId:int}/allowed-faculties,Order=0,Name=",IFacultyScopeService.GetAllowedFacultyIdsForUserAsync,IUnifiedFacultyScopeService.GetAllowedFacultyIdsForUserAsync,200;400;401;403;404;409;500 (ServiceResult),CONTRACT_CHANGE,FRONTEND_IMPACT,"FacultyId/allowed IDs now local. External selections must use ExternalFacultyId from shared response; never send a local FacultyId as external. Existing DTO is sufficient. Existing behavior still resolves current actor, ignoring route userId; no business fix in this phase."
FacultyScopesController,UnifiedFacultyScopesController,GetMyAllowedFaculties,api/facultyscopes/me/allowed-faculties,GET,CancellationToken ct default= ,CancellationToken ct default= ,Task<ActionResult<ServiceResult<IReadOnlyList<Int32>>>>,Task<ActionResult<ServiceResult<IReadOnlyList<Int32>>>>,"roles=superadmin,policy=,schemes=;","HttpGetAttribute:HttpMethods=GET,Template=me/allowed-faculties,Order=0,Name=",IFacultyScopeService.GetAllowedFacultyIdsForUserAsync,IUnifiedFacultyScopeService.GetAllowedFacultyIdsForUserAsync,200;400;401;403;404;409;500 (ServiceResult),CONTRACT_CHANGE,FRONTEND_IMPACT,FacultyId/allowed IDs now local. External selections must use ExternalFacultyId from shared response; never send a local FacultyId as external. Existing DTO is sufficient.
FundingTypesController,UnifiedFundingTypesController,List,api/fundingtypes,GET,CancellationToken ct default= ,CancellationToken ct default= ,Task<ActionResult<ServiceResult<IReadOnlyList<CatalogListItemDTO>>>>,Task<ActionResult<ServiceResult<IReadOnlyList<CatalogListItemDTO>>>>,"roles=,policy=,schemes=;","HttpGetAttribute:HttpMethods=GET,Template=,Order=0,Name=",ICatalogCrudService<TEntity>.ListAsync,IUnifiedCatalogCrudService<TEntity>.ListAsync,200;400;401;403;404;409;500 (ServiceResult),ADAPTABLE,COMPATIBLE,"DTO, route, verb, binding, authorization and ServiceResult mapping preserved."
FundingTypesController,UnifiedFundingTypesController,GetById,api/fundingtypes/{id:int},GET,Int32 id default= ;CancellationToken ct default= ,Int32 id default= ;CancellationToken ct default= ,Task<ActionResult<ServiceResult<CatalogDetailDTO>>>,Task<ActionResult<ServiceResult<CatalogDetailDTO>>>,"roles=,policy=,schemes=;","HttpGetAttribute:HttpMethods=GET,Template={id:int},Order=0,Name=",ICatalogCrudService<TEntity>.GetByIdAsync,IUnifiedCatalogCrudService<TEntity>.GetByIdAsync,200;400;401;403;404;409;500 (ServiceResult),ADAPTABLE,COMPATIBLE,"DTO, route, verb, binding, authorization and ServiceResult mapping preserved."
FundingTypesController,UnifiedFundingTypesController,Create,api/fundingtypes,POST,AddCatalogRequestDTO request default= [Microsoft.AspNetCore.Mvc.FromBodyAttribute()];CancellationToken ct default= ,AddCatalogRequestDTO request default= [Microsoft.AspNetCore.Mvc.FromBodyAttribute()];CancellationToken ct default= ,Task<ActionResult<ServiceResult<CatalogDetailDTO>>>,Task<ActionResult<ServiceResult<CatalogDetailDTO>>>,"roles=,policy=,schemes=;","HttpPostAttribute:HttpMethods=POST,Template=,Order=0,Name=",ICatalogCrudService<TEntity>.CreateAsync,IUnifiedCatalogCrudService<TEntity>.CreateAsync,200;400;401;403;404;409;500 (ServiceResult),ADAPTABLE,COMPATIBLE,"DTO, route, verb, binding, authorization and ServiceResult mapping preserved."
FundingTypesController,UnifiedFundingTypesController,Update,api/fundingtypes/{id:int},PUT,Int32 id default= ;UpdateCatalogRequestDTO request default= [Microsoft.AspNetCore.Mvc.FromBodyAttribute()];CancellationToken ct default= ,Int32 id default= ;UpdateCatalogRequestDTO request default= [Microsoft.AspNetCore.Mvc.FromBodyAttribute()];CancellationToken ct default= ,Task<ActionResult<ServiceResult<CatalogDetailDTO>>>,Task<ActionResult<ServiceResult<CatalogDetailDTO>>>,"roles=,policy=,schemes=;","HttpPutAttribute:HttpMethods=PUT,Template={id:int},Order=0,Name=",ICatalogCrudService<TEntity>.UpdateAsync,IUnifiedCatalogCrudService<TEntity>.UpdateAsync,200;400;401;403;404;409;500 (ServiceResult),ADAPTABLE,COMPATIBLE,"DTO, route, verb, binding, authorization and ServiceResult mapping preserved."
FundingTypesController,UnifiedFundingTypesController,Delete,api/fundingtypes/{id:int},DELETE,Int32 id default= ;CancellationToken ct default= ,Int32 id default= ;CancellationToken ct default= ,Task<ActionResult<ServiceResult<NoContent>>>,Task<ActionResult<ServiceResult<NoContent>>>,"roles=,policy=,schemes=;","HttpDeleteAttribute:HttpMethods=DELETE,Template={id:int},Order=0,Name=",ICatalogCrudService<TEntity>.DeleteAsync,IUnifiedCatalogCrudService<TEntity>.DeleteAsync,200;400;401;403;404;409;500 (ServiceResult),ADAPTABLE,COMPATIBLE,"DTO, route, verb, binding, authorization and ServiceResult mapping preserved."
GroupsController,UnifiedGroupsController,Create,api/groups,POST,AddGroupRequestDTO request default= [Microsoft.AspNetCore.Mvc.FromBodyAttribute()];CancellationToken ct default= ,AddGroupRequestDTO request default= [Microsoft.AspNetCore.Mvc.FromBodyAttribute()];CancellationToken ct default= ,Task<ActionResult<ServiceResult<GroupResponseDTO>>>,Task<ActionResult<ServiceResult<GroupResponseDTO>>>,"roles=superadmin,policy=,schemes=;","HttpPostAttribute:HttpMethods=POST,Template=,Order=0,Name=",IGroupService.CreateAsync,IUnifiedGroupService.CreateAsync,200;400;401;403;404;409;500 (ServiceResult),DIRECT,COMPATIBLE,"DTO, route, verb, binding, authorization and ServiceResult mapping preserved."
GroupsController,UnifiedGroupsController,GetById,api/groups/{id:int},GET,Int32 id default= ;CancellationToken ct default= ,Int32 id default= ;CancellationToken ct default= ,Task<ActionResult<ServiceResult<GroupResponseDTO>>>,Task<ActionResult<ServiceResult<GroupResponseDTO>>>,"roles=superadmin,policy=,schemes=;","HttpGetAttribute:HttpMethods=GET,Template={id:int},Order=0,Name=",IGroupService.GetByIdAsync,IUnifiedGroupService.GetByIdAsync,200;400;401;403;404;409;500 (ServiceResult),DIRECT,COMPATIBLE,"DTO, route, verb, binding, authorization and ServiceResult mapping preserved."
GroupsController,UnifiedGroupsController,List,api/groups/type/{type:int},GET,Int32 type default= ;CancellationToken ct default= ,Int32 type default= ;CancellationToken ct default= ,Task<ActionResult<ServiceResult<IReadOnlyList<GroupResponseDTO>>>>,Task<ActionResult<ServiceResult<IReadOnlyList<GroupResponseDTO>>>>,"roles=superadmin,policy=,schemes=;","HttpGetAttribute:HttpMethods=GET,Template=type/{type:int},Order=0,Name=",IGroupService.ListAsync,IUnifiedGroupService.ListAsync,200;400;401;403;404;409;500 (ServiceResult),DIRECT,COMPATIBLE,"DTO, route, verb, binding, authorization and ServiceResult mapping preserved."
GroupsController,UnifiedGroupsController,Update,api/groups,PUT,UpdateGroupRequestDTO request default= [Microsoft.AspNetCore.Mvc.FromBodyAttribute()];CancellationToken ct default= ,UpdateGroupRequestDTO request default= [Microsoft.AspNetCore.Mvc.FromBodyAttribute()];CancellationToken ct default= ,Task<ActionResult<ServiceResult<GroupResponseDTO>>>,Task<ActionResult<ServiceResult<GroupResponseDTO>>>,"roles=superadmin,policy=,schemes=;","HttpPutAttribute:HttpMethods=PUT,Template=,Order=0,Name=",IGroupService.UpdateAsync,IUnifiedGroupService.UpdateAsync,200;400;401;403;404;409;500 (ServiceResult),DIRECT,COMPATIBLE,"DTO, route, verb, binding, authorization and ServiceResult mapping preserved."
GroupsController,UnifiedGroupsController,AddMember,api/groups/members,POST,AddGroupMemberRequestDTO request default= [Microsoft.AspNetCore.Mvc.FromBodyAttribute()];CancellationToken ct default= ,AddGroupMemberRequestDTO request default= [Microsoft.AspNetCore.Mvc.FromBodyAttribute()];CancellationToken ct default= ,Task<ActionResult<ServiceResult<GroupMemberResponseDTO>>>,Task<ActionResult<ServiceResult<GroupMemberResponseDTO>>>,"roles=superadmin,policy=,schemes=;","HttpPostAttribute:HttpMethods=POST,Template=members,Order=0,Name=",IGroupService.AddMemberAsync,IUnifiedGroupService.AddMemberAsync,200;400;401;403;404;409;500 (ServiceResult),IDENTITY_BOUNDARY,INTENTIONAL_CHANGE,Unified Identity boundary may return explicit mapping/role/pending-change failures using unchanged ServiceResult error contract.
GroupsController,UnifiedGroupsController,RemoveMember,api/groups/{groupId:int}/members/{memberId:int},DELETE,Int32 groupId default= ;Int32 memberId default= ;CancellationToken ct default= ,Int32 groupId default= ;Int32 memberId default= ;CancellationToken ct default= ,Task<ActionResult<ServiceResult<NoContent>>>,Task<ActionResult<ServiceResult<NoContent>>>,"roles=superadmin,policy=,schemes=;","HttpDeleteAttribute:HttpMethods=DELETE,Template={groupId:int}/members/{memberId:int},Order=0,Name=",IGroupService.RemoveMemberAsync,IUnifiedGroupService.RemoveMemberAsync,200;400;401;403;404;409;500 (ServiceResult),DIRECT,COMPATIBLE,"DTO, route, verb, binding, authorization and ServiceResult mapping preserved."
GroupsController,UnifiedGroupsController,GetExternalUsers,api/groups/{groupId:int}/members,GET,Int32 groupId default= ;CancellationToken ct default= ,Int32 groupId default= ;CancellationToken ct default= ,Task<ActionResult<ServiceResult<List<ResolvedUserProfileDTO>>>>,Task<ActionResult<ServiceResult<List<ResolvedUserProfileDTO>>>>,"roles=superadmin,policy=,schemes=;","HttpGetAttribute:HttpMethods=GET,Template={groupId:int}/members,Order=0,Name=",IGroupService.GetExternalUsersByGroupAsync,IUnifiedGroupService.GetExternalUsersByGroupAsync,200;400;401;403;404;409;500 (ServiceResult),DIRECT,COMPATIBLE,"DTO, route, verb, binding, authorization and ServiceResult mapping preserved."
GroupsController,UnifiedGroupsController,GetByProject,api/groups/by-project/{projectId:int},GET,Int32 projectId default= ;CancellationToken ct default= ,Int32 projectId default= ;CancellationToken ct default= ,Task<ActionResult<ServiceResult<IReadOnlyList<GroupResponseDTO>>>>,Task<ActionResult<ServiceResult<IReadOnlyList<GroupResponseDTO>>>>,"roles=superadmin,policy=,schemes=;","HttpGetAttribute:HttpMethods=GET,Template=by-project/{projectId:int},Order=0,Name=",IGroupService.GetByProjectAsync,IUnifiedGroupService.GetByProjectAsync,200;400;401;403;404;409;500 (ServiceResult),DIRECT,COMPATIBLE,"DTO, route, verb, binding, authorization and ServiceResult mapping preserved."
GroupsController,UnifiedGroupsController,GetProjectMembersReport,api/groups/project-members-report/{projectId:int},GET,Int32 projectId default= ;CancellationToken ct default= ,Int32 projectId default= ;CancellationToken ct default= ,Task<ActionResult<ServiceResult<ProjectMembersReportDTO>>>,Task<ActionResult<ServiceResult<ProjectMembersReportDTO>>>,"roles=superadmin,policy=,schemes=;","HttpGetAttribute:HttpMethods=GET,Template=project-members-report/{projectId:int},Order=0,Name=",IGroupService.GetProjectMembersReportAsync,IUnifiedGroupService.GetProjectMembersReportAsync,200;400;401;403;404;409;500 (ServiceResult),DIRECT,COMPATIBLE,"DTO, route, verb, binding, authorization and ServiceResult mapping preserved."
GroupsController,UnifiedGroupsController,GetAllExternalUsers,api/groups/external-users,GET,CancellationToken ct default= ,CancellationToken ct default= ,Task<ActionResult<ServiceResult<List<ResolvedUserProfileDTO>>>>,Task<ActionResult<ServiceResult<List<ResolvedUserProfileDTO>>>>,"roles=superadmin,policy=,schemes=;","HttpGetAttribute:HttpMethods=GET,Template=external-users,Order=0,Name=",IGroupService.GetAllExternalUsersAsync,IUnifiedGroupService.GetAllExternalUsersAsync,200;400;401;403;404;409;500 (ServiceResult),DIRECT,COMPATIBLE,"DTO, route, verb, binding, authorization and ServiceResult mapping preserved."
GroupsController,UnifiedGroupsController,GetExternalUserByAspNetId,api/groups/external-users/by-aspnet/{userId:int},GET,Int32 userId default= ;CancellationToken ct default= ,Int32 userId default= ;CancellationToken ct default= ,Task<ActionResult<ServiceResult<ResolvedUserProfileDTO>>>,Task<ActionResult<ServiceResult<ResolvedUserProfileDTO>>>,"roles=superadmin,policy=,schemes=;","HttpGetAttribute:HttpMethods=GET,Template=external-users/by-aspnet/{userId:int},Order=0,Name=",IGroupService.GetExternalUserByAspNetIdAsync,IUnifiedGroupService.GetExternalUserByAspNetIdAsync,200;400;401;403;404;409;500 (ServiceResult),DIRECT,COMPATIBLE,"DTO, route, verb, binding, authorization and ServiceResult mapping preserved."
GroupsController,UnifiedGroupsController,GetExternalUserByEmail,api/groups/external-users/by-email,GET,String email default= [Microsoft.AspNetCore.Mvc.FromQueryAttribute()];CancellationToken ct default= ,String email default= [Microsoft.AspNetCore.Mvc.FromQueryAttribute()];CancellationToken ct default= ,Task<ActionResult<ServiceResult<ResolvedUserProfileDTO>>>,Task<ActionResult<ServiceResult<ResolvedUserProfileDTO>>>,"roles=superadmin,policy=,schemes=;","HttpGetAttribute:HttpMethods=GET,Template=external-users/by-email,Order=0,Name=",IGroupService.GetExternalUserByEmailAsync,IUnifiedGroupService.GetExternalUserByEmailAsync,200;400;401;403;404;409;500 (ServiceResult),DIRECT,COMPATIBLE,"DTO, route, verb, binding, authorization and ServiceResult mapping preserved."
IndexingSourcesController,UnifiedIndexingSourcesController,List,api/indexingsources,GET,Boolean onlyActives default=True [Microsoft.AspNetCore.Mvc.FromQueryAttribute()];CancellationToken ct default= ,Boolean onlyActives default=True [Microsoft.AspNetCore.Mvc.FromQueryAttribute()];CancellationToken ct default= ,Task<ActionResult<ServiceResult<IReadOnlyList<IndexingSourceListItemDTO>>>>,Task<ActionResult<ServiceResult<IReadOnlyList<IndexingSourceListItemDTO>>>>,"roles=superadmin,policy=,schemes=;","HttpGetAttribute:HttpMethods=GET,Template=,Order=0,Name=",IIndexingSourceService.ListAsync,IUnifiedIndexingSourceService.ListAsync,200;400;401;403;404;409;500 (ServiceResult),DIRECT,COMPATIBLE,"DTO, route, verb, binding, authorization and ServiceResult mapping preserved."
IndexingSourcesController,UnifiedIndexingSourcesController,GetById,api/indexingsources/{id:int},GET,Int32 id default= ;CancellationToken ct default= ,Int32 id default= ;CancellationToken ct default= ,Task<ActionResult<ServiceResult<IndexingSourceListItemDTO>>>,Task<ActionResult<ServiceResult<IndexingSourceListItemDTO>>>,"roles=superadmin,policy=,schemes=;","HttpGetAttribute:HttpMethods=GET,Template={id:int},Order=0,Name=",IIndexingSourceService.GetByIdAsync,IUnifiedIndexingSourceService.GetByIdAsync,200;400;401;403;404;409;500 (ServiceResult),DIRECT,COMPATIBLE,"DTO, route, verb, binding, authorization and ServiceResult mapping preserved."
IndexingSourcesController,UnifiedIndexingSourcesController,GetKeyValues,api/indexingsources/keyvalues,GET,String term default= [Microsoft.AspNetCore.Mvc.FromQueryAttribute()];Nullable<Int32> take default= [Microsoft.AspNetCore.Mvc.FromQueryAttribute()];CancellationToken ct default= ,String term default= [Microsoft.AspNetCore.Mvc.FromQueryAttribute()];Nullable<Int32> take default= [Microsoft.AspNetCore.Mvc.FromQueryAttribute()];CancellationToken ct default= ,Task<ActionResult<ServiceResult<List<KeyValueItemDTO>>>>,Task<ActionResult<ServiceResult<List<KeyValueItemDTO>>>>,"roles=superadmin,policy=,schemes=;","HttpGetAttribute:HttpMethods=GET,Template=keyvalues,Order=0,Name=",IIndexingSourceService.GetKeyValuesAsync,IUnifiedIndexingSourceService.GetKeyValuesAsync,200;400;401;403;404;409;500 (ServiceResult),DIRECT,COMPATIBLE,"DTO, route, verb, binding, authorization and ServiceResult mapping preserved."
IndexingSourcesController,UnifiedIndexingSourcesController,Create,api/indexingsources,POST,IndexingSourceCreateRequestDTO body default= ;CancellationToken ct default= ,IndexingSourceCreateRequestDTO body default= ;CancellationToken ct default= ,Task<ActionResult<ServiceResult<IndexingSourceListItemDTO>>>,Task<ActionResult<ServiceResult<IndexingSourceListItemDTO>>>,"roles=superadmin,policy=,schemes=;","HttpPostAttribute:HttpMethods=POST,Template=,Order=0,Name=",IIndexingSourceService.CreateAsync,IUnifiedIndexingSourceService.CreateAsync,200;400;401;403;404;409;500 (ServiceResult),DIRECT,COMPATIBLE,"DTO, route, verb, binding, authorization and ServiceResult mapping preserved."
IndexingSourcesController,UnifiedIndexingSourcesController,Update,api/indexingsources/{id:int},PUT,Int32 id default= ;IndexingSourceUpdateRequestDTO body default= ;CancellationToken ct default= ,Int32 id default= ;IndexingSourceUpdateRequestDTO body default= ;CancellationToken ct default= ,Task<ActionResult<ServiceResult<IndexingSourceListItemDTO>>>,Task<ActionResult<ServiceResult<IndexingSourceListItemDTO>>>,"roles=superadmin,policy=,schemes=;","HttpPutAttribute:HttpMethods=PUT,Template={id:int},Order=0,Name=",IIndexingSourceService.UpdateAsync,IUnifiedIndexingSourceService.UpdateAsync,200;400;401;403;404;409;500 (ServiceResult),DIRECT,COMPATIBLE,"DTO, route, verb, binding, authorization and ServiceResult mapping preserved."
InstitutionsController,UnifiedInstitutionsController,List,api/institutions,GET,Boolean onlyActives default=True [Microsoft.AspNetCore.Mvc.FromQueryAttribute()];CancellationToken ct default= ,Boolean onlyActives default=True [Microsoft.AspNetCore.Mvc.FromQueryAttribute()];CancellationToken ct default= ,Task<ActionResult<ServiceResult<IReadOnlyList<InstitutionListItemDTO>>>>,Task<ActionResult<ServiceResult<IReadOnlyList<InstitutionListItemDTO>>>>,"roles=superadmin,policy=,schemes=;","HttpGetAttribute:HttpMethods=GET,Template=,Order=0,Name=",IInstitutionService.ListAsync,IUnifiedInstitutionService.ListAsync,200;400;401;403;404;409;500 (ServiceResult),DIRECT,COMPATIBLE,"DTO, route, verb, binding, authorization and ServiceResult mapping preserved."
InstitutionsController,UnifiedInstitutionsController,GetById,api/institutions/{id:int},GET,Int32 id default= ;CancellationToken ct default= ,Int32 id default= ;CancellationToken ct default= ,Task<ActionResult<ServiceResult<InstitutionDetailDTO>>>,Task<ActionResult<ServiceResult<InstitutionDetailDTO>>>,"roles=superadmin,policy=,schemes=;","HttpGetAttribute:HttpMethods=GET,Template={id:int},Order=0,Name=",IInstitutionService.GetByIdAsync,IUnifiedInstitutionService.GetByIdAsync,200;400;401;403;404;409;500 (ServiceResult),DIRECT,COMPATIBLE,"DTO, route, verb, binding, authorization and ServiceResult mapping preserved."
InstitutionsController,UnifiedInstitutionsController,GetKeyValues,api/institutions/keyvalues,GET,String term default= [Microsoft.AspNetCore.Mvc.FromQueryAttribute()];Nullable<Int32> take default= [Microsoft.AspNetCore.Mvc.FromQueryAttribute()];CancellationToken ct default= ,String term default= [Microsoft.AspNetCore.Mvc.FromQueryAttribute()];Nullable<Int32> take default= [Microsoft.AspNetCore.Mvc.FromQueryAttribute()];CancellationToken ct default= ,Task<ActionResult<ServiceResult<List<KeyValueItemDTO>>>>,Task<ActionResult<ServiceResult<List<KeyValueItemDTO>>>>,"roles=superadmin,policy=,schemes=;","HttpGetAttribute:HttpMethods=GET,Template=keyvalues,Order=0,Name=",IInstitutionService.GetKeyValuesAsync,IUnifiedInstitutionService.GetKeyValuesAsync,200;400;401;403;404;409;500 (ServiceResult),DIRECT,COMPATIBLE,"DTO, route, verb, binding, authorization and ServiceResult mapping preserved."
InstitutionsController,UnifiedInstitutionsController,Create,api/institutions,POST,AddInstitutionRequestDTO body default= ;CancellationToken ct default= ,AddInstitutionRequestDTO body default= ;CancellationToken ct default= ,Task<ActionResult<ServiceResult<InstitutionDetailDTO>>>,Task<ActionResult<ServiceResult<InstitutionDetailDTO>>>,"roles=superadmin,policy=,schemes=;","HttpPostAttribute:HttpMethods=POST,Template=,Order=0,Name=",IInstitutionService.CreateAsync,IUnifiedInstitutionService.CreateAsync,200;400;401;403;404;409;500 (ServiceResult),DIRECT,COMPATIBLE,"DTO, route, verb, binding, authorization and ServiceResult mapping preserved."
InstitutionsController,UnifiedInstitutionsController,Update,api/institutions/{id:int},PUT,Int32 id default= ;UpdateInstitutionRequestDTO body default= ;CancellationToken ct default= ,Int32 id default= ;UpdateInstitutionRequestDTO body default= ;CancellationToken ct default= ,Task<ActionResult<ServiceResult<InstitutionDetailDTO>>>,Task<ActionResult<ServiceResult<InstitutionDetailDTO>>>,"roles=superadmin,policy=,schemes=;","HttpPutAttribute:HttpMethods=PUT,Template={id:int},Order=0,Name=",IInstitutionService.UpdateAsync,IUnifiedInstitutionService.UpdateAsync,200;400;401;403;404;409;500 (ServiceResult),DIRECT,COMPATIBLE,"DTO, route, verb, binding, authorization and ServiceResult mapping preserved."
MemberRoleTypesController,UnifiedMemberRoleTypesController,GetAll,api/memberroletypes,GET,Boolean onlyActives default=True [Microsoft.AspNetCore.Mvc.FromQueryAttribute()];CancellationToken ct default= ,Boolean onlyActives default=True [Microsoft.AspNetCore.Mvc.FromQueryAttribute()];CancellationToken ct default= ,Task<ActionResult<ServiceResult<IReadOnlyList<MemberRoleTypeListItemDTO>>>>,Task<ActionResult<ServiceResult<IReadOnlyList<MemberRoleTypeListItemDTO>>>>,"roles=superadmin,policy=,schemes=;","HttpGetAttribute:HttpMethods=GET,Template=,Order=0,Name=",IMemberRoleTypeService.ListAsync,IUnifiedMemberRoleTypeService.ListAsync,200;400;401;403;404;409;500 (ServiceResult),DIRECT,COMPATIBLE,"DTO, route, verb, binding, authorization and ServiceResult mapping preserved."
MemberRoleTypesController,UnifiedMemberRoleTypesController,GetById,api/memberroletypes/{id:int},GET,Int32 id default= ;CancellationToken ct default= ,Int32 id default= ;CancellationToken ct default= ,Task<ActionResult<ServiceResult<MemberRoleTypeDetailDTO>>>,Task<ActionResult<ServiceResult<MemberRoleTypeDetailDTO>>>,"roles=superadmin,policy=,schemes=;","HttpGetAttribute:HttpMethods=GET,Template={id:int},Order=0,Name=",IMemberRoleTypeService.GetByIdAsync,IUnifiedMemberRoleTypeService.GetByIdAsync,200;400;401;403;404;409;500 (ServiceResult),DIRECT,COMPATIBLE,"DTO, route, verb, binding, authorization and ServiceResult mapping preserved."
MemberRoleTypesController,UnifiedMemberRoleTypesController,GetKeyValues,api/memberroletypes/key-values,GET,String term default= [Microsoft.AspNetCore.Mvc.FromQueryAttribute()];Nullable<Int32> take default= [Microsoft.AspNetCore.Mvc.FromQueryAttribute()];CancellationToken ct default= ,String term default= [Microsoft.AspNetCore.Mvc.FromQueryAttribute()];Nullable<Int32> take default= [Microsoft.AspNetCore.Mvc.FromQueryAttribute()];CancellationToken ct default= ,Task<ActionResult<ServiceResult<List<KeyValueItemDTO>>>>,Task<ActionResult<ServiceResult<List<KeyValueItemDTO>>>>,"roles=superadmin,policy=,schemes=;","HttpGetAttribute:HttpMethods=GET,Template=key-values,Order=0,Name=",IMemberRoleTypeService.GetKeyValuesAsync,IUnifiedMemberRoleTypeService.GetKeyValuesAsync,200;400;401;403;404;409;500 (ServiceResult),DIRECT,COMPATIBLE,"DTO, route, verb, binding, authorization and ServiceResult mapping preserved."
MemberRoleTypesController,UnifiedMemberRoleTypesController,Create,api/memberroletypes,POST,AddMemberRoleTypeRequestDTO request default= [Microsoft.AspNetCore.Mvc.FromBodyAttribute()];CancellationToken ct default= ,AddMemberRoleTypeRequestDTO request default= [Microsoft.AspNetCore.Mvc.FromBodyAttribute()];CancellationToken ct default= ,Task<ActionResult<ServiceResult<MemberRoleTypeDetailDTO>>>,Task<ActionResult<ServiceResult<MemberRoleTypeDetailDTO>>>,"roles=superadmin,policy=,schemes=;","HttpPostAttribute:HttpMethods=POST,Template=,Order=0,Name=",IMemberRoleTypeService.CreateAsync,IUnifiedMemberRoleTypeService.CreateAsync,200;400;401;403;404;409;500 (ServiceResult),DIRECT,COMPATIBLE,"DTO, route, verb, binding, authorization and ServiceResult mapping preserved."
MemberRoleTypesController,UnifiedMemberRoleTypesController,Update,api/memberroletypes/{id:int},PUT,Int32 id default= ;UpdateMemberRoleTypeRequestDTO request default= [Microsoft.AspNetCore.Mvc.FromBodyAttribute()];CancellationToken ct default= ,Int32 id default= ;UpdateMemberRoleTypeRequestDTO request default= [Microsoft.AspNetCore.Mvc.FromBodyAttribute()];CancellationToken ct default= ,Task<ActionResult<ServiceResult<MemberRoleTypeDetailDTO>>>,Task<ActionResult<ServiceResult<MemberRoleTypeDetailDTO>>>,"roles=superadmin,policy=,schemes=;","HttpPutAttribute:HttpMethods=PUT,Template={id:int},Order=0,Name=",IMemberRoleTypeService.UpdateAsync,IUnifiedMemberRoleTypeService.UpdateAsync,200;400;401;403;404;409;500 (ServiceResult),DIRECT,COMPATIBLE,"DTO, route, verb, binding, authorization and ServiceResult mapping preserved."
ObjectiveActivitiesController,UnifiedObjectiveActivitiesController,GetByObjective,api/objectiveactivities/by-objective/{objectiveId:int},GET,Int32 objectiveId default= ;CancellationToken ct default= ,Int32 objectiveId default= ;CancellationToken ct default= ,Task<ActionResult<ServiceResult<IReadOnlyList<ObjectiveActivityListItemDTO>>>>,Task<ActionResult<ServiceResult<IReadOnlyList<ObjectiveActivityListItemDTO>>>>,"roles=superadmin,policy=,schemes=;","HttpGetAttribute:HttpMethods=GET,Template=by-objective/{objectiveId:int},Order=0,Name=",IObjectiveActivityService.ListByObjectiveAsync,IUnifiedObjectiveActivityService.ListByObjectiveAsync,200;400;401;403;404;409;500 (ServiceResult),DIRECT,COMPATIBLE,"DTO, route, verb, binding, authorization and ServiceResult mapping preserved."
ObjectiveActivitiesController,UnifiedObjectiveActivitiesController,GetById,api/objectiveactivities/{id:int},GET,Int32 id default= ;CancellationToken ct default= ,Int32 id default= ;CancellationToken ct default= ,Task<ActionResult<ServiceResult<ObjectiveActivityDetailDTO>>>,Task<ActionResult<ServiceResult<ObjectiveActivityDetailDTO>>>,"roles=superadmin,policy=,schemes=;","HttpGetAttribute:HttpMethods=GET,Template={id:int},Order=0,Name=",IObjectiveActivityService.GetByIdAsync,IUnifiedObjectiveActivityService.GetByIdAsync,200;400;401;403;404;409;500 (ServiceResult),DIRECT,COMPATIBLE,"DTO, route, verb, binding, authorization and ServiceResult mapping preserved."
ObjectiveActivitiesController,UnifiedObjectiveActivitiesController,Create,api/objectiveactivities,POST,AddObjectiveActivityRequestDTO request default= [Microsoft.AspNetCore.Mvc.FromBodyAttribute()];CancellationToken ct default= ,AddObjectiveActivityRequestDTO request default= [Microsoft.AspNetCore.Mvc.FromBodyAttribute()];CancellationToken ct default= ,Task<ActionResult<ServiceResult<ObjectiveActivityDetailDTO>>>,Task<ActionResult<ServiceResult<ObjectiveActivityDetailDTO>>>,"roles=superadmin,policy=,schemes=;","HttpPostAttribute:HttpMethods=POST,Template=,Order=0,Name=",IObjectiveActivityService.CreateAsync,IUnifiedObjectiveActivityService.CreateAsync,200;400;401;403;404;409;500 (ServiceResult),DIRECT,COMPATIBLE,"DTO, route, verb, binding, authorization and ServiceResult mapping preserved."
ObjectiveActivitiesController,UnifiedObjectiveActivitiesController,Update,api/objectiveactivities/{id:int},PUT,Int32 id default= ;UpdateObjectiveActivityRequestDTO request default= [Microsoft.AspNetCore.Mvc.FromBodyAttribute()];CancellationToken ct default= ,Int32 id default= ;UpdateObjectiveActivityRequestDTO request default= [Microsoft.AspNetCore.Mvc.FromBodyAttribute()];CancellationToken ct default= ,Task<ActionResult<ServiceResult<ObjectiveActivityDetailDTO>>>,Task<ActionResult<ServiceResult<ObjectiveActivityDetailDTO>>>,"roles=superadmin,policy=,schemes=;","HttpPutAttribute:HttpMethods=PUT,Template={id:int},Order=0,Name=",IObjectiveActivityService.UpdateAsync,IUnifiedObjectiveActivityService.UpdateAsync,200;400;401;403;404;409;500 (ServiceResult),DIRECT,COMPATIBLE,"DTO, route, verb, binding, authorization and ServiceResult mapping preserved."
ObjectiveActivitiesController,UnifiedObjectiveActivitiesController,Delete,api/objectiveactivities/{id:int},DELETE,Int32 id default= ;CancellationToken ct default= ,Int32 id default= ;CancellationToken ct default= ,Task<ActionResult<ServiceResult<Boolean>>>,Task<ActionResult<ServiceResult<Boolean>>>,"roles=superadmin,policy=,schemes=;","HttpDeleteAttribute:HttpMethods=DELETE,Template={id:int},Order=0,Name=",IObjectiveActivityService.DeleteAsync,IUnifiedObjectiveActivityService.DeleteAsync,200;400;401;403;404;409;500 (ServiceResult),DIRECT,COMPATIBLE,"DTO, route, verb, binding, authorization and ServiceResult mapping preserved."
ObjectiveActivitiesController,UnifiedObjectiveActivitiesController,SetProgress,api/objectiveactivities/{id:int}/progress,PUT,Int32 id default= ;Int32 visitId default= [Microsoft.AspNetCore.Mvc.FromQueryAttribute()];Int32 value default= [Microsoft.AspNetCore.Mvc.FromQueryAttribute()];CancellationToken ct default= ,Int32 id default= ;Int32 visitId default= [Microsoft.AspNetCore.Mvc.FromQueryAttribute()];Int32 value default= [Microsoft.AspNetCore.Mvc.FromQueryAttribute()];CancellationToken ct default= ,Task<ActionResult<ServiceResult<Boolean>>>,Task<ActionResult<ServiceResult<Boolean>>>,"roles=superadmin,policy=,schemes=;","HttpPutAttribute:HttpMethods=PUT,Template={id:int}/progress,Order=0,Name=",IObjectiveActivityService.SetProgressAsync,IUnifiedObjectiveActivityService.SetProgressAsync,200;400;401;403;404;409;500 (ServiceResult),DIRECT,COMPATIBLE,"DTO, route, verb, binding, authorization and ServiceResult mapping preserved."
ObjectiveActivityUsersController,UnifiedObjectiveActivityUsersController,GetByActivity,api/objectiveactivityusers/by-activity/{objectiveActivityId:int},GET,Int32 objectiveActivityId default= ;CancellationToken ct default= ,Int32 objectiveActivityId default= ;CancellationToken ct default= ,Task<ActionResult<ServiceResult<IReadOnlyList<ObjectiveActivityUserDTO>>>>,Task<ActionResult<ServiceResult<IReadOnlyList<ObjectiveActivityUserDTO>>>>,"roles=superadmin,policy=,schemes=;","HttpGetAttribute:HttpMethods=GET,Template=by-activity/{objectiveActivityId:int},Order=0,Name=",IObjectiveActivityUserService.ListByActivityAsync,IUnifiedObjectiveActivityUserService.ListByActivityAsync,200;400;401;403;404;409;500 (ServiceResult),DIRECT,COMPATIBLE,"DTO, route, verb, binding, authorization and ServiceResult mapping preserved."
ObjectiveActivityUsersController,UnifiedObjectiveActivityUsersController,Assign,api/objectiveactivityusers/assign,POST,AssignObjectiveActivityUserRequestDTO request default= [Microsoft.AspNetCore.Mvc.FromBodyAttribute()];CancellationToken ct default= ,AssignObjectiveActivityUserRequestDTO request default= [Microsoft.AspNetCore.Mvc.FromBodyAttribute()];CancellationToken ct default= ,Task<ActionResult<ServiceResult<ObjectiveActivityUserDTO>>>,Task<ActionResult<ServiceResult<ObjectiveActivityUserDTO>>>,"roles=superadmin,policy=,schemes=;","HttpPostAttribute:HttpMethods=POST,Template=assign,Order=0,Name=",IObjectiveActivityUserService.AssignAsync,IUnifiedObjectiveActivityUserService.AssignAsync,200;400;401;403;404;409;500 (ServiceResult),DIRECT,COMPATIBLE,"DTO, route, verb, binding, authorization and ServiceResult mapping preserved."
ObjectiveActivityUsersController,UnifiedObjectiveActivityUsersController,Update,api/objectiveactivityusers/{id:int},PUT,Int32 id default= ;UpdateObjectiveActivityUserRequestDTO request default= [Microsoft.AspNetCore.Mvc.FromBodyAttribute()];CancellationToken ct default= ,Int32 id default= ;UpdateObjectiveActivityUserRequestDTO request default= [Microsoft.AspNetCore.Mvc.FromBodyAttribute()];CancellationToken ct default= ,Task<ActionResult<ServiceResult<ObjectiveActivityUserDTO>>>,Task<ActionResult<ServiceResult<ObjectiveActivityUserDTO>>>,"roles=superadmin,policy=,schemes=;","HttpPutAttribute:HttpMethods=PUT,Template={id:int},Order=0,Name=",IObjectiveActivityUserService.UpdateAsync,IUnifiedObjectiveActivityUserService.UpdateAsync,200;400;401;403;404;409;500 (ServiceResult),DIRECT,COMPATIBLE,"DTO, route, verb, binding, authorization and ServiceResult mapping preserved."
ObjectiveActivityUsersController,UnifiedObjectiveActivityUsersController,Unassign,api/objectiveactivityusers/{id:int},DELETE,Int32 id default= ;CancellationToken ct default= ,Int32 id default= ;CancellationToken ct default= ,Task<ActionResult<ServiceResult<Boolean>>>,Task<ActionResult<ServiceResult<Boolean>>>,"roles=superadmin,policy=,schemes=;","HttpDeleteAttribute:HttpMethods=DELETE,Template={id:int},Order=0,Name=",IObjectiveActivityUserService.UnassignAsync,IUnifiedObjectiveActivityUserService.UnassignAsync,200;400;401;403;404;409;500 (ServiceResult),DIRECT,COMPATIBLE,"DTO, route, verb, binding, authorization and ServiceResult mapping preserved."
ObjectiveTypesController,UnifiedObjectiveTypesController,List,api/objectivetypes,GET,CancellationToken ct default= ,CancellationToken ct default= ,Task<ActionResult<ServiceResult<IReadOnlyList<CatalogListItemDTO>>>>,Task<ActionResult<ServiceResult<IReadOnlyList<CatalogListItemDTO>>>>,"roles=,policy=,schemes=;","HttpGetAttribute:HttpMethods=GET,Template=,Order=0,Name=",ICatalogCrudService<TEntity>.ListAsync,IUnifiedCatalogCrudService<TEntity>.ListAsync,200;400;401;403;404;409;500 (ServiceResult),ADAPTABLE,COMPATIBLE,"DTO, route, verb, binding, authorization and ServiceResult mapping preserved."
ObjectiveTypesController,UnifiedObjectiveTypesController,GetById,api/objectivetypes/{id:int},GET,Int32 id default= ;CancellationToken ct default= ,Int32 id default= ;CancellationToken ct default= ,Task<ActionResult<ServiceResult<CatalogDetailDTO>>>,Task<ActionResult<ServiceResult<CatalogDetailDTO>>>,"roles=,policy=,schemes=;","HttpGetAttribute:HttpMethods=GET,Template={id:int},Order=0,Name=",ICatalogCrudService<TEntity>.GetByIdAsync,IUnifiedCatalogCrudService<TEntity>.GetByIdAsync,200;400;401;403;404;409;500 (ServiceResult),ADAPTABLE,COMPATIBLE,"DTO, route, verb, binding, authorization and ServiceResult mapping preserved."
ObjectiveTypesController,UnifiedObjectiveTypesController,Create,api/objectivetypes,POST,AddCatalogRequestDTO request default= [Microsoft.AspNetCore.Mvc.FromBodyAttribute()];CancellationToken ct default= ,AddCatalogRequestDTO request default= [Microsoft.AspNetCore.Mvc.FromBodyAttribute()];CancellationToken ct default= ,Task<ActionResult<ServiceResult<CatalogDetailDTO>>>,Task<ActionResult<ServiceResult<CatalogDetailDTO>>>,"roles=,policy=,schemes=;","HttpPostAttribute:HttpMethods=POST,Template=,Order=0,Name=",ICatalogCrudService<TEntity>.CreateAsync,IUnifiedCatalogCrudService<TEntity>.CreateAsync,200;400;401;403;404;409;500 (ServiceResult),ADAPTABLE,COMPATIBLE,"DTO, route, verb, binding, authorization and ServiceResult mapping preserved."
ObjectiveTypesController,UnifiedObjectiveTypesController,Update,api/objectivetypes/{id:int},PUT,Int32 id default= ;UpdateCatalogRequestDTO request default= [Microsoft.AspNetCore.Mvc.FromBodyAttribute()];CancellationToken ct default= ,Int32 id default= ;UpdateCatalogRequestDTO request default= [Microsoft.AspNetCore.Mvc.FromBodyAttribute()];CancellationToken ct default= ,Task<ActionResult<ServiceResult<CatalogDetailDTO>>>,Task<ActionResult<ServiceResult<CatalogDetailDTO>>>,"roles=,policy=,schemes=;","HttpPutAttribute:HttpMethods=PUT,Template={id:int},Order=0,Name=",ICatalogCrudService<TEntity>.UpdateAsync,IUnifiedCatalogCrudService<TEntity>.UpdateAsync,200;400;401;403;404;409;500 (ServiceResult),ADAPTABLE,COMPATIBLE,"DTO, route, verb, binding, authorization and ServiceResult mapping preserved."
ObjectiveTypesController,UnifiedObjectiveTypesController,Delete,api/objectivetypes/{id:int},DELETE,Int32 id default= ;CancellationToken ct default= ,Int32 id default= ;CancellationToken ct default= ,Task<ActionResult<ServiceResult<NoContent>>>,Task<ActionResult<ServiceResult<NoContent>>>,"roles=,policy=,schemes=;","HttpDeleteAttribute:HttpMethods=DELETE,Template={id:int},Order=0,Name=",ICatalogCrudService<TEntity>.DeleteAsync,IUnifiedCatalogCrudService<TEntity>.DeleteAsync,200;400;401;403;404;409;500 (ServiceResult),ADAPTABLE,COMPATIBLE,"DTO, route, verb, binding, authorization and ServiceResult mapping preserved."
ProductAttributeDefinitionsController,UnifiedProductAttributeDefinitionsController,GetByProductType,api/productattributedefinitions/by-product-type/{productTypeId:int},GET,Int32 productTypeId default= ;CancellationToken ct default= ,Int32 productTypeId default= ;CancellationToken ct default= ,Task<ActionResult<ServiceResult<IReadOnlyList<ProductAttributeDefinitionListItemDTO>>>>,Task<ActionResult<ServiceResult<IReadOnlyList<ProductAttributeDefinitionListItemDTO>>>>,"roles=superadmin,policy=,schemes=;","HttpGetAttribute:HttpMethods=GET,Template=by-product-type/{productTypeId:int},Order=0,Name=",IProductAttributeDefinitionService.ListByProductTypeAsync,IUnifiedProductAttributeDefinitionService.ListByProductTypeAsync,200;400;401;403;404;409;500 (ServiceResult),DIRECT,COMPATIBLE,"DTO, route, verb, binding, authorization and ServiceResult mapping preserved."
ProductAttributeDefinitionsController,UnifiedProductAttributeDefinitionsController,GetById,api/productattributedefinitions/{id:int},GET,Int32 id default= ;CancellationToken ct default= ,Int32 id default= ;CancellationToken ct default= ,Task<ActionResult<ServiceResult<ProductAttributeDefinitionDetailDTO>>>,Task<ActionResult<ServiceResult<ProductAttributeDefinitionDetailDTO>>>,"roles=superadmin,policy=,schemes=;","HttpGetAttribute:HttpMethods=GET,Template={id:int},Order=0,Name=",IProductAttributeDefinitionService.GetByIdAsync,IUnifiedProductAttributeDefinitionService.GetByIdAsync,200;400;401;403;404;409;500 (ServiceResult),DIRECT,COMPATIBLE,"DTO, route, verb, binding, authorization and ServiceResult mapping preserved."
ProductAttributeDefinitionsController,UnifiedProductAttributeDefinitionsController,Create,api/productattributedefinitions,POST,AddProductAttributeDefinitionRequestDTO dto default= [Microsoft.AspNetCore.Mvc.FromBodyAttribute()];CancellationToken ct default= ,AddProductAttributeDefinitionRequestDTO dto default= [Microsoft.AspNetCore.Mvc.FromBodyAttribute()];CancellationToken ct default= ,Task<ActionResult<ServiceResult<ProductAttributeDefinitionDetailDTO>>>,Task<ActionResult<ServiceResult<ProductAttributeDefinitionDetailDTO>>>,"roles=superadmin,policy=,schemes=;","HttpPostAttribute:HttpMethods=POST,Template=,Order=0,Name=",IProductAttributeDefinitionService.CreateAsync,IUnifiedProductAttributeDefinitionService.CreateAsync,200;400;401;403;404;409;500 (ServiceResult),DIRECT,COMPATIBLE,"DTO, route, verb, binding, authorization and ServiceResult mapping preserved."
ProductAttributeDefinitionsController,UnifiedProductAttributeDefinitionsController,Update,api/productattributedefinitions/{id:int},PUT,Int32 id default= ;UpdateProductAttributeDefinitionRequestDTO dto default= [Microsoft.AspNetCore.Mvc.FromBodyAttribute()];CancellationToken ct default= ,Int32 id default= ;UpdateProductAttributeDefinitionRequestDTO dto default= [Microsoft.AspNetCore.Mvc.FromBodyAttribute()];CancellationToken ct default= ,Task<ActionResult<ServiceResult<ProductAttributeDefinitionDetailDTO>>>,Task<ActionResult<ServiceResult<ProductAttributeDefinitionDetailDTO>>>,"roles=superadmin,policy=,schemes=;","HttpPutAttribute:HttpMethods=PUT,Template={id:int},Order=0,Name=",IProductAttributeDefinitionService.UpdateAsync,IUnifiedProductAttributeDefinitionService.UpdateAsync,200;400;401;403;404;409;500 (ServiceResult),DIRECT,COMPATIBLE,"DTO, route, verb, binding, authorization and ServiceResult mapping preserved."
ProductAttributeDefinitionsController,UnifiedProductAttributeDefinitionsController,Delete,api/productattributedefinitions/{id:int},DELETE,Int32 id default= ;CancellationToken ct default= ,Int32 id default= ;CancellationToken ct default= ,Task<ActionResult<ServiceResult<Boolean>>>,Task<ActionResult<ServiceResult<Boolean>>>,"roles=superadmin,policy=,schemes=;","HttpDeleteAttribute:HttpMethods=DELETE,Template={id:int},Order=0,Name=",IProductAttributeDefinitionService.DeleteAsync,IUnifiedProductAttributeDefinitionService.DeleteAsync,200;400;401;403;404;409;500 (ServiceResult),DIRECT,COMPATIBLE,"DTO, route, verb, binding, authorization and ServiceResult mapping preserved."
ProductAttributesController,UnifiedProductAttributesController,GetAll,api/productattributes,GET,Boolean onlyActives default= [Microsoft.AspNetCore.Mvc.FromQueryAttribute()];CancellationToken ct default= ,Boolean onlyActives default= [Microsoft.AspNetCore.Mvc.FromQueryAttribute()];CancellationToken ct default= ,Task<ActionResult<ServiceResult<IReadOnlyList<ProductAttributeListItemDTO>>>>,Task<ActionResult<ServiceResult<IReadOnlyList<ProductAttributeListItemDTO>>>>,"roles=superadmin,policy=,schemes=;","HttpGetAttribute:HttpMethods=GET,Template=,Order=0,Name=",IProductAttributeService.ListAsync,IUnifiedProductAttributeService.ListAsync,200;400;401;403;404;409;500 (ServiceResult),DIRECT,COMPATIBLE,"DTO, route, verb, binding, authorization and ServiceResult mapping preserved."
ProductAttributesController,UnifiedProductAttributesController,GetById,api/productattributes/{id:int},GET,Int32 id default= ;CancellationToken ct default= ,Int32 id default= ;CancellationToken ct default= ,Task<ActionResult<ServiceResult<ProductAttributeDetailDTO>>>,Task<ActionResult<ServiceResult<ProductAttributeDetailDTO>>>,"roles=superadmin,policy=,schemes=;","HttpGetAttribute:HttpMethods=GET,Template={id:int},Order=0,Name=",IProductAttributeService.GetByIdAsync,IUnifiedProductAttributeService.GetByIdAsync,200;400;401;403;404;409;500 (ServiceResult),DIRECT,COMPATIBLE,"DTO, route, verb, binding, authorization and ServiceResult mapping preserved."
ProductAttributesController,UnifiedProductAttributesController,Create,api/productattributes,POST,AddProductAttributeRequestDTO dto default= [Microsoft.AspNetCore.Mvc.FromBodyAttribute()];CancellationToken ct default= ,AddProductAttributeRequestDTO dto default= [Microsoft.AspNetCore.Mvc.FromBodyAttribute()];CancellationToken ct default= ,Task<ActionResult<ServiceResult<ProductAttributeDetailDTO>>>,Task<ActionResult<ServiceResult<ProductAttributeDetailDTO>>>,"roles=superadmin,policy=,schemes=;","HttpPostAttribute:HttpMethods=POST,Template=,Order=0,Name=",IProductAttributeService.CreateAsync,IUnifiedProductAttributeService.CreateAsync,200;400;401;403;404;409;500 (ServiceResult),DIRECT,COMPATIBLE,"DTO, route, verb, binding, authorization and ServiceResult mapping preserved."
ProductAttributesController,UnifiedProductAttributesController,Update,api/productattributes/{id:int},PUT,Int32 id default= ;UpdateProductAttributeRequestDTO dto default= [Microsoft.AspNetCore.Mvc.FromBodyAttribute()];CancellationToken ct default= ,Int32 id default= ;UpdateProductAttributeRequestDTO dto default= [Microsoft.AspNetCore.Mvc.FromBodyAttribute()];CancellationToken ct default= ,Task<ActionResult<ServiceResult<ProductAttributeDetailDTO>>>,Task<ActionResult<ServiceResult<ProductAttributeDetailDTO>>>,"roles=superadmin,policy=,schemes=;","HttpPutAttribute:HttpMethods=PUT,Template={id:int},Order=0,Name=",IProductAttributeService.UpdateAsync,IUnifiedProductAttributeService.UpdateAsync,200;400;401;403;404;409;500 (ServiceResult),DIRECT,COMPATIBLE,"DTO, route, verb, binding, authorization and ServiceResult mapping preserved."
ProductAttributesController,UnifiedProductAttributesController,Delete,api/productattributes/{id:int},DELETE,Int32 id default= ;CancellationToken ct default= ,Int32 id default= ;CancellationToken ct default= ,Task<ActionResult<ServiceResult<NoContent>>>,Task<ActionResult<ServiceResult<NoContent>>>,"roles=superadmin,policy=,schemes=;","HttpDeleteAttribute:HttpMethods=DELETE,Template={id:int},Order=0,Name=",IProductAttributeService.DeleteAsync,IUnifiedProductAttributeService.DeleteAsync,200;400;401;403;404;409;500 (ServiceResult),DIRECT,COMPATIBLE,"DTO, route, verb, binding, authorization and ServiceResult mapping preserved."
ProductsController,UnifiedProductsController,GetAll,api/products,GET,CancellationToken ct default= ,CancellationToken ct default= ,Task<ActionResult<ServiceResult<IReadOnlyList<ProductListItemResponseDTO>>>>,Task<ActionResult<ServiceResult<IReadOnlyList<ProductListItemResponseDTO>>>>,"roles=superadmin,policy=,schemes=;","HttpGetAttribute:HttpMethods=GET,Template=,Order=0,Name=",IProductService.ListAsync,IUnifiedProductService.ListAsync,200;400;401;403;404;409;500 (ServiceResult),ADAPTABLE,INTENTIONAL_CHANGE,Existing Shared Product/author contract reused. Independent ProjectId nullable; external authors have UserId null and explicit AuthorId/ExternalResearcherId. Institutional writers unchanged. External author selection remains unsupported.
ProductsController,UnifiedProductsController,GetById,api/products/{id:int},GET,Int32 id default= ;CancellationToken ct default= ,Int32 id default= ;CancellationToken ct default= ,Task<ActionResult<ServiceResult<ProductDetailResponseDTO>>>,Task<ActionResult<ServiceResult<ProductDetailResponseDTO>>>,"roles=superadmin,policy=,schemes=;","HttpGetAttribute:HttpMethods=GET,Template={id:int},Order=0,Name=",IProductService.GetByIdAsync,IUnifiedProductService.GetByIdAsync,200;400;401;403;404;409;500 (ServiceResult),ADAPTABLE,INTENTIONAL_CHANGE,Existing Shared Product/author contract reused. Independent ProjectId nullable; external authors have UserId null and explicit AuthorId/ExternalResearcherId. Institutional writers unchanged. External author selection remains unsupported.
ProductsController,UnifiedProductsController,GetByProject,api/products/by-project/{projectId:int},GET,Int32 projectId default= ;CancellationToken ct default= ,Int32 projectId default= ;CancellationToken ct default= ,Task<ActionResult<ServiceResult<IReadOnlyList<ProductListItemResponseDTO>>>>,Task<ActionResult<ServiceResult<IReadOnlyList<ProductListItemResponseDTO>>>>,"roles=superadmin,policy=,schemes=;","HttpGetAttribute:HttpMethods=GET,Template=by-project/{projectId:int},Order=0,Name=",IProductService.ListByProjectAsync,IUnifiedProductService.ListByProjectAsync,200;400;401;403;404;409;500 (ServiceResult),ADAPTABLE,INTENTIONAL_CHANGE,Existing Shared Product/author contract reused. Independent ProjectId nullable; external authors have UserId null and explicit AuthorId/ExternalResearcherId. Institutional writers unchanged. External author selection remains unsupported.
ProductsController,UnifiedProductsController,Create,api/products,POST,ProductCreateRequestDTO body default= ;CancellationToken ct default= ,ProductCreateRequestDTO body default= ;CancellationToken ct default= ,Task<ActionResult<ServiceResult<ProductDetailResponseDTO>>>,Task<ActionResult<ServiceResult<ProductDetailResponseDTO>>>,"roles=superadmin,policy=,schemes=;","HttpPostAttribute:HttpMethods=POST,Template=,Order=0,Name=",IProductService.CreateAsync,IUnifiedProductService.CreateAsync,200;400;401;403;404;409;500 (ServiceResult),ADAPTABLE,INTENTIONAL_CHANGE,Existing Shared Product/author contract reused. Independent ProjectId nullable; external authors have UserId null and explicit AuthorId/ExternalResearcherId. Institutional writers unchanged. External author selection remains unsupported.
ProductsController,UnifiedProductsController,Update,api/products/{id:int},PUT,Int32 id default= ;ProductUpdateRequestDTO body default= ;CancellationToken ct default= ,Int32 id default= ;ProductUpdateRequestDTO body default= ;CancellationToken ct default= ,Task<ActionResult<ServiceResult<ProductDetailResponseDTO>>>,Task<ActionResult<ServiceResult<ProductDetailResponseDTO>>>,"roles=superadmin,policy=,schemes=;","HttpPutAttribute:HttpMethods=PUT,Template={id:int},Order=0,Name=",IProductService.UpdateAsync,IUnifiedProductService.UpdateAsync,200;400;401;403;404;409;500 (ServiceResult),ADAPTABLE,INTENTIONAL_CHANGE,Existing Shared Product/author contract reused. Independent ProjectId nullable; external authors have UserId null and explicit AuthorId/ExternalResearcherId. Institutional writers unchanged. External author selection remains unsupported.
ProductsController,UnifiedProductsController,Delete,api/products/{id:int},DELETE,Int32 id default= ;CancellationToken ct default= ,Int32 id default= ;CancellationToken ct default= ,Task<ActionResult<ServiceResult<NoContent>>>,Task<ActionResult<ServiceResult<NoContent>>>,"roles=superadmin,policy=,schemes=;","HttpDeleteAttribute:HttpMethods=DELETE,Template={id:int},Order=0,Name=",IProductService.DeleteAsync,IUnifiedProductService.DeleteAsync,200;400;401;403;404;409;500 (ServiceResult),DIRECT,COMPATIBLE,"DTO, route, verb, binding, authorization and ServiceResult mapping preserved."
ProductTypeDesignController,UnifiedProductTypeDesignController,Get,api/producttypedesign,GET,Nullable<Int32> productTypeId default= ;CancellationToken ct default= ,Nullable<Int32> productTypeId default= ;CancellationToken ct default= ,Task<ActionResult<ServiceResult<ProductTypeDesignDetailDTO>>>,Task<ActionResult<ServiceResult<ProductTypeDesignDetailDTO>>>,"roles=superadmin,policy=,schemes=;","HttpGetAttribute:HttpMethods=GET,Template=,Order=0,Name=;HttpGetAttribute:HttpMethods=GET,Template={productTypeId:int},Order=0,Name=",IProductTypeDesignService.GetDesignAsync,IUnifiedProductTypeDesignService.GetDesignAsync,200;400;401;403;404;409;500 (ServiceResult),DIRECT,COMPATIBLE,"DTO, route, verb, binding, authorization and ServiceResult mapping preserved."
ProductTypeDesignController,UnifiedProductTypeDesignController,Get,api/producttypedesign/{productTypeId:int},GET,Nullable<Int32> productTypeId default= ;CancellationToken ct default= ,Nullable<Int32> productTypeId default= ;CancellationToken ct default= ,Task<ActionResult<ServiceResult<ProductTypeDesignDetailDTO>>>,Task<ActionResult<ServiceResult<ProductTypeDesignDetailDTO>>>,"roles=superadmin,policy=,schemes=;","HttpGetAttribute:HttpMethods=GET,Template=,Order=0,Name=;HttpGetAttribute:HttpMethods=GET,Template={productTypeId:int},Order=0,Name=",IProductTypeDesignService.GetDesignAsync,IUnifiedProductTypeDesignService.GetDesignAsync,200;400;401;403;404;409;500 (ServiceResult),DIRECT,COMPATIBLE,"DTO, route, verb, binding, authorization and ServiceResult mapping preserved."
ProductTypeDesignController,UnifiedProductTypeDesignController,Save,api/producttypedesign,POST,SaveProductTypeDesignRequestDTO request default= [Microsoft.AspNetCore.Mvc.FromBodyAttribute()];CancellationToken ct default= ,SaveProductTypeDesignRequestDTO request default= [Microsoft.AspNetCore.Mvc.FromBodyAttribute()];CancellationToken ct default= ,Task<ActionResult<ServiceResult<ProductTypeDesignDetailDTO>>>,Task<ActionResult<ServiceResult<ProductTypeDesignDetailDTO>>>,"roles=superadmin,policy=,schemes=;","HttpPostAttribute:HttpMethods=POST,Template=,Order=0,Name=",IProductTypeDesignService.SaveDesignAsync,IUnifiedProductTypeDesignService.SaveDesignAsync,200;400;401;403;404;409;500 (ServiceResult),DIRECT,COMPATIBLE,"DTO, route, verb, binding, authorization and ServiceResult mapping preserved."
ProductTypesController,UnifiedProductTypesController,List,api/producttypes,GET,CancellationToken ct default= ,CancellationToken ct default= ,Task<ActionResult<ServiceResult<IReadOnlyList<CatalogListItemDTO>>>>,Task<ActionResult<ServiceResult<IReadOnlyList<CatalogListItemDTO>>>>,"roles=,policy=,schemes=;","HttpGetAttribute:HttpMethods=GET,Template=,Order=0,Name=",ICatalogCrudService<TEntity>.ListAsync,IUnifiedCatalogCrudService<TEntity>.ListAsync,200;400;401;403;404;409;500 (ServiceResult),ADAPTABLE,COMPATIBLE,"DTO, route, verb, binding, authorization and ServiceResult mapping preserved."
ProductTypesController,UnifiedProductTypesController,GetById,api/producttypes/{id:int},GET,Int32 id default= ;CancellationToken ct default= ,Int32 id default= ;CancellationToken ct default= ,Task<ActionResult<ServiceResult<CatalogDetailDTO>>>,Task<ActionResult<ServiceResult<CatalogDetailDTO>>>,"roles=,policy=,schemes=;","HttpGetAttribute:HttpMethods=GET,Template={id:int},Order=0,Name=",ICatalogCrudService<TEntity>.GetByIdAsync,IUnifiedCatalogCrudService<TEntity>.GetByIdAsync,200;400;401;403;404;409;500 (ServiceResult),ADAPTABLE,COMPATIBLE,"DTO, route, verb, binding, authorization and ServiceResult mapping preserved."
ProductTypesController,UnifiedProductTypesController,Create,api/producttypes,POST,AddCatalogRequestDTO request default= [Microsoft.AspNetCore.Mvc.FromBodyAttribute()];CancellationToken ct default= ,AddCatalogRequestDTO request default= [Microsoft.AspNetCore.Mvc.FromBodyAttribute()];CancellationToken ct default= ,Task<ActionResult<ServiceResult<CatalogDetailDTO>>>,Task<ActionResult<ServiceResult<CatalogDetailDTO>>>,"roles=,policy=,schemes=;","HttpPostAttribute:HttpMethods=POST,Template=,Order=0,Name=",ICatalogCrudService<TEntity>.CreateAsync,IUnifiedCatalogCrudService<TEntity>.CreateAsync,200;400;401;403;404;409;500 (ServiceResult),ADAPTABLE,COMPATIBLE,"DTO, route, verb, binding, authorization and ServiceResult mapping preserved."
ProductTypesController,UnifiedProductTypesController,Update,api/producttypes/{id:int},PUT,Int32 id default= ;UpdateCatalogRequestDTO request default= [Microsoft.AspNetCore.Mvc.FromBodyAttribute()];CancellationToken ct default= ,Int32 id default= ;UpdateCatalogRequestDTO request default= [Microsoft.AspNetCore.Mvc.FromBodyAttribute()];CancellationToken ct default= ,Task<ActionResult<ServiceResult<CatalogDetailDTO>>>,Task<ActionResult<ServiceResult<CatalogDetailDTO>>>,"roles=,policy=,schemes=;","HttpPutAttribute:HttpMethods=PUT,Template={id:int},Order=0,Name=",ICatalogCrudService<TEntity>.UpdateAsync,IUnifiedCatalogCrudService<TEntity>.UpdateAsync,200;400;401;403;404;409;500 (ServiceResult),ADAPTABLE,COMPATIBLE,"DTO, route, verb, binding, authorization and ServiceResult mapping preserved."
ProductTypesController,UnifiedProductTypesController,Delete,api/producttypes/{id:int},DELETE,Int32 id default= ;CancellationToken ct default= ,Int32 id default= ;CancellationToken ct default= ,Task<ActionResult<ServiceResult<NoContent>>>,Task<ActionResult<ServiceResult<NoContent>>>,"roles=,policy=,schemes=;","HttpDeleteAttribute:HttpMethods=DELETE,Template={id:int},Order=0,Name=",ICatalogCrudService<TEntity>.DeleteAsync,IUnifiedCatalogCrudService<TEntity>.DeleteAsync,200;400;401;403;404;409;500 (ServiceResult),ADAPTABLE,COMPATIBLE,"DTO, route, verb, binding, authorization and ServiceResult mapping preserved."
ProjectExtensionsController,UnifiedProjectExtensionsController,GetAll,api/projectextensions,GET,CancellationToken ct default= ,CancellationToken ct default= ,Task<ActionResult<ServiceResult<IReadOnlyList<ProjectExtensionListResponseDTO>>>>,Task<ActionResult<ServiceResult<IReadOnlyList<ProjectExtensionListResponseDTO>>>>,"roles=superadmin,policy=,schemes=;","HttpGetAttribute:HttpMethods=GET,Template=,Order=0,Name=",IProjectExtensionService.ListAsync,IUnifiedProjectExtensionService.ListAsync,200;400;401;403;404;409;500 (ServiceResult),DIRECT,COMPATIBLE,"DTO, route, verb, binding, authorization and ServiceResult mapping preserved."
ProjectExtensionsController,UnifiedProjectExtensionsController,GetById,api/projectextensions/{id:int},GET,Int32 id default= ;CancellationToken ct default= ,Int32 id default= ;CancellationToken ct default= ,Task<ActionResult<ServiceResult<ProjectExtensionListResponseDTO>>>,Task<ActionResult<ServiceResult<ProjectExtensionListResponseDTO>>>,"roles=superadmin,policy=,schemes=;","HttpGetAttribute:HttpMethods=GET,Template={id:int},Order=0,Name=",IProjectExtensionService.GetByIdAsync,IUnifiedProjectExtensionService.GetByIdAsync,200;400;401;403;404;409;500 (ServiceResult),DIRECT,COMPATIBLE,"DTO, route, verb, binding, authorization and ServiceResult mapping preserved."
ProjectExtensionsController,UnifiedProjectExtensionsController,GetByProject,api/projectextensions/by-project/{projectId:int},GET,Int32 projectId default= ;CancellationToken ct default= ,Int32 projectId default= ;CancellationToken ct default= ,Task<ActionResult<ServiceResult<IReadOnlyList<ProjectExtensionListResponseDTO>>>>,Task<ActionResult<ServiceResult<IReadOnlyList<ProjectExtensionListResponseDTO>>>>,"roles=superadmin,policy=,schemes=;","HttpGetAttribute:HttpMethods=GET,Template=by-project/{projectId:int},Order=0,Name=",IProjectExtensionService.ListByProjectAsync,IUnifiedProjectExtensionService.ListByProjectAsync,200;400;401;403;404;409;500 (ServiceResult),DIRECT,COMPATIBLE,"DTO, route, verb, binding, authorization and ServiceResult mapping preserved."
ProjectExtensionsController,UnifiedProjectExtensionsController,Create,api/projectextensions,POST,AddProjectExtensionRequestDTO body default= ;CancellationToken ct default= ,AddProjectExtensionRequestDTO body default= ;CancellationToken ct default= ,Task<ActionResult<ServiceResult<ProjectExtensionListResponseDTO>>>,Task<ActionResult<ServiceResult<ProjectExtensionListResponseDTO>>>,"roles=superadmin,policy=,schemes=;","HttpPostAttribute:HttpMethods=POST,Template=,Order=0,Name=",IProjectExtensionService.CreateAsync,IUnifiedProjectExtensionService.CreateAsync,200;400;401;403;404;409;500 (ServiceResult),DIRECT,COMPATIBLE,"DTO, route, verb, binding, authorization and ServiceResult mapping preserved."
ProjectExtensionsController,UnifiedProjectExtensionsController,Update,api/projectextensions/{id:int},PUT,Int32 id default= ;UpdateProjectExtensionRequestDTO body default= ;CancellationToken ct default= ,Int32 id default= ;UpdateProjectExtensionRequestDTO body default= ;CancellationToken ct default= ,Task<ActionResult<ServiceResult<ProjectExtensionListResponseDTO>>>,Task<ActionResult<ServiceResult<ProjectExtensionListResponseDTO>>>,"roles=superadmin,policy=,schemes=;","HttpPutAttribute:HttpMethods=PUT,Template={id:int},Order=0,Name=",IProjectExtensionService.UpdateAsync,IUnifiedProjectExtensionService.UpdateAsync,200;400;401;403;404;409;500 (ServiceResult),DIRECT,COMPATIBLE,"DTO, route, verb, binding, authorization and ServiceResult mapping preserved."
ProjectExtensionsController,UnifiedProjectExtensionsController,Delete,api/projectextensions/{id:int},DELETE,Int32 id default= ;CancellationToken ct default= ,Int32 id default= ;CancellationToken ct default= ,Task<ActionResult<ServiceResult<NoContent>>>,Task<ActionResult<ServiceResult<NoContent>>>,"roles=superadmin,policy=,schemes=;","HttpDeleteAttribute:HttpMethods=DELETE,Template={id:int},Order=0,Name=",IProjectExtensionService.DeleteAsync,IUnifiedProjectExtensionService.DeleteAsync,200;400;401;403;404;409;500 (ServiceResult),DIRECT,COMPATIBLE,"DTO, route, verb, binding, authorization and ServiceResult mapping preserved."
ProjectExtensionTypesController,UnifiedProjectExtensionTypesController,List,api/projectextensiontypes,GET,CancellationToken ct default= ,CancellationToken ct default= ,Task<ActionResult<ServiceResult<IReadOnlyList<CatalogListItemDTO>>>>,Task<ActionResult<ServiceResult<IReadOnlyList<CatalogListItemDTO>>>>,"roles=,policy=,schemes=;","HttpGetAttribute:HttpMethods=GET,Template=,Order=0,Name=",ICatalogCrudService<TEntity>.ListAsync,IUnifiedCatalogCrudService<TEntity>.ListAsync,200;400;401;403;404;409;500 (ServiceResult),ADAPTABLE,COMPATIBLE,"DTO, route, verb, binding, authorization and ServiceResult mapping preserved."
ProjectExtensionTypesController,UnifiedProjectExtensionTypesController,GetById,api/projectextensiontypes/{id:int},GET,Int32 id default= ;CancellationToken ct default= ,Int32 id default= ;CancellationToken ct default= ,Task<ActionResult<ServiceResult<CatalogDetailDTO>>>,Task<ActionResult<ServiceResult<CatalogDetailDTO>>>,"roles=,policy=,schemes=;","HttpGetAttribute:HttpMethods=GET,Template={id:int},Order=0,Name=",ICatalogCrudService<TEntity>.GetByIdAsync,IUnifiedCatalogCrudService<TEntity>.GetByIdAsync,200;400;401;403;404;409;500 (ServiceResult),ADAPTABLE,COMPATIBLE,"DTO, route, verb, binding, authorization and ServiceResult mapping preserved."
ProjectExtensionTypesController,UnifiedProjectExtensionTypesController,Create,api/projectextensiontypes,POST,AddCatalogRequestDTO request default= [Microsoft.AspNetCore.Mvc.FromBodyAttribute()];CancellationToken ct default= ,AddCatalogRequestDTO request default= [Microsoft.AspNetCore.Mvc.FromBodyAttribute()];CancellationToken ct default= ,Task<ActionResult<ServiceResult<CatalogDetailDTO>>>,Task<ActionResult<ServiceResult<CatalogDetailDTO>>>,"roles=,policy=,schemes=;","HttpPostAttribute:HttpMethods=POST,Template=,Order=0,Name=",ICatalogCrudService<TEntity>.CreateAsync,IUnifiedCatalogCrudService<TEntity>.CreateAsync,200;400;401;403;404;409;500 (ServiceResult),ADAPTABLE,COMPATIBLE,"DTO, route, verb, binding, authorization and ServiceResult mapping preserved."
ProjectExtensionTypesController,UnifiedProjectExtensionTypesController,Update,api/projectextensiontypes/{id:int},PUT,Int32 id default= ;UpdateCatalogRequestDTO request default= [Microsoft.AspNetCore.Mvc.FromBodyAttribute()];CancellationToken ct default= ,Int32 id default= ;UpdateCatalogRequestDTO request default= [Microsoft.AspNetCore.Mvc.FromBodyAttribute()];CancellationToken ct default= ,Task<ActionResult<ServiceResult<CatalogDetailDTO>>>,Task<ActionResult<ServiceResult<CatalogDetailDTO>>>,"roles=,policy=,schemes=;","HttpPutAttribute:HttpMethods=PUT,Template={id:int},Order=0,Name=",ICatalogCrudService<TEntity>.UpdateAsync,IUnifiedCatalogCrudService<TEntity>.UpdateAsync,200;400;401;403;404;409;500 (ServiceResult),ADAPTABLE,COMPATIBLE,"DTO, route, verb, binding, authorization and ServiceResult mapping preserved."
ProjectExtensionTypesController,UnifiedProjectExtensionTypesController,Delete,api/projectextensiontypes/{id:int},DELETE,Int32 id default= ;CancellationToken ct default= ,Int32 id default= ;CancellationToken ct default= ,Task<ActionResult<ServiceResult<NoContent>>>,Task<ActionResult<ServiceResult<NoContent>>>,"roles=,policy=,schemes=;","HttpDeleteAttribute:HttpMethods=DELETE,Template={id:int},Order=0,Name=",ICatalogCrudService<TEntity>.DeleteAsync,IUnifiedCatalogCrudService<TEntity>.DeleteAsync,200;400;401;403;404;409;500 (ServiceResult),ADAPTABLE,COMPATIBLE,"DTO, route, verb, binding, authorization and ServiceResult mapping preserved."
ProjectMatrixController,UnifiedProjectMatrixController,UploadAsync,api/matrix/projects/upload,POST,IFormFile file default= ;CancellationToken ct default= ,IFormFile file default= ;CancellationToken ct default= ,Task<ActionResult<ServiceResult<ProjectMatrixUploadSummaryDTO>>>,Task<ActionResult<ServiceResult<ProjectMatrixUploadSummaryDTO>>>,"roles=superadmin,policy=,schemes=;","HttpPostAttribute:HttpMethods=POST,Template=upload,Order=0,Name=",IProjectMatrixService.UploadAsync,IUnifiedProjectMatrixService.UploadAsync,200;400;401;403;404;409;500 (ServiceResult),DIRECT,INTENTIONAL_CHANGE,Import failure now returns failed ServiceResult/status/error metadata instead of success containing Errors. Existing error contract handles it.
ProjectMatrixController,UnifiedProjectMatrixController,GetFlatReport,api/matrix/projects/flat,GET,CancellationToken ct default= ,CancellationToken ct default= ,Task<ActionResult<ServiceResult<IReadOnlyList<ProjectFlatReportDTO>>>>,Task<ActionResult<ServiceResult<IReadOnlyList<ProjectFlatReportDTO>>>>,"roles=superadmin,policy=,schemes=;","HttpGetAttribute:HttpMethods=GET,Template=flat,Order=0,Name=",IProjectFlatReportService.GetFlatReportAsync,IUnifiedProjectFlatReportService.GetFlatReportAsync,200;400;401;403;404;409;500 (ServiceResult),DIRECT,INTENTIONAL_CHANGE,Report FacultyId and faculty name now come from local synchronized catalog.
ProjectObjectivesController,UnifiedProjectObjectivesController,GetByProject,api/projectobjectives/by-project/{projectId:int},GET,Int32 projectId default= ;CancellationToken ct default= ,Int32 projectId default= ;CancellationToken ct default= ,Task<ActionResult<ServiceResult<IReadOnlyList<ProjectObjectiveListItemDTO>>>>,Task<ActionResult<ServiceResult<IReadOnlyList<ProjectObjectiveListItemDTO>>>>,"roles=superadmin,policy=,schemes=;","HttpGetAttribute:HttpMethods=GET,Template=by-project/{projectId:int},Order=0,Name=",IProjectObjectiveService.ListByProjectAsync,IUnifiedProjectObjectiveService.ListByProjectAsync,200;400;401;403;404;409;500 (ServiceResult),DIRECT,COMPATIBLE,"DTO, route, verb, binding, authorization and ServiceResult mapping preserved."
ProjectObjectivesController,UnifiedProjectObjectivesController,GetByProjectWithActivities,api/projectobjectives/by-project/{projectId:int}/with-activities,GET,Int32 projectId default= ;CancellationToken ct default= ,Int32 projectId default= ;CancellationToken ct default= ,Task<ActionResult<ServiceResult<IReadOnlyList<ProjectObjectiveWithActivitiesDTO>>>>,Task<ActionResult<ServiceResult<IReadOnlyList<ProjectObjectiveWithActivitiesDTO>>>>,"roles=superadmin,policy=,schemes=;","HttpGetAttribute:HttpMethods=GET,Template=by-project/{projectId:int}/with-activities,Order=0,Name=",IProjectObjectiveService.GetByProjectWithActivitiesAsync;IProjectObjectiveService.ListByProjectWithActivitiesAsync,IUnifiedProjectObjectiveService.GetByProjectWithActivitiesAsync;IUnifiedProjectObjectiveService.ListByProjectWithActivitiesAsync,200;400;401;403;404;409;500 (ServiceResult),DIRECT,COMPATIBLE,"DTO, route, verb, binding, authorization and ServiceResult mapping preserved."
ProjectObjectivesController,UnifiedProjectObjectivesController,GetByProjectWithActivitiesByVisit,api/projectobjectives/by-visit/{projectId:int}/{visitId:int}/with-activities,GET,Int32 projectId default= ;Int32 visitId default= ;CancellationToken ct default= ,Int32 projectId default= ;Int32 visitId default= ;CancellationToken ct default= ,Task<ActionResult<ServiceResult<IReadOnlyList<ProjectObjectiveWithActivitiesDTO>>>>,Task<ActionResult<ServiceResult<IReadOnlyList<ProjectObjectiveWithActivitiesDTO>>>>,"roles=superadmin,policy=,schemes=;","HttpGetAttribute:HttpMethods=GET,Template=by-visit/{projectId:int}/{visitId:int}/with-activities,Order=0,Name=",IProjectObjectiveService.ListByProjectWithActivitiesAsync,IUnifiedProjectObjectiveService.ListByProjectWithActivitiesAsync,200;400;401;403;404;409;500 (ServiceResult),DIRECT,COMPATIBLE,"DTO, route, verb, binding, authorization and ServiceResult mapping preserved."
ProjectObjectivesController,UnifiedProjectObjectivesController,GetById,api/projectobjectives/{id:int},GET,Int32 id default= ;CancellationToken ct default= ,Int32 id default= ;CancellationToken ct default= ,Task<ActionResult<ServiceResult<ProjectObjectiveDetailDTO>>>,Task<ActionResult<ServiceResult<ProjectObjectiveDetailDTO>>>,"roles=superadmin,policy=,schemes=;","HttpGetAttribute:HttpMethods=GET,Template={id:int},Order=0,Name=",IProjectObjectiveService.GetByIdAsync,IUnifiedProjectObjectiveService.GetByIdAsync,200;400;401;403;404;409;500 (ServiceResult),DIRECT,COMPATIBLE,"DTO, route, verb, binding, authorization and ServiceResult mapping preserved."
ProjectObjectivesController,UnifiedProjectObjectivesController,Create,api/projectobjectives,POST,AddProjectObjectiveRequestDTO request default= [Microsoft.AspNetCore.Mvc.FromBodyAttribute()];CancellationToken ct default= ,AddProjectObjectiveRequestDTO request default= [Microsoft.AspNetCore.Mvc.FromBodyAttribute()];CancellationToken ct default= ,Task<ActionResult<ServiceResult<ProjectObjectiveDetailDTO>>>,Task<ActionResult<ServiceResult<ProjectObjectiveDetailDTO>>>,"roles=superadmin,policy=,schemes=;","HttpPostAttribute:HttpMethods=POST,Template=,Order=0,Name=",IProjectObjectiveService.CreateAsync,IUnifiedProjectObjectiveService.CreateAsync,200;400;401;403;404;409;500 (ServiceResult),DIRECT,COMPATIBLE,"DTO, route, verb, binding, authorization and ServiceResult mapping preserved."
ProjectObjectivesController,UnifiedProjectObjectivesController,Update,api/projectobjectives/{id:int},PUT,Int32 id default= ;UpdateProjectObjectiveRequestDTO request default= [Microsoft.AspNetCore.Mvc.FromBodyAttribute()];CancellationToken ct default= ,Int32 id default= ;UpdateProjectObjectiveRequestDTO request default= [Microsoft.AspNetCore.Mvc.FromBodyAttribute()];CancellationToken ct default= ,Task<ActionResult<ServiceResult<ProjectObjectiveDetailDTO>>>,Task<ActionResult<ServiceResult<ProjectObjectiveDetailDTO>>>,"roles=superadmin,policy=,schemes=;","HttpPutAttribute:HttpMethods=PUT,Template={id:int},Order=0,Name=",IProjectObjectiveService.UpdateAsync,IUnifiedProjectObjectiveService.UpdateAsync,200;400;401;403;404;409;500 (ServiceResult),DIRECT,COMPATIBLE,"DTO, route, verb, binding, authorization and ServiceResult mapping preserved."
ProjectObjectivesController,UnifiedProjectObjectivesController,Delete,api/projectobjectives/{id:int},DELETE,Int32 id default= ;CancellationToken ct default= ,Int32 id default= ;CancellationToken ct default= ,Task<ActionResult<ServiceResult<Boolean>>>,Task<ActionResult<ServiceResult<Boolean>>>,"roles=superadmin,policy=,schemes=;","HttpDeleteAttribute:HttpMethods=DELETE,Template={id:int},Order=0,Name=",IProjectObjectiveService.DeleteAsync,IUnifiedProjectObjectiveService.DeleteAsync,200;400;401;403;404;409;500 (ServiceResult),DIRECT,COMPATIBLE,"DTO, route, verb, binding, authorization and ServiceResult mapping preserved."
ProjectOriginTypesController,UnifiedProjectOriginTypesController,List,api/projectorigintypes,GET,CancellationToken ct default= ,CancellationToken ct default= ,Task<ActionResult<ServiceResult<IReadOnlyList<CatalogListItemDTO>>>>,Task<ActionResult<ServiceResult<IReadOnlyList<CatalogListItemDTO>>>>,"roles=,policy=,schemes=;","HttpGetAttribute:HttpMethods=GET,Template=,Order=0,Name=",ICatalogCrudService<TEntity>.ListAsync,IUnifiedCatalogCrudService<TEntity>.ListAsync,200;400;401;403;404;409;500 (ServiceResult),ADAPTABLE,COMPATIBLE,"DTO, route, verb, binding, authorization and ServiceResult mapping preserved."
ProjectOriginTypesController,UnifiedProjectOriginTypesController,GetById,api/projectorigintypes/{id:int},GET,Int32 id default= ;CancellationToken ct default= ,Int32 id default= ;CancellationToken ct default= ,Task<ActionResult<ServiceResult<CatalogDetailDTO>>>,Task<ActionResult<ServiceResult<CatalogDetailDTO>>>,"roles=,policy=,schemes=;","HttpGetAttribute:HttpMethods=GET,Template={id:int},Order=0,Name=",ICatalogCrudService<TEntity>.GetByIdAsync,IUnifiedCatalogCrudService<TEntity>.GetByIdAsync,200;400;401;403;404;409;500 (ServiceResult),ADAPTABLE,COMPATIBLE,"DTO, route, verb, binding, authorization and ServiceResult mapping preserved."
ProjectOriginTypesController,UnifiedProjectOriginTypesController,Create,api/projectorigintypes,POST,AddCatalogRequestDTO request default= [Microsoft.AspNetCore.Mvc.FromBodyAttribute()];CancellationToken ct default= ,AddCatalogRequestDTO request default= [Microsoft.AspNetCore.Mvc.FromBodyAttribute()];CancellationToken ct default= ,Task<ActionResult<ServiceResult<CatalogDetailDTO>>>,Task<ActionResult<ServiceResult<CatalogDetailDTO>>>,"roles=,policy=,schemes=;","HttpPostAttribute:HttpMethods=POST,Template=,Order=0,Name=",ICatalogCrudService<TEntity>.CreateAsync,IUnifiedCatalogCrudService<TEntity>.CreateAsync,200;400;401;403;404;409;500 (ServiceResult),ADAPTABLE,COMPATIBLE,"DTO, route, verb, binding, authorization and ServiceResult mapping preserved."
ProjectOriginTypesController,UnifiedProjectOriginTypesController,Update,api/projectorigintypes/{id:int},PUT,Int32 id default= ;UpdateCatalogRequestDTO request default= [Microsoft.AspNetCore.Mvc.FromBodyAttribute()];CancellationToken ct default= ,Int32 id default= ;UpdateCatalogRequestDTO request default= [Microsoft.AspNetCore.Mvc.FromBodyAttribute()];CancellationToken ct default= ,Task<ActionResult<ServiceResult<CatalogDetailDTO>>>,Task<ActionResult<ServiceResult<CatalogDetailDTO>>>,"roles=,policy=,schemes=;","HttpPutAttribute:HttpMethods=PUT,Template={id:int},Order=0,Name=",ICatalogCrudService<TEntity>.UpdateAsync,IUnifiedCatalogCrudService<TEntity>.UpdateAsync,200;400;401;403;404;409;500 (ServiceResult),ADAPTABLE,COMPATIBLE,"DTO, route, verb, binding, authorization and ServiceResult mapping preserved."
ProjectOriginTypesController,UnifiedProjectOriginTypesController,Delete,api/projectorigintypes/{id:int},DELETE,Int32 id default= ;CancellationToken ct default= ,Int32 id default= ;CancellationToken ct default= ,Task<ActionResult<ServiceResult<NoContent>>>,Task<ActionResult<ServiceResult<NoContent>>>,"roles=,policy=,schemes=;","HttpDeleteAttribute:HttpMethods=DELETE,Template={id:int},Order=0,Name=",ICatalogCrudService<TEntity>.DeleteAsync,IUnifiedCatalogCrudService<TEntity>.DeleteAsync,200;400;401;403;404;409;500 (ServiceResult),ADAPTABLE,COMPATIBLE,"DTO, route, verb, binding, authorization and ServiceResult mapping preserved."
ProjectResearchCategoryController,UnifiedProjectResearchCategoryController,GetByProject,api/projectresearchcategory/project/{projectId:int},GET,Int32 projectId default= ;CancellationToken ct default= ,Int32 projectId default= ;CancellationToken ct default= ,Task<ActionResult<ServiceResult<List<ProjectResearchCategoryListItemDTO>>>>,Task<ActionResult<ServiceResult<List<ProjectResearchCategoryListItemDTO>>>>,"roles=superadmin,policy=,schemes=;","HttpGetAttribute:HttpMethods=GET,Template=project/{projectId:int},Order=0,Name=",IProjectResearchCategoryService.ListAsync,IUnifiedProjectResearchCategoryService.ListAsync,200;400;401;403;404;409;500 (ServiceResult),DIRECT,COMPATIBLE,"DTO, route, verb, binding, authorization and ServiceResult mapping preserved."
ProjectResearchCategoryController,UnifiedProjectResearchCategoryController,GetById,api/projectresearchcategory/{id:int},GET,Int32 id default= ;CancellationToken ct default= ,Int32 id default= ;CancellationToken ct default= ,Task<ActionResult<ServiceResult<ProjectResearchCategoryDetailDTO>>>,Task<ActionResult<ServiceResult<ProjectResearchCategoryDetailDTO>>>,"roles=superadmin,policy=,schemes=;","HttpGetAttribute:HttpMethods=GET,Template={id:int},Order=0,Name=",IProjectResearchCategoryService.GetByIdAsync,IUnifiedProjectResearchCategoryService.GetByIdAsync,200;400;401;403;404;409;500 (ServiceResult),DIRECT,COMPATIBLE,"DTO, route, verb, binding, authorization and ServiceResult mapping preserved."
ProjectResearchCategoryController,UnifiedProjectResearchCategoryController,Create,api/projectresearchcategory,POST,AddProjectResearchCategoryRequestDTO body default= ;CancellationToken ct default= ,AddProjectResearchCategoryRequestDTO body default= ;CancellationToken ct default= ,Task<ActionResult<ServiceResult<ProjectResearchCategoryDetailDTO>>>,Task<ActionResult<ServiceResult<ProjectResearchCategoryDetailDTO>>>,"roles=superadmin,policy=,schemes=;","HttpPostAttribute:HttpMethods=POST,Template=,Order=0,Name=",IProjectResearchCategoryService.CreateAsync,IUnifiedProjectResearchCategoryService.CreateAsync,200;400;401;403;404;409;500 (ServiceResult),DIRECT,COMPATIBLE,"DTO, route, verb, binding, authorization and ServiceResult mapping preserved."
ProjectResearchCategoryController,UnifiedProjectResearchCategoryController,Update,api/projectresearchcategory/{id:int},PUT,Int32 id default= ;UpdateProjectResearchCategoryRequestDTO body default= ;CancellationToken ct default= ,Int32 id default= ;UpdateProjectResearchCategoryRequestDTO body default= ;CancellationToken ct default= ,Task<ActionResult<ServiceResult<ProjectResearchCategoryDetailDTO>>>,Task<ActionResult<ServiceResult<ProjectResearchCategoryDetailDTO>>>,"roles=superadmin,policy=,schemes=;","HttpPutAttribute:HttpMethods=PUT,Template={id:int},Order=0,Name=",IProjectResearchCategoryService.UpdateAsync,IUnifiedProjectResearchCategoryService.UpdateAsync,200;400;401;403;404;409;500 (ServiceResult),DIRECT,COMPATIBLE,"DTO, route, verb, binding, authorization and ServiceResult mapping preserved."
ProjectResearchCategoryController,UnifiedProjectResearchCategoryController,Delete,api/projectresearchcategory/{id:int},DELETE,Int32 id default= ;CancellationToken ct default= ,Int32 id default= ;CancellationToken ct default= ,Task<ActionResult<ServiceResult<NoContent>>>,Task<ActionResult<ServiceResult<NoContent>>>,"roles=superadmin,policy=,schemes=;","HttpDeleteAttribute:HttpMethods=DELETE,Template={id:int},Order=0,Name=",IProjectResearchCategoryService.DeleteAsync,IUnifiedProjectResearchCategoryService.DeleteAsync,200;400;401;403;404;409;500 (ServiceResult),DIRECT,COMPATIBLE,"DTO, route, verb, binding, authorization and ServiceResult mapping preserved."
ProjectsController,UnifiedProjectsController,GetAll,api/projects,GET,CancellationToken ct default= ,CancellationToken ct default= ,Task<ActionResult<ServiceResult<List<ProjectListResponseDTO>>>>,Task<ActionResult<ServiceResult<List<ProjectListResponseDTO>>>>,"roles=,policy=,schemes=;roles=coordinador,technical,admin,superadmin,policy=,schemes=","AuthorizeAttribute:Policy=,Roles=coordinador,technical,admin,superadmin,AuthenticationSchemes=;HttpGetAttribute:HttpMethods=GET,Template=,Order=0,Name=",IProjectService.GetAllAsync,IUnifiedProjectService.GetAllAsync,200;400;401;403;404;409;500 (ServiceResult),DIRECT,INTENTIONAL_CHANGE,"PrincipalCoordinatorFacultyId is local, paired with local bootstrap faculty IDs. HTTP request FacultyId remains external through internal adapter for Create."
ProjectsController,UnifiedProjectsController,GetById,api/projects/{id:int},GET,Int32 id default= ;CancellationToken ct default= ,Int32 id default= ;CancellationToken ct default= ,Task<ActionResult<ServiceResult<ProjectListResponseDTO>>>,Task<ActionResult<ServiceResult<ProjectListResponseDTO>>>,"roles=,policy=,schemes=;roles=coordinador,technical,admin,superadmin,policy=,schemes=","AuthorizeAttribute:Policy=,Roles=coordinador,technical,admin,superadmin,AuthenticationSchemes=;HttpGetAttribute:HttpMethods=GET,Template={id:int},Order=0,Name=",IProjectService.GetByIdAsync,IUnifiedProjectService.GetByIdAsync,200;400;401;403;404;409;500 (ServiceResult),DIRECT,INTENTIONAL_CHANGE,"PrincipalCoordinatorFacultyId is local, paired with local bootstrap faculty IDs. HTTP request FacultyId remains external through internal adapter for Create."
ProjectsController,UnifiedProjectsController,GetByType,api/projects/by-type/{projectTypeId:int},GET,Int32 projectTypeId default= ;CancellationToken ct default= ,Int32 projectTypeId default= ;CancellationToken ct default= ,Task<ActionResult<ServiceResult<List<ProjectListResponseDTO>>>>,Task<ActionResult<ServiceResult<List<ProjectListResponseDTO>>>>,"roles=,policy=,schemes=;roles=coordinador,technical,admin,superadmin,policy=,schemes=","AuthorizeAttribute:Policy=,Roles=coordinador,technical,admin,superadmin,AuthenticationSchemes=;HttpGetAttribute:HttpMethods=GET,Template=by-type/{projectTypeId:int},Order=0,Name=",IProjectService.GetByTypeAsync,IUnifiedProjectService.GetByTypeAsync,200;400;401;403;404;409;500 (ServiceResult),DIRECT,INTENTIONAL_CHANGE,"PrincipalCoordinatorFacultyId is local, paired with local bootstrap faculty IDs. HTTP request FacultyId remains external through internal adapter for Create."
ProjectsController,UnifiedProjectsController,GetProjectDetail,api/projects/detail/{projectId:int},GET,Int32 projectId default= ;CancellationToken ct default= ,Int32 projectId default= ;CancellationToken ct default= ,Task<ActionResult<ServiceResult<ProjectDetailResponseDTO>>>,Task<ActionResult<ServiceResult<ProjectDetailResponseDTO>>>,"roles=,policy=,schemes=;roles=coordinador,technical,admin,superadmin,policy=,schemes=","AuthorizeAttribute:Policy=,Roles=coordinador,technical,admin,superadmin,AuthenticationSchemes=;HttpGetAttribute:HttpMethods=GET,Template=detail/{projectId:int},Order=0,Name=",IProjectService.GetProjectDetailAsync,IUnifiedProjectService.GetProjectDetailAsync,200;400;401;403;404;409;500 (ServiceResult),DIRECT,COMPATIBLE,"DTO, route, verb, binding, authorization and ServiceResult mapping preserved."
ProjectsController,UnifiedProjectsController,Create,api/projects,POST,AddProjectRequestDTO body default= [Microsoft.AspNetCore.Mvc.FromBodyAttribute()];CancellationToken ct default= ,AddProjectRequestDTO body default= [Microsoft.AspNetCore.Mvc.FromBodyAttribute()];CancellationToken ct default= ,Task<ActionResult<ServiceResult<ProjectListResponseDTO>>>,Task<ActionResult<ServiceResult<ProjectListResponseDTO>>>,"roles=,policy=,schemes=;roles=technical,admin,superadmin,policy=,schemes=","AuthorizeAttribute:Policy=,Roles=technical,admin,superadmin,AuthenticationSchemes=;HttpPostAttribute:HttpMethods=POST,Template=,Order=0,Name=",IProjectService.CreateAsync,IUnifiedProjectService.CreateAsync,200;400;401;403;404;409;500 (ServiceResult),ADAPTABLE,INTENTIONAL_CHANGE,"PrincipalCoordinatorFacultyId is local, paired with local bootstrap faculty IDs. HTTP request FacultyId remains external through internal adapter for Create."
ProjectsController,UnifiedProjectsController,CreateFull,api/projects/full,POST,AddProjectFullRequestDTO request default= [Microsoft.AspNetCore.Mvc.FromBodyAttribute()];CancellationToken ct default= ,AddProjectFullRequestDTO request default= [Microsoft.AspNetCore.Mvc.FromBodyAttribute()];CancellationToken ct default= ,Task<ActionResult<ServiceResult<ProjectDetailResponseDTO>>>,Task<ActionResult<ServiceResult<ProjectDetailResponseDTO>>>,"roles=,policy=,schemes=;roles=technical,admin,superadmin,policy=,schemes=","AuthorizeAttribute:Policy=,Roles=technical,admin,superadmin,AuthenticationSchemes=;HttpPostAttribute:HttpMethods=POST,Template=full,Order=0,Name=",IProjectService.CreateFullAsync,IUnifiedProjectService.CreateFullAsync,200;400;401;403;404;409;500 (ServiceResult),IDENTITY_BOUNDARY,INTENTIONAL_CHANGE,Unified Identity boundary may return explicit mapping/role/pending-change failures using unchanged ServiceResult error contract.
ProjectsController,UnifiedProjectsController,Update,api/projects/{id:int},PUT,Int32 id default= ;UpdateProjectRequestDTO body default= [Microsoft.AspNetCore.Mvc.FromBodyAttribute()];CancellationToken ct default= ,Int32 id default= ;UpdateProjectRequestDTO body default= [Microsoft.AspNetCore.Mvc.FromBodyAttribute()];CancellationToken ct default= ,Task<ActionResult<ServiceResult<NoContent>>>,Task<ActionResult<ServiceResult<NoContent>>>,"roles=,policy=,schemes=;roles=technical,admin,superadmin,policy=,schemes=","AuthorizeAttribute:Policy=,Roles=technical,admin,superadmin,AuthenticationSchemes=;HttpPutAttribute:HttpMethods=PUT,Template={id:int},Order=0,Name=",IProjectService.UpdateAsync,IUnifiedProjectService.UpdateAsync,200;400;401;403;404;409;500 (ServiceResult),DIRECT,COMPATIBLE,"DTO, route, verb, binding, authorization and ServiceResult mapping preserved."
ProjectsController,UnifiedProjectsController,Delete,api/projects/{id:int},DELETE,Int32 id default= ;CancellationToken ct default= ,Int32 id default= ;CancellationToken ct default= ,Task<ActionResult<ServiceResult<NoContent>>>,Task<ActionResult<ServiceResult<NoContent>>>,"roles=,policy=,schemes=;roles=technical,admin,superadmin,policy=,schemes=","AuthorizeAttribute:Policy=,Roles=technical,admin,superadmin,AuthenticationSchemes=;HttpDeleteAttribute:HttpMethods=DELETE,Template={id:int},Order=0,Name=",IProjectService.DeleteAsync,IUnifiedProjectService.DeleteAsync,200;400;401;403;404;409;500 (ServiceResult),DIRECT,COMPATIBLE,"DTO, route, verb, binding, authorization and ServiceResult mapping preserved."
ProjectsController,UnifiedProjectsController,UpdateResearchCategories,api/projects/{projectId:int}/research-categories,PUT,Int32 projectId default= ;UpdateProjectResearchCategoriesRequestDTO request default= [Microsoft.AspNetCore.Mvc.FromBodyAttribute()];CancellationToken ct default= ,Int32 projectId default= ;UpdateProjectResearchCategoriesRequestDTO request default= [Microsoft.AspNetCore.Mvc.FromBodyAttribute()];CancellationToken ct default= ,Task<ActionResult<ServiceResult<NoContent>>>,Task<ActionResult<ServiceResult<NoContent>>>,"roles=,policy=,schemes=;roles=technical,admin,superadmin,policy=,schemes=","AuthorizeAttribute:Policy=,Roles=technical,admin,superadmin,AuthenticationSchemes=;HttpPutAttribute:HttpMethods=PUT,Template={projectId:int}/research-categories,Order=0,Name=",IProjectService.UpdateResearchCategoriesAsync,IUnifiedProjectService.UpdateResearchCategoriesAsync,200;400;401;403;404;409;500 (ServiceResult),DIRECT,COMPATIBLE,"DTO, route, verb, binding, authorization and ServiceResult mapping preserved."
ProjectsFiltersController,UnifiedProjectsFiltersController,Bootstrap,api/projects/filters/bootstrap,GET,CancellationToken ct default= ,CancellationToken ct default= ,Task<ActionResult<ServiceResult<ProjectsFilterBootstrapDTO>>>,Task<ActionResult<ServiceResult<ProjectsFilterBootstrapDTO>>>,"roles=,policy=,schemes=;","HttpGetAttribute:HttpMethods=GET,Template=bootstrap,Order=0,Name=",IProjectsFiltersService.GetBootstrapAsync,IUnifiedProjectsFiltersService.GetBootstrapAsync,200;400;401;403;404;409;500 (ServiceResult),DIRECT,INTENTIONAL_CHANGE,Bootstrap faculty IDs are local; paired with Project list IDs. Shared DTO unchanged.
ProjectStatesController,UnifiedProjectStatesController,List,api/projectstates,GET,CancellationToken ct default= ,CancellationToken ct default= ,Task<ActionResult<ServiceResult<IReadOnlyList<CatalogListItemDTO>>>>,Task<ActionResult<ServiceResult<IReadOnlyList<CatalogListItemDTO>>>>,"roles=,policy=,schemes=;","HttpGetAttribute:HttpMethods=GET,Template=,Order=0,Name=",ICatalogCrudService<TEntity>.ListAsync,IUnifiedCatalogCrudService<TEntity>.ListAsync,200;400;401;403;404;409;500 (ServiceResult),ADAPTABLE,COMPATIBLE,"DTO, route, verb, binding, authorization and ServiceResult mapping preserved."
ProjectStatesController,UnifiedProjectStatesController,GetById,api/projectstates/{id:int},GET,Int32 id default= ;CancellationToken ct default= ,Int32 id default= ;CancellationToken ct default= ,Task<ActionResult<ServiceResult<CatalogDetailDTO>>>,Task<ActionResult<ServiceResult<CatalogDetailDTO>>>,"roles=,policy=,schemes=;","HttpGetAttribute:HttpMethods=GET,Template={id:int},Order=0,Name=",ICatalogCrudService<TEntity>.GetByIdAsync,IUnifiedCatalogCrudService<TEntity>.GetByIdAsync,200;400;401;403;404;409;500 (ServiceResult),ADAPTABLE,COMPATIBLE,"DTO, route, verb, binding, authorization and ServiceResult mapping preserved."
ProjectStatesController,UnifiedProjectStatesController,Create,api/projectstates,POST,AddCatalogRequestDTO request default= [Microsoft.AspNetCore.Mvc.FromBodyAttribute()];CancellationToken ct default= ,AddCatalogRequestDTO request default= [Microsoft.AspNetCore.Mvc.FromBodyAttribute()];CancellationToken ct default= ,Task<ActionResult<ServiceResult<CatalogDetailDTO>>>,Task<ActionResult<ServiceResult<CatalogDetailDTO>>>,"roles=,policy=,schemes=;","HttpPostAttribute:HttpMethods=POST,Template=,Order=0,Name=",ICatalogCrudService<TEntity>.CreateAsync,IUnifiedCatalogCrudService<TEntity>.CreateAsync,200;400;401;403;404;409;500 (ServiceResult),ADAPTABLE,COMPATIBLE,"DTO, route, verb, binding, authorization and ServiceResult mapping preserved."
ProjectStatesController,UnifiedProjectStatesController,Update,api/projectstates/{id:int},PUT,Int32 id default= ;UpdateCatalogRequestDTO request default= [Microsoft.AspNetCore.Mvc.FromBodyAttribute()];CancellationToken ct default= ,Int32 id default= ;UpdateCatalogRequestDTO request default= [Microsoft.AspNetCore.Mvc.FromBodyAttribute()];CancellationToken ct default= ,Task<ActionResult<ServiceResult<CatalogDetailDTO>>>,Task<ActionResult<ServiceResult<CatalogDetailDTO>>>,"roles=,policy=,schemes=;","HttpPutAttribute:HttpMethods=PUT,Template={id:int},Order=0,Name=",ICatalogCrudService<TEntity>.UpdateAsync,IUnifiedCatalogCrudService<TEntity>.UpdateAsync,200;400;401;403;404;409;500 (ServiceResult),ADAPTABLE,COMPATIBLE,"DTO, route, verb, binding, authorization and ServiceResult mapping preserved."
ProjectStatesController,UnifiedProjectStatesController,Delete,api/projectstates/{id:int},DELETE,Int32 id default= ;CancellationToken ct default= ,Int32 id default= ;CancellationToken ct default= ,Task<ActionResult<ServiceResult<NoContent>>>,Task<ActionResult<ServiceResult<NoContent>>>,"roles=,policy=,schemes=;","HttpDeleteAttribute:HttpMethods=DELETE,Template={id:int},Order=0,Name=",ICatalogCrudService<TEntity>.DeleteAsync,IUnifiedCatalogCrudService<TEntity>.DeleteAsync,200;400;401;403;404;409;500 (ServiceResult),ADAPTABLE,COMPATIBLE,"DTO, route, verb, binding, authorization and ServiceResult mapping preserved."
ProjectTypesController,UnifiedProjectTypesController,List,api/projecttypes,GET,CancellationToken ct default= ,CancellationToken ct default= ,Task<ActionResult<ServiceResult<IReadOnlyList<CatalogListItemDTO>>>>,Task<ActionResult<ServiceResult<IReadOnlyList<CatalogListItemDTO>>>>,"roles=,policy=,schemes=;","HttpGetAttribute:HttpMethods=GET,Template=,Order=0,Name=",ICatalogCrudService<TEntity>.ListAsync,IUnifiedCatalogCrudService<TEntity>.ListAsync,200;400;401;403;404;409;500 (ServiceResult),ADAPTABLE,COMPATIBLE,"DTO, route, verb, binding, authorization and ServiceResult mapping preserved."
ProjectTypesController,UnifiedProjectTypesController,GetById,api/projecttypes/{id:int},GET,Int32 id default= ;CancellationToken ct default= ,Int32 id default= ;CancellationToken ct default= ,Task<ActionResult<ServiceResult<CatalogDetailDTO>>>,Task<ActionResult<ServiceResult<CatalogDetailDTO>>>,"roles=,policy=,schemes=;","HttpGetAttribute:HttpMethods=GET,Template={id:int},Order=0,Name=",ICatalogCrudService<TEntity>.GetByIdAsync,IUnifiedCatalogCrudService<TEntity>.GetByIdAsync,200;400;401;403;404;409;500 (ServiceResult),ADAPTABLE,COMPATIBLE,"DTO, route, verb, binding, authorization and ServiceResult mapping preserved."
ProjectTypesController,UnifiedProjectTypesController,Create,api/projecttypes,POST,AddCatalogRequestDTO request default= [Microsoft.AspNetCore.Mvc.FromBodyAttribute()];CancellationToken ct default= ,AddCatalogRequestDTO request default= [Microsoft.AspNetCore.Mvc.FromBodyAttribute()];CancellationToken ct default= ,Task<ActionResult<ServiceResult<CatalogDetailDTO>>>,Task<ActionResult<ServiceResult<CatalogDetailDTO>>>,"roles=,policy=,schemes=;","HttpPostAttribute:HttpMethods=POST,Template=,Order=0,Name=",ICatalogCrudService<TEntity>.CreateAsync,IUnifiedCatalogCrudService<TEntity>.CreateAsync,200;400;401;403;404;409;500 (ServiceResult),ADAPTABLE,COMPATIBLE,"DTO, route, verb, binding, authorization and ServiceResult mapping preserved."
ProjectTypesController,UnifiedProjectTypesController,Update,api/projecttypes/{id:int},PUT,Int32 id default= ;UpdateCatalogRequestDTO request default= [Microsoft.AspNetCore.Mvc.FromBodyAttribute()];CancellationToken ct default= ,Int32 id default= ;UpdateCatalogRequestDTO request default= [Microsoft.AspNetCore.Mvc.FromBodyAttribute()];CancellationToken ct default= ,Task<ActionResult<ServiceResult<CatalogDetailDTO>>>,Task<ActionResult<ServiceResult<CatalogDetailDTO>>>,"roles=,policy=,schemes=;","HttpPutAttribute:HttpMethods=PUT,Template={id:int},Order=0,Name=",ICatalogCrudService<TEntity>.UpdateAsync,IUnifiedCatalogCrudService<TEntity>.UpdateAsync,200;400;401;403;404;409;500 (ServiceResult),ADAPTABLE,COMPATIBLE,"DTO, route, verb, binding, authorization and ServiceResult mapping preserved."
ProjectTypesController,UnifiedProjectTypesController,Delete,api/projecttypes/{id:int},DELETE,Int32 id default= ;CancellationToken ct default= ,Int32 id default= ;CancellationToken ct default= ,Task<ActionResult<ServiceResult<NoContent>>>,Task<ActionResult<ServiceResult<NoContent>>>,"roles=,policy=,schemes=;","HttpDeleteAttribute:HttpMethods=DELETE,Template={id:int},Order=0,Name=",ICatalogCrudService<TEntity>.DeleteAsync,IUnifiedCatalogCrudService<TEntity>.DeleteAsync,200;400;401;403;404;409;500 (ServiceResult),ADAPTABLE,COMPATIBLE,"DTO, route, verb, binding, authorization and ServiceResult mapping preserved."
ResearchCategoriesController,UnifiedResearchCategoriesController,GetAll,api/researchcategories,GET,Boolean onlyActives default=True [Microsoft.AspNetCore.Mvc.FromQueryAttribute()];CancellationToken ct default= ,Boolean onlyActives default=True [Microsoft.AspNetCore.Mvc.FromQueryAttribute()];CancellationToken ct default= ,Task<ActionResult<ServiceResult<IReadOnlyList<ResearchCategoryListItemDTO>>>>,Task<ActionResult<ServiceResult<IReadOnlyList<ResearchCategoryListItemDTO>>>>,"roles=superadmin,policy=,schemes=;","HttpGetAttribute:HttpMethods=GET,Template=,Order=0,Name=",IResearchCategoryService.ListAsync,IUnifiedResearchCategoryService.ListAsync,200;400;401;403;404;409;500 (ServiceResult),DIRECT,COMPATIBLE,"DTO, route, verb, binding, authorization and ServiceResult mapping preserved."
ResearchCategoriesController,UnifiedResearchCategoriesController,GetTree,api/researchcategories/tree,GET,Boolean onlyActives default=True [Microsoft.AspNetCore.Mvc.FromQueryAttribute()];CancellationToken ct default= ,Boolean onlyActives default=True [Microsoft.AspNetCore.Mvc.FromQueryAttribute()];CancellationToken ct default= ,Task<ActionResult<ServiceResult<List<ResearchCategoryTreeItemDTO>>>>,Task<ActionResult<ServiceResult<List<ResearchCategoryTreeItemDTO>>>>,"roles=superadmin,policy=,schemes=;","HttpGetAttribute:HttpMethods=GET,Template=tree,Order=0,Name=",IResearchCategoryService.GetTreeAsync,IUnifiedResearchCategoryService.GetTreeAsync,200;400;401;403;404;409;500 (ServiceResult),DIRECT,COMPATIBLE,"DTO, route, verb, binding, authorization and ServiceResult mapping preserved."
ResearchCategoriesController,UnifiedResearchCategoriesController,GetById,api/researchcategories/{id:int},GET,Int32 id default= ;CancellationToken ct default= ,Int32 id default= ;CancellationToken ct default= ,Task<ActionResult<ServiceResult<ResearchCategoryDetailDTO>>>,Task<ActionResult<ServiceResult<ResearchCategoryDetailDTO>>>,"roles=superadmin,policy=,schemes=;","HttpGetAttribute:HttpMethods=GET,Template={id:int},Order=0,Name=",IResearchCategoryService.GetByIdAsync,IUnifiedResearchCategoryService.GetByIdAsync,200;400;401;403;404;409;500 (ServiceResult),DIRECT,COMPATIBLE,"DTO, route, verb, binding, authorization and ServiceResult mapping preserved."
ResearchCategoriesController,UnifiedResearchCategoriesController,Create,api/researchcategories,POST,AddResearchCategoryRequestDTO body default= [Microsoft.AspNetCore.Mvc.FromBodyAttribute()];CancellationToken ct default= ,AddResearchCategoryRequestDTO body default= [Microsoft.AspNetCore.Mvc.FromBodyAttribute()];CancellationToken ct default= ,Task<ActionResult<ServiceResult<ResearchCategoryDetailDTO>>>,Task<ActionResult<ServiceResult<ResearchCategoryDetailDTO>>>,"roles=superadmin,policy=,schemes=;","HttpPostAttribute:HttpMethods=POST,Template=,Order=0,Name=",IResearchCategoryService.CreateAsync,IUnifiedResearchCategoryService.CreateAsync,200;400;401;403;404;409;500 (ServiceResult),DIRECT,COMPATIBLE,"DTO, route, verb, binding, authorization and ServiceResult mapping preserved."
ResearchCategoriesController,UnifiedResearchCategoriesController,Update,api/researchcategories/{id:int},PUT,Int32 id default= ;UpdateResearchCategoryRequestDTO body default= [Microsoft.AspNetCore.Mvc.FromBodyAttribute()];CancellationToken ct default= ,Int32 id default= ;UpdateResearchCategoryRequestDTO body default= [Microsoft.AspNetCore.Mvc.FromBodyAttribute()];CancellationToken ct default= ,Task<ActionResult<ServiceResult<ResearchCategoryDetailDTO>>>,Task<ActionResult<ServiceResult<ResearchCategoryDetailDTO>>>,"roles=superadmin,policy=,schemes=;","HttpPutAttribute:HttpMethods=PUT,Template={id:int},Order=0,Name=",IResearchCategoryService.UpdateAsync,IUnifiedResearchCategoryService.UpdateAsync,200;400;401;403;404;409;500 (ServiceResult),DIRECT,COMPATIBLE,"DTO, route, verb, binding, authorization and ServiceResult mapping preserved."
ResearchCategoriesController,UnifiedResearchCategoriesController,Delete,api/researchcategories/{id:int},DELETE,Int32 id default= ;CancellationToken ct default= ,Int32 id default= ;CancellationToken ct default= ,Task<ActionResult<ServiceResult<NoContent>>>,Task<ActionResult<ServiceResult<NoContent>>>,"roles=superadmin,policy=,schemes=;","HttpDeleteAttribute:HttpMethods=DELETE,Template={id:int},Order=0,Name=",IResearchCategoryService.DeleteAsync,IUnifiedResearchCategoryService.DeleteAsync,200;400;401;403;404;409;500 (ServiceResult),DIRECT,COMPATIBLE,"DTO, route, verb, binding, authorization and ServiceResult mapping preserved."
ResearchCategoryGroupsController,UnifiedResearchCategoryGroupsController,List,api/researchcategorygroups,GET,CancellationToken ct default= ,CancellationToken ct default= ,Task<ActionResult<ServiceResult<IReadOnlyList<CatalogListItemDTO>>>>,Task<ActionResult<ServiceResult<IReadOnlyList<CatalogListItemDTO>>>>,"roles=,policy=,schemes=;","HttpGetAttribute:HttpMethods=GET,Template=,Order=0,Name=",ICatalogCrudService<TEntity>.ListAsync,IUnifiedCatalogCrudService<TEntity>.ListAsync,200;400;401;403;404;409;500 (ServiceResult),ADAPTABLE,COMPATIBLE,"DTO, route, verb, binding, authorization and ServiceResult mapping preserved."
ResearchCategoryGroupsController,UnifiedResearchCategoryGroupsController,GetById,api/researchcategorygroups/{id:int},GET,Int32 id default= ;CancellationToken ct default= ,Int32 id default= ;CancellationToken ct default= ,Task<ActionResult<ServiceResult<CatalogDetailDTO>>>,Task<ActionResult<ServiceResult<CatalogDetailDTO>>>,"roles=,policy=,schemes=;","HttpGetAttribute:HttpMethods=GET,Template={id:int},Order=0,Name=",ICatalogCrudService<TEntity>.GetByIdAsync,IUnifiedCatalogCrudService<TEntity>.GetByIdAsync,200;400;401;403;404;409;500 (ServiceResult),ADAPTABLE,COMPATIBLE,"DTO, route, verb, binding, authorization and ServiceResult mapping preserved."
ResearchCategoryGroupsController,UnifiedResearchCategoryGroupsController,Create,api/researchcategorygroups,POST,AddCatalogRequestDTO request default= [Microsoft.AspNetCore.Mvc.FromBodyAttribute()];CancellationToken ct default= ,AddCatalogRequestDTO request default= [Microsoft.AspNetCore.Mvc.FromBodyAttribute()];CancellationToken ct default= ,Task<ActionResult<ServiceResult<CatalogDetailDTO>>>,Task<ActionResult<ServiceResult<CatalogDetailDTO>>>,"roles=,policy=,schemes=;","HttpPostAttribute:HttpMethods=POST,Template=,Order=0,Name=",ICatalogCrudService<TEntity>.CreateAsync,IUnifiedCatalogCrudService<TEntity>.CreateAsync,200;400;401;403;404;409;500 (ServiceResult),ADAPTABLE,COMPATIBLE,"DTO, route, verb, binding, authorization and ServiceResult mapping preserved."
ResearchCategoryGroupsController,UnifiedResearchCategoryGroupsController,Update,api/researchcategorygroups/{id:int},PUT,Int32 id default= ;UpdateCatalogRequestDTO request default= [Microsoft.AspNetCore.Mvc.FromBodyAttribute()];CancellationToken ct default= ,Int32 id default= ;UpdateCatalogRequestDTO request default= [Microsoft.AspNetCore.Mvc.FromBodyAttribute()];CancellationToken ct default= ,Task<ActionResult<ServiceResult<CatalogDetailDTO>>>,Task<ActionResult<ServiceResult<CatalogDetailDTO>>>,"roles=,policy=,schemes=;","HttpPutAttribute:HttpMethods=PUT,Template={id:int},Order=0,Name=",ICatalogCrudService<TEntity>.UpdateAsync,IUnifiedCatalogCrudService<TEntity>.UpdateAsync,200;400;401;403;404;409;500 (ServiceResult),ADAPTABLE,COMPATIBLE,"DTO, route, verb, binding, authorization and ServiceResult mapping preserved."
ResearchCategoryGroupsController,UnifiedResearchCategoryGroupsController,Delete,api/researchcategorygroups/{id:int},DELETE,Int32 id default= ;CancellationToken ct default= ,Int32 id default= ;CancellationToken ct default= ,Task<ActionResult<ServiceResult<NoContent>>>,Task<ActionResult<ServiceResult<NoContent>>>,"roles=,policy=,schemes=;","HttpDeleteAttribute:HttpMethods=DELETE,Template={id:int},Order=0,Name=",ICatalogCrudService<TEntity>.DeleteAsync,IUnifiedCatalogCrudService<TEntity>.DeleteAsync,200;400;401;403;404;409;500 (ServiceResult),ADAPTABLE,COMPATIBLE,"DTO, route, verb, binding, authorization and ServiceResult mapping preserved."
ResearchCategoryTypeController,UnifiedResearchCategoryTypeController,ListAsync,api/catalog/research-category-types,GET,Boolean onlyActives default=True [Microsoft.AspNetCore.Mvc.FromQueryAttribute()],Boolean onlyActives default=True [Microsoft.AspNetCore.Mvc.FromQueryAttribute()],Task<ActionResult<ServiceResult<IReadOnlyList<ResearchCategoryTypeListItemDTO>>>>,Task<ActionResult<ServiceResult<IReadOnlyList<ResearchCategoryTypeListItemDTO>>>>,;,"HttpGetAttribute:HttpMethods=GET,Template=,Order=0,Name=",IResearchCategoryTypeService.ListAsync,IUnifiedResearchCategoryTypeService.ListAsync,200;400;401;403;404;409;500 (ServiceResult),ADAPTABLE,COMPATIBLE,"DTO, route, verb, binding, authorization and ServiceResult mapping preserved. Existing signature preserved; cancellation forwarded from HttpContext.RequestAborted."
ResearchCategoryTypeController,UnifiedResearchCategoryTypeController,GetByIdAsync,api/catalog/research-category-types/{id:int},GET,Int32 id default= ,Int32 id default= ,Task<ActionResult<ServiceResult<ResearchCategoryTypeDetailDTO>>>,Task<ActionResult<ServiceResult<ResearchCategoryTypeDetailDTO>>>,;,"HttpGetAttribute:HttpMethods=GET,Template={id:int},Order=0,Name=",IResearchCategoryTypeService.GetByIdAsync,IUnifiedResearchCategoryTypeService.GetByIdAsync,200;400;401;403;404;409;500 (ServiceResult),ADAPTABLE,COMPATIBLE,"DTO, route, verb, binding, authorization and ServiceResult mapping preserved. Existing signature preserved; cancellation forwarded from HttpContext.RequestAborted."
ResearchCategoryTypeController,UnifiedResearchCategoryTypeController,CreateAsync,api/catalog/research-category-types,POST,ResearchCategoryTypeCreateRequestDTO dto default= [Microsoft.AspNetCore.Mvc.FromBodyAttribute()],ResearchCategoryTypeCreateRequestDTO dto default= [Microsoft.AspNetCore.Mvc.FromBodyAttribute()],Task<ActionResult<ServiceResult<Int32>>>,Task<ActionResult<ServiceResult<Int32>>>,;,"HttpPostAttribute:HttpMethods=POST,Template=,Order=0,Name=",IResearchCategoryTypeService.CreateAsync,IUnifiedResearchCategoryTypeService.CreateAsync,200;400;401;403;404;409;500 (ServiceResult),ADAPTABLE,COMPATIBLE,"DTO, route, verb, binding, authorization and ServiceResult mapping preserved. Existing signature preserved; cancellation forwarded from HttpContext.RequestAborted."
ResearchCategoryTypeController,UnifiedResearchCategoryTypeController,UpdateAsync,api/catalog/research-category-types/{id:int},PUT,Int32 id default= ;ResearchCategoryTypeUpdateRequestDTO dto default= [Microsoft.AspNetCore.Mvc.FromBodyAttribute()],Int32 id default= ;ResearchCategoryTypeUpdateRequestDTO dto default= [Microsoft.AspNetCore.Mvc.FromBodyAttribute()],Task<ActionResult<ServiceResult<Boolean>>>,Task<ActionResult<ServiceResult<Boolean>>>,;,"HttpPutAttribute:HttpMethods=PUT,Template={id:int},Order=0,Name=",IResearchCategoryTypeService.UpdateAsync,IUnifiedResearchCategoryTypeService.UpdateAsync,200;400;401;403;404;409;500 (ServiceResult),ADAPTABLE,COMPATIBLE,"DTO, route, verb, binding, authorization and ServiceResult mapping preserved. Existing signature preserved; cancellation forwarded from HttpContext.RequestAborted."
ResearchCategoryTypeController,UnifiedResearchCategoryTypeController,DeleteAsync,api/catalog/research-category-types/{id:int},DELETE,Int32 id default= ,Int32 id default= ,Task<ActionResult<ServiceResult<Boolean>>>,Task<ActionResult<ServiceResult<Boolean>>>,;,"HttpDeleteAttribute:HttpMethods=DELETE,Template={id:int},Order=0,Name=",IResearchCategoryTypeService.DeleteAsync,IUnifiedResearchCategoryTypeService.DeleteAsync,200;400;401;403;404;409;500 (ServiceResult),ADAPTABLE,COMPATIBLE,"DTO, route, verb, binding, authorization and ServiceResult mapping preserved. Existing signature preserved; cancellation forwarded from HttpContext.RequestAborted."
TransactionTypesController,UnifiedTransactionTypesController,List,api/transactiontypes,GET,CancellationToken ct default= ,CancellationToken ct default= ,Task<ActionResult<ServiceResult<IReadOnlyList<CatalogListItemDTO>>>>,Task<ActionResult<ServiceResult<IReadOnlyList<CatalogListItemDTO>>>>,"roles=,policy=,schemes=;","HttpGetAttribute:HttpMethods=GET,Template=,Order=0,Name=",ICatalogCrudService<TEntity>.ListAsync,IUnifiedCatalogCrudService<TEntity>.ListAsync,200;400;401;403;404;409;500 (ServiceResult),ADAPTABLE,COMPATIBLE,"DTO, route, verb, binding, authorization and ServiceResult mapping preserved."
TransactionTypesController,UnifiedTransactionTypesController,GetById,api/transactiontypes/{id:int},GET,Int32 id default= ;CancellationToken ct default= ,Int32 id default= ;CancellationToken ct default= ,Task<ActionResult<ServiceResult<CatalogDetailDTO>>>,Task<ActionResult<ServiceResult<CatalogDetailDTO>>>,"roles=,policy=,schemes=;","HttpGetAttribute:HttpMethods=GET,Template={id:int},Order=0,Name=",ICatalogCrudService<TEntity>.GetByIdAsync,IUnifiedCatalogCrudService<TEntity>.GetByIdAsync,200;400;401;403;404;409;500 (ServiceResult),ADAPTABLE,COMPATIBLE,"DTO, route, verb, binding, authorization and ServiceResult mapping preserved."
TransactionTypesController,UnifiedTransactionTypesController,Create,api/transactiontypes,POST,AddCatalogRequestDTO request default= [Microsoft.AspNetCore.Mvc.FromBodyAttribute()];CancellationToken ct default= ,AddCatalogRequestDTO request default= [Microsoft.AspNetCore.Mvc.FromBodyAttribute()];CancellationToken ct default= ,Task<ActionResult<ServiceResult<CatalogDetailDTO>>>,Task<ActionResult<ServiceResult<CatalogDetailDTO>>>,"roles=,policy=,schemes=;","HttpPostAttribute:HttpMethods=POST,Template=,Order=0,Name=",ICatalogCrudService<TEntity>.CreateAsync,IUnifiedCatalogCrudService<TEntity>.CreateAsync,200;400;401;403;404;409;500 (ServiceResult),ADAPTABLE,COMPATIBLE,"DTO, route, verb, binding, authorization and ServiceResult mapping preserved."
TransactionTypesController,UnifiedTransactionTypesController,Update,api/transactiontypes/{id:int},PUT,Int32 id default= ;UpdateCatalogRequestDTO request default= [Microsoft.AspNetCore.Mvc.FromBodyAttribute()];CancellationToken ct default= ,Int32 id default= ;UpdateCatalogRequestDTO request default= [Microsoft.AspNetCore.Mvc.FromBodyAttribute()];CancellationToken ct default= ,Task<ActionResult<ServiceResult<CatalogDetailDTO>>>,Task<ActionResult<ServiceResult<CatalogDetailDTO>>>,"roles=,policy=,schemes=;","HttpPutAttribute:HttpMethods=PUT,Template={id:int},Order=0,Name=",ICatalogCrudService<TEntity>.UpdateAsync,IUnifiedCatalogCrudService<TEntity>.UpdateAsync,200;400;401;403;404;409;500 (ServiceResult),ADAPTABLE,COMPATIBLE,"DTO, route, verb, binding, authorization and ServiceResult mapping preserved."
TransactionTypesController,UnifiedTransactionTypesController,Delete,api/transactiontypes/{id:int},DELETE,Int32 id default= ;CancellationToken ct default= ,Int32 id default= ;CancellationToken ct default= ,Task<ActionResult<ServiceResult<NoContent>>>,Task<ActionResult<ServiceResult<NoContent>>>,"roles=,policy=,schemes=;","HttpDeleteAttribute:HttpMethods=DELETE,Template={id:int},Order=0,Name=",ICatalogCrudService<TEntity>.DeleteAsync,IUnifiedCatalogCrudService<TEntity>.DeleteAsync,200;400;401;403;404;409;500 (ServiceResult),ADAPTABLE,COMPATIBLE,"DTO, route, verb, binding, authorization and ServiceResult mapping preserved."
VisitIssuesController,UnifiedVisitIssuesController,GetById,api/visitissues/{id:int},GET,Int32 id default= ;CancellationToken ct default= ,Int32 id default= ;CancellationToken ct default= ,Task<ActionResult<ServiceResult<VisitIssueResponseDTO>>>,Task<ActionResult<ServiceResult<VisitIssueResponseDTO>>>,"roles=superadmin,policy=,schemes=;","HttpGetAttribute:HttpMethods=GET,Template={id:int},Order=0,Name=",IVisitIssueService.GetByIdAsync,IUnifiedVisitIssueService.GetByIdAsync,200;400;401;403;404;409;500 (ServiceResult),DIRECT,COMPATIBLE,"DTO, route, verb, binding, authorization and ServiceResult mapping preserved."
VisitIssuesController,UnifiedVisitIssuesController,ListByVisit,api/visitissues/by-visit/{visitId:int},GET,Int32 visitId default= ;CancellationToken ct default= ,Int32 visitId default= ;CancellationToken ct default= ,Task<ActionResult<ServiceResult<IReadOnlyList<VisitIssueResponseDTO>>>>,Task<ActionResult<ServiceResult<IReadOnlyList<VisitIssueResponseDTO>>>>,"roles=superadmin,policy=,schemes=;","HttpGetAttribute:HttpMethods=GET,Template=by-visit/{visitId:int},Order=0,Name=",IVisitIssueService.ListByVisitAsync,IUnifiedVisitIssueService.ListByVisitAsync,200;400;401;403;404;409;500 (ServiceResult),DIRECT,COMPATIBLE,"DTO, route, verb, binding, authorization and ServiceResult mapping preserved."
VisitIssuesController,UnifiedVisitIssuesController,Create,api/visitissues,POST,VisitIssueCreateRequestDTO body default= [Microsoft.AspNetCore.Mvc.FromBodyAttribute()];CancellationToken ct default= ,VisitIssueCreateRequestDTO body default= [Microsoft.AspNetCore.Mvc.FromBodyAttribute()];CancellationToken ct default= ,Task<ActionResult<ServiceResult<VisitIssueResponseDTO>>>,Task<ActionResult<ServiceResult<VisitIssueResponseDTO>>>,"roles=superadmin,policy=,schemes=;","HttpPostAttribute:HttpMethods=POST,Template=,Order=0,Name=",IVisitIssueService.CreateAsync,IUnifiedVisitIssueService.CreateAsync,200;400;401;403;404;409;500 (ServiceResult),DIRECT,COMPATIBLE,"DTO, route, verb, binding, authorization and ServiceResult mapping preserved."
VisitIssuesController,UnifiedVisitIssuesController,Update,api/visitissues/{id:int},PATCH,Int32 id default= ;VisitIssueUpdateRequestDTO body default= [Microsoft.AspNetCore.Mvc.FromBodyAttribute()];CancellationToken ct default= ,Int32 id default= ;VisitIssueUpdateRequestDTO body default= [Microsoft.AspNetCore.Mvc.FromBodyAttribute()];CancellationToken ct default= ,Task<ActionResult<ServiceResult<VisitIssueResponseDTO>>>,Task<ActionResult<ServiceResult<VisitIssueResponseDTO>>>,"roles=superadmin,policy=,schemes=;","HttpPatchAttribute:HttpMethods=PATCH,Template={id:int},Order=0,Name=",IVisitIssueService.UpdateAsync,IUnifiedVisitIssueService.UpdateAsync,200;400;401;403;404;409;500 (ServiceResult),DIRECT,COMPATIBLE,"DTO, route, verb, binding, authorization and ServiceResult mapping preserved."
VisitIssuesController,UnifiedVisitIssuesController,Delete,api/visitissues/{id:int},DELETE,Int32 id default= ;CancellationToken ct default= ,Int32 id default= ;CancellationToken ct default= ,Task<ActionResult<ServiceResult<NoContent>>>,Task<ActionResult<ServiceResult<NoContent>>>,"roles=superadmin,policy=,schemes=;","HttpDeleteAttribute:HttpMethods=DELETE,Template={id:int},Order=0,Name=",IVisitIssueService.DeleteAsync,IUnifiedVisitIssueService.DeleteAsync,200;400;401;403;404;409;500 (ServiceResult),DIRECT,COMPATIBLE,"DTO, route, verb, binding, authorization and ServiceResult mapping preserved."
VisitObjectiveActivityProgressesController,UnifiedVisitObjectiveActivityProgressesController,UpsertSingle,api/visitobjectiveactivityprogresses,PUT,UpsertSingleVisitObjectiveActivityProgressRequestDTO body default= [Microsoft.AspNetCore.Mvc.FromBodyAttribute()];CancellationToken ct default= ,UpsertSingleVisitObjectiveActivityProgressRequestDTO body default= [Microsoft.AspNetCore.Mvc.FromBodyAttribute()];CancellationToken ct default= ,Task<ActionResult<ServiceResult<VisitObjectiveActivityProgressSingleResponseDTO>>>,Task<ActionResult<ServiceResult<VisitObjectiveActivityProgressSingleResponseDTO>>>,"roles=superadmin,policy=,schemes=;","HttpPutAttribute:HttpMethods=PUT,Template=,Order=0,Name=",IVisitObjectiveActivityProgressService.UpsertSingleAsync,IUnifiedVisitObjectiveActivityProgressService.UpsertSingleAsync,200;400;401;403;404;409;500 (ServiceResult),DIRECT,COMPATIBLE,"DTO, route, verb, binding, authorization and ServiceResult mapping preserved."
VisitObjectiveActivityProgressesController,UnifiedVisitObjectiveActivityProgressesController,Delete,api/visitobjectiveactivityprogresses/{id:int},DELETE,Int32 id default= ;CancellationToken ct default= ,Int32 id default= ;CancellationToken ct default= ,Task<ActionResult<ServiceResult<NoContent>>>,Task<ActionResult<ServiceResult<NoContent>>>,"roles=superadmin,policy=,schemes=;","HttpDeleteAttribute:HttpMethods=DELETE,Template={id:int},Order=0,Name=",IVisitObjectiveActivityProgressService.DeleteAsync,IUnifiedVisitObjectiveActivityProgressService.DeleteAsync,200;400;401;403;404;409;500 (ServiceResult),DIRECT,COMPATIBLE,"DTO, route, verb, binding, authorization and ServiceResult mapping preserved."
VisitsController,UnifiedVisitsController,GetAll,api/visits,GET,CancellationToken ct default= ,CancellationToken ct default= ,Task<ActionResult<ServiceResult<IReadOnlyList<VisitListResponseDTO>>>>,Task<ActionResult<ServiceResult<IReadOnlyList<VisitListResponseDTO>>>>,"roles=superadmin,policy=,schemes=;","HttpGetAttribute:HttpMethods=GET,Template=,Order=0,Name=",IVisitService.ListAsync,IUnifiedVisitService.ListAsync,200;400;401;403;404;409;500 (ServiceResult),DIRECT,COMPATIBLE,"DTO, route, verb, binding, authorization and ServiceResult mapping preserved."
VisitsController,UnifiedVisitsController,GetById,api/visits/{id:int},GET,Int32 id default= ;CancellationToken ct default= ,Int32 id default= ;CancellationToken ct default= ,Task<ActionResult<ServiceResult<VisitListResponseDTO>>>,Task<ActionResult<ServiceResult<VisitListResponseDTO>>>,"roles=superadmin,policy=,schemes=;","HttpGetAttribute:HttpMethods=GET,Template={id:int},Order=0,Name=",IVisitService.GetByIdAsync,IUnifiedVisitService.GetByIdAsync,200;400;401;403;404;409;500 (ServiceResult),DIRECT,COMPATIBLE,"DTO, route, verb, binding, authorization and ServiceResult mapping preserved."
VisitsController,UnifiedVisitsController,GetDetail,api/visits/{id:int}/detail,GET,Int32 id default= ;CancellationToken ct default= ,Int32 id default= ;CancellationToken ct default= ,Task<ActionResult<ServiceResult<VisitDetailResponseDTO>>>,Task<ActionResult<ServiceResult<VisitDetailResponseDTO>>>,"roles=superadmin,policy=,schemes=;","HttpGetAttribute:HttpMethods=GET,Template={id:int}/detail,Order=0,Name=",IVisitService.GetVisitDetailAsync,IUnifiedVisitService.GetVisitDetailAsync,200;400;401;403;404;409;500 (ServiceResult),DIRECT,COMPATIBLE,"DTO, route, verb, binding, authorization and ServiceResult mapping preserved."
VisitsController,UnifiedVisitsController,GetByProject,api/visits/by-project/{projectId:int},GET,Int32 projectId default= ;CancellationToken ct default= ,Int32 projectId default= ;CancellationToken ct default= ,Task<ActionResult<ServiceResult<IReadOnlyList<VisitListResponseDTO>>>>,Task<ActionResult<ServiceResult<IReadOnlyList<VisitListResponseDTO>>>>,"roles=superadmin,policy=,schemes=;","HttpGetAttribute:HttpMethods=GET,Template=by-project/{projectId:int},Order=0,Name=",IVisitService.ListByProjectAsync,IUnifiedVisitService.ListByProjectAsync,200;400;401;403;404;409;500 (ServiceResult),DIRECT,COMPATIBLE,"DTO, route, verb, binding, authorization and ServiceResult mapping preserved."
VisitsController,UnifiedVisitsController,GetByState,api/visits/by-state/{visitStateId:int},GET,Int32 visitStateId default= ;CancellationToken ct default= ,Int32 visitStateId default= ;CancellationToken ct default= ,Task<ActionResult<ServiceResult<IReadOnlyList<VisitPlannedForExecutionListDTO>>>>,Task<ActionResult<ServiceResult<IReadOnlyList<VisitPlannedForExecutionListDTO>>>>,"roles=superadmin,policy=,schemes=;","HttpGetAttribute:HttpMethods=GET,Template=by-state/{visitStateId:int},Order=0,Name=",IVisitService.ListByStateAsync,IUnifiedVisitService.ListByStateAsync,200;400;401;403;404;409;500 (ServiceResult),DIRECT,COMPATIBLE,"DTO, route, verb, binding, authorization and ServiceResult mapping preserved."
VisitsController,UnifiedVisitsController,Create,api/visits,POST,AddVisitRequestDTO body default= ;CancellationToken ct default= ,AddVisitRequestDTO body default= ;CancellationToken ct default= ,Task<ActionResult<ServiceResult<VisitListResponseDTO>>>,Task<ActionResult<ServiceResult<VisitListResponseDTO>>>,"roles=superadmin,policy=,schemes=;","HttpPostAttribute:HttpMethods=POST,Template=,Order=0,Name=",IVisitService.CreateAsync,IUnifiedVisitService.CreateAsync,200;400;401;403;404;409;500 (ServiceResult),DIRECT,COMPATIBLE,"DTO, route, verb, binding, authorization and ServiceResult mapping preserved."
VisitsController,UnifiedVisitsController,Update,api/visits/{id:int},PUT,Int32 id default= ;UpdateVisitRequestDTO body default= ;CancellationToken ct default= ,Int32 id default= ;UpdateVisitRequestDTO body default= ;CancellationToken ct default= ,Task<ActionResult<ServiceResult<VisitListResponseDTO>>>,Task<ActionResult<ServiceResult<VisitListResponseDTO>>>,"roles=superadmin,policy=,schemes=;","HttpPutAttribute:HttpMethods=PUT,Template={id:int},Order=0,Name=",IVisitService.UpdateAsync,IUnifiedVisitService.UpdateAsync,200;400;401;403;404;409;500 (ServiceResult),DIRECT,COMPATIBLE,"DTO, route, verb, binding, authorization and ServiceResult mapping preserved."
VisitsController,UnifiedVisitsController,Delete,api/visits/{id:int},DELETE,Int32 id default= ;CancellationToken ct default= ,Int32 id default= ;CancellationToken ct default= ,Task<ActionResult<ServiceResult<NoContent>>>,Task<ActionResult<ServiceResult<NoContent>>>,"roles=superadmin,policy=,schemes=;","HttpDeleteAttribute:HttpMethods=DELETE,Template={id:int},Order=0,Name=",IVisitService.DeleteAsync,IUnifiedVisitService.DeleteAsync,200;400;401;403;404;409;500 (ServiceResult),DIRECT,COMPATIBLE,"DTO, route, verb, binding, authorization and ServiceResult mapping preserved."
VisitsController,UnifiedVisitsController,Finalize,api/visits/{id:int}/finalize,PUT,Int32 id default= ;FinalizeVisitRequestDTO body default= [Microsoft.AspNetCore.Mvc.FromBodyAttribute()];CancellationToken ct default= ,Int32 id default= ;FinalizeVisitRequestDTO body default= [Microsoft.AspNetCore.Mvc.FromBodyAttribute()];CancellationToken ct default= ,Task<ActionResult<ServiceResult<VisitListResponseDTO>>>,Task<ActionResult<ServiceResult<VisitListResponseDTO>>>,"roles=superadmin,policy=,schemes=;","HttpPutAttribute:HttpMethods=PUT,Template={id:int}/finalize,Order=0,Name=",IVisitService.FinalizeAsync,IUnifiedVisitService.FinalizeAsync,200;400;401;403;404;409;500 (ServiceResult),DIRECT,COMPATIBLE,"DTO, route, verb, binding, authorization and ServiceResult mapping preserved."
VisitsController,UnifiedVisitsController,BulkSchedule,api/visits/bulk/schedule,PUT,BulkScheduleVisitsRequestDTO request default= [Microsoft.AspNetCore.Mvc.FromBodyAttribute()];CancellationToken ct default= ,BulkScheduleVisitsRequestDTO request default= [Microsoft.AspNetCore.Mvc.FromBodyAttribute()];CancellationToken ct default= ,Task<ActionResult<ServiceResult<NoContent>>>,Task<ActionResult<ServiceResult<NoContent>>>,"roles=superadmin,policy=,schemes=;","HttpPutAttribute:HttpMethods=PUT,Template=bulk/schedule,Order=0,Name=",IVisitService.BulkScheduleAsync,IUnifiedVisitService.BulkScheduleAsync,200;400;401;403;404;409;500 (ServiceResult),DIRECT,COMPATIBLE,"DTO, route, verb, binding, authorization and ServiceResult mapping preserved."
VisitsController,UnifiedVisitsController,GetPlannedForExecution,api/visits/planned-for-execution,GET,Nullable<DateOnly> executionDate default= [Microsoft.AspNetCore.Mvc.FromQueryAttribute()];CancellationToken ct default= ,Nullable<DateOnly> executionDate default= [Microsoft.AspNetCore.Mvc.FromQueryAttribute()];CancellationToken ct default= ,Task<ActionResult<ServiceResult<IReadOnlyList<VisitPlannedForExecutionListDTO>>>>,Task<ActionResult<ServiceResult<IReadOnlyList<VisitPlannedForExecutionListDTO>>>>,"roles=superadmin,policy=,schemes=;","HttpGetAttribute:HttpMethods=GET,Template=planned-for-execution,Order=0,Name=",IVisitService.ListPlannedForExecutionAsync,IUnifiedVisitService.ListPlannedForExecutionAsync,200;400;401;403;404;409;500 (ServiceResult),DIRECT,COMPATIBLE,"DTO, route, verb, binding, authorization and ServiceResult mapping preserved."
VisitStatesController,UnifiedVisitStatesController,List,api/visitstates,GET,CancellationToken ct default= ,CancellationToken ct default= ,Task<ActionResult<ServiceResult<IReadOnlyList<CatalogListItemDTO>>>>,Task<ActionResult<ServiceResult<IReadOnlyList<CatalogListItemDTO>>>>,"roles=,policy=,schemes=;","HttpGetAttribute:HttpMethods=GET,Template=,Order=0,Name=",ICatalogCrudService<TEntity>.ListAsync,IUnifiedCatalogCrudService<TEntity>.ListAsync,200;400;401;403;404;409;500 (ServiceResult),ADAPTABLE,COMPATIBLE,"DTO, route, verb, binding, authorization and ServiceResult mapping preserved."
VisitStatesController,UnifiedVisitStatesController,GetById,api/visitstates/{id:int},GET,Int32 id default= ;CancellationToken ct default= ,Int32 id default= ;CancellationToken ct default= ,Task<ActionResult<ServiceResult<CatalogDetailDTO>>>,Task<ActionResult<ServiceResult<CatalogDetailDTO>>>,"roles=,policy=,schemes=;","HttpGetAttribute:HttpMethods=GET,Template={id:int},Order=0,Name=",ICatalogCrudService<TEntity>.GetByIdAsync,IUnifiedCatalogCrudService<TEntity>.GetByIdAsync,200;400;401;403;404;409;500 (ServiceResult),ADAPTABLE,COMPATIBLE,"DTO, route, verb, binding, authorization and ServiceResult mapping preserved."
VisitStatesController,UnifiedVisitStatesController,Create,api/visitstates,POST,AddCatalogRequestDTO request default= [Microsoft.AspNetCore.Mvc.FromBodyAttribute()];CancellationToken ct default= ,AddCatalogRequestDTO request default= [Microsoft.AspNetCore.Mvc.FromBodyAttribute()];CancellationToken ct default= ,Task<ActionResult<ServiceResult<CatalogDetailDTO>>>,Task<ActionResult<ServiceResult<CatalogDetailDTO>>>,"roles=,policy=,schemes=;","HttpPostAttribute:HttpMethods=POST,Template=,Order=0,Name=",ICatalogCrudService<TEntity>.CreateAsync,IUnifiedCatalogCrudService<TEntity>.CreateAsync,200;400;401;403;404;409;500 (ServiceResult),ADAPTABLE,COMPATIBLE,"DTO, route, verb, binding, authorization and ServiceResult mapping preserved."
VisitStatesController,UnifiedVisitStatesController,Update,api/visitstates/{id:int},PUT,Int32 id default= ;UpdateCatalogRequestDTO request default= [Microsoft.AspNetCore.Mvc.FromBodyAttribute()];CancellationToken ct default= ,Int32 id default= ;UpdateCatalogRequestDTO request default= [Microsoft.AspNetCore.Mvc.FromBodyAttribute()];CancellationToken ct default= ,Task<ActionResult<ServiceResult<CatalogDetailDTO>>>,Task<ActionResult<ServiceResult<CatalogDetailDTO>>>,"roles=,policy=,schemes=;","HttpPutAttribute:HttpMethods=PUT,Template={id:int},Order=0,Name=",ICatalogCrudService<TEntity>.UpdateAsync,IUnifiedCatalogCrudService<TEntity>.UpdateAsync,200;400;401;403;404;409;500 (ServiceResult),ADAPTABLE,COMPATIBLE,"DTO, route, verb, binding, authorization and ServiceResult mapping preserved."
VisitStatesController,UnifiedVisitStatesController,Delete,api/visitstates/{id:int},DELETE,Int32 id default= ;CancellationToken ct default= ,Int32 id default= ;CancellationToken ct default= ,Task<ActionResult<ServiceResult<NoContent>>>,Task<ActionResult<ServiceResult<NoContent>>>,"roles=,policy=,schemes=;","HttpDeleteAttribute:HttpMethods=DELETE,Template={id:int},Order=0,Name=",ICatalogCrudService<TEntity>.DeleteAsync,IUnifiedCatalogCrudService<TEntity>.DeleteAsync,200;400;401;403;404;409;500 (ServiceResult),ADAPTABLE,COMPATIBLE,"DTO, route, verb, binding, authorization and ServiceResult mapping preserved."
